<?xml version="1.0" encoding="UTF-8"?>
<TrainingCenterDatabase
  xsi:schemaLocation="http://www.garmin.com/xmlschemas/TrainingCenterDatabase/v2 http://www.garmin.com/xmlschemas/TrainingCenterDatabasev2.xsd"
  xmlns:ns5="http://www.garmin.com/xmlschemas/ActivityGoals/v1"
  xmlns:ns3="http://www.garmin.com/xmlschemas/ActivityExtension/v2"
  xmlns:ns2="http://www.garmin.com/xmlschemas/UserProfile/v2"
  xmlns="http://www.garmin.com/xmlschemas/TrainingCenterDatabase/v2"
  xmlns:xsi="http://www.w3.org/2001/XMLSchema-instance" xmlns:ns4="http://www.garmin.com/xmlschemas/ProfileExtension/v1">
  <Activities>
    <Activity Sport="Running">
      <Id>2026-01-11T09:07:54.000Z</Id>
      <Lap StartTime="2026-01-11T09:07:54.000Z">
        <TotalTimeSeconds>377.943</TotalTimeSeconds>
        <DistanceMeters>1000.0</DistanceMeters>
        <MaximumSpeed>2.76200008392334</MaximumSpeed>
        <Calories>79</Calories>
        <AverageHeartRateBpm>
          <Value>120</Value>
        </AverageHeartRateBpm>
        <MaximumHeartRateBpm>
          <Value>133</Value>
        </MaximumHeartRateBpm>
        <Intensity>Active</Intensity>
        <TriggerMethod>Manual</TriggerMethod>
        <Track>
          <Trackpoint>
            <Time>2026-01-11T09:07:54.000Z</Time>
            <Position>
              <LatitudeDegrees>38.922512931749225</LatitudeDegrees>
              <LongitudeDegrees>-6.362823816016316</LongitudeDegrees>
            </Position>
            <AltitudeMeters>207.39999389648438</AltitudeMeters>
            <DistanceMeters>2.0899999141693115</DistanceMeters>
            <HeartRateBpm>
              <Value>66</Value>
            </HeartRateBpm>
            <Extensions>
              <ns3:TPX>
                <ns3:Speed>0.0</ns3:Speed>
                <ns3:RunCadence>0</ns3:RunCadence>
              </ns3:TPX>
            </Extensions>
          </Trackpoint>
          <Trackpoint>
            <Time>2026-01-11T09:07:58.000Z</Time>
            <Position>
              <LatitudeDegrees>38.92260454595089</LatitudeDegrees>
              <LongitudeDegrees>-6.362795736640692</LongitudeDegrees>
            </Position>
            <AltitudeMeters>207.0</AltitudeMeters>
            <DistanceMeters>2.0899999141693115</DistanceMeters>
            <HeartRateBpm>
              <Value>68</Value>
            </HeartRateBpm>
            <Extensions>
              <ns3:TPX>
                <ns3:Speed>0.6899999976158142</ns3:Speed>
                <ns3:RunCadence>55</ns3:RunCadence>
              </ns3:TPX>
            </Extensions>
          </Trackpoint>
          <Trackpoint>
            <Time>2026-01-11T09:08:03.000Z</Time>
            <Position>
              <LatitudeDegrees>38.9227301068604</LatitudeDegrees>
              <LongitudeDegrees>-6.362794730812311</LongitudeDegrees>
            </Position>
            <AltitudeMeters>206.1999969482422</AltitudeMeters>
            <DistanceMeters>16.110000610351562</DistanceMeters>
            <HeartRateBpm>
              <Value>72</Value>
            </HeartRateBpm>
            <Extensions>
              <ns3:TPX>
                <ns3:Speed>1.930999994277954</ns3:Speed>
                <ns3:RunCadence>84</ns3:RunCadence>
              </ns3:TPX>
            </Extensions>
          </Trackpoint>
          <Trackpoint>
            <Time>2026-01-11T09:08:04.000Z</Time>
            <Position>
              <LatitudeDegrees>38.92274519428611</LatitudeDegrees>
              <LongitudeDegrees>-6.3628125842660666</LongitudeDegrees>
            </Position>
            <AltitudeMeters>206.0</AltitudeMeters>
            <DistanceMeters>18.389999389648438</DistanceMeters>
            <HeartRateBpm>
              <Value>75</Value>
            </HeartRateBpm>
            <Extensions>
              <ns3:TPX>
                <ns3:Speed>2.183000087738037</ns3:Speed>
                <ns3:RunCadence>85</ns3:RunCadence>
              </ns3:TPX>
            </Extensions>
          </Trackpoint>
          <Trackpoint>
            <Time>2026-01-11T09:08:05.000Z</Time>
            <Position>
              <LatitudeDegrees>38.9227541629225</LatitudeDegrees>
              <LongitudeDegrees>-6.362830940634012</LongitudeDegrees>
            </Position>
            <AltitudeMeters>206.0</AltitudeMeters>
            <DistanceMeters>20.260000228881836</DistanceMeters>
            <HeartRateBpm>
              <Value>75</Value>
            </HeartRateBpm>
            <Extensions>
              <ns3:TPX>
                <ns3:Speed>2.2209999561309814</ns3:Speed>
                <ns3:RunCadence>85</ns3:RunCadence>
              </ns3:TPX>
            </Extensions>
          </Trackpoint>
          <Trackpoint>
            <Time>2026-01-11T09:08:06.000Z</Time>
            <Position>
              <LatitudeDegrees>38.92276296392083</LatitudeDegrees>
              <LongitudeDegrees>-6.362848291173577</LongitudeDegrees>
            </Position>
            <AltitudeMeters>206.0</AltitudeMeters>
            <DistanceMeters>22.030000686645508</DistanceMeters>
            <HeartRateBpm>
              <Value>81</Value>
            </HeartRateBpm>
            <Extensions>
              <ns3:TPX>
                <ns3:Speed>2.4260001182556152</ns3:Speed>
                <ns3:RunCadence>85</ns3:RunCadence>
              </ns3:TPX>
            </Extensions>
          </Trackpoint>
          <Trackpoint>
            <Time>2026-01-11T09:08:09.000Z</Time>
            <Position>
              <LatitudeDegrees>38.922802694141865</LatitudeDegrees>
              <LongitudeDegrees>-6.362894224002957</LongitudeDegrees>
            </Position>
            <AltitudeMeters>206.1999969482422</AltitudeMeters>
            <DistanceMeters>27.969999313354492</DistanceMeters>
            <HeartRateBpm>
              <Value>89</Value>
            </HeartRateBpm>
            <Extensions>
              <ns3:TPX>
                <ns3:Speed>2.2860000133514404</ns3:Speed>
                <ns3:RunCadence>84</ns3:RunCadence>
              </ns3:TPX>
            </Extensions>
          </Trackpoint>
          <Trackpoint>
            <Time>2026-01-11T09:08:10.000Z</Time>
            <Position>
              <LatitudeDegrees>38.92281677573919</LatitudeDegrees>
              <LongitudeDegrees>-6.362911323085427</LongitudeDegrees>
            </Position>
            <AltitudeMeters>206.1999969482422</AltitudeMeters>
            <DistanceMeters>30.1200008392334</DistanceMeters>
            <HeartRateBpm>
              <Value>89</Value>
            </HeartRateBpm>
            <Extensions>
              <ns3:TPX>
                <ns3:Speed>2.2019999027252197</ns3:Speed>
                <ns3:RunCadence>83</ns3:RunCadence>
              </ns3:TPX>
            </Extensions>
          </Trackpoint>
          <Trackpoint>
            <Time>2026-01-11T09:08:11.000Z</Time>
            <Position>
              <LatitudeDegrees>38.9228286780417</LatitudeDegrees>
              <LongitudeDegrees>-6.362930266186595</LongitudeDegrees>
            </Position>
            <AltitudeMeters>206.39999389648438</AltitudeMeters>
            <DistanceMeters>32.220001220703125</DistanceMeters>
            <HeartRateBpm>
              <Value>89</Value>
            </HeartRateBpm>
            <Extensions>
              <ns3:TPX>
                <ns3:Speed>2.127000093460083</ns3:Speed>
                <ns3:RunCadence>83</ns3:RunCadence>
              </ns3:TPX>
            </Extensions>
          </Trackpoint>
          <Trackpoint>
            <Time>2026-01-11T09:08:12.000Z</Time>
            <Position>
              <LatitudeDegrees>38.92284594476223</LatitudeDegrees>
              <LongitudeDegrees>-6.3629507180303335</LongitudeDegrees>
            </Position>
            <AltitudeMeters>206.60000610351562</AltitudeMeters>
            <DistanceMeters>34.83000183105469</DistanceMeters>
            <HeartRateBpm>
              <Value>94</Value>
            </HeartRateBpm>
            <Extensions>
              <ns3:TPX>
                <ns3:Speed>2.0899999141693115</ns3:Speed>
                <ns3:RunCadence>83</ns3:RunCadence>
              </ns3:TPX>
            </Extensions>
          </Trackpoint>
          <Trackpoint>
            <Time>2026-01-11T09:08:13.000Z</Time>
            <Position>
              <LatitudeDegrees>38.922862792387605</LatitudeDegrees>
              <LongitudeDegrees>-6.36297301389277</LongitudeDegrees>
            </Position>
            <AltitudeMeters>206.60000610351562</AltitudeMeters>
            <DistanceMeters>37.52000045776367</DistanceMeters>
            <HeartRateBpm>
              <Value>97</Value>
            </HeartRateBpm>
            <Extensions>
              <ns3:TPX>
                <ns3:Speed>2.071000099182129</ns3:Speed>
                <ns3:RunCadence>83</ns3:RunCadence>
              </ns3:TPX>
            </Extensions>
          </Trackpoint>
          <Trackpoint>
            <Time>2026-01-11T09:08:14.000Z</Time>
            <Position>
              <LatitudeDegrees>38.9228804782033</LatitudeDegrees>
              <LongitudeDegrees>-6.3629966508597136</LongitudeDegrees>
            </Position>
            <AltitudeMeters>206.8000030517578</AltitudeMeters>
            <DistanceMeters>40.349998474121094</DistanceMeters>
            <HeartRateBpm>
              <Value>97</Value>
            </HeartRateBpm>
            <Extensions>
              <ns3:TPX>
                <ns3:Speed>2.062000036239624</ns3:Speed>
                <ns3:RunCadence>85</ns3:RunCadence>
              </ns3:TPX>
            </Extensions>
          </Trackpoint>
          <Trackpoint>
            <Time>2026-01-11T09:08:16.000Z</Time>
            <Position>
              <LatitudeDegrees>38.922912161797285</LatitudeDegrees>
              <LongitudeDegrees>-6.363047361373901</LongitudeDegrees>
            </Position>
            <AltitudeMeters>207.0</AltitudeMeters>
            <DistanceMeters>45.959999084472656</DistanceMeters>
            <HeartRateBpm>
              <Value>100</Value>
            </HeartRateBpm>
            <Extensions>
              <ns3:TPX>
                <ns3:Speed>2.1549999713897705</ns3:Speed>
                <ns3:RunCadence>86</ns3:RunCadence>
              </ns3:TPX>
            </Extensions>
          </Trackpoint>
          <Trackpoint>
            <Time>2026-01-11T09:08:18.000Z</Time>
            <Position>
              <LatitudeDegrees>38.92294703051448</LatitudeDegrees>
              <LongitudeDegrees>-6.363095054402947</LongitudeDegrees>
            </Position>
            <AltitudeMeters>207.1999969482422</AltitudeMeters>
            <DistanceMeters>51.630001068115234</DistanceMeters>
            <HeartRateBpm>
              <Value>103</Value>
            </HeartRateBpm>
            <Extensions>
              <ns3:TPX>
                <ns3:Speed>2.2769999504089355</ns3:Speed>
                <ns3:RunCadence>86</ns3:RunCadence>
              </ns3:TPX>
            </Extensions>
          </Trackpoint>
          <Trackpoint>
            <Time>2026-01-11T09:08:21.000Z</Time>
            <Position>
              <LatitudeDegrees>38.922995729371905</LatitudeDegrees>
              <LongitudeDegrees>-6.363172922283411</LongitudeDegrees>
            </Position>
            <AltitudeMeters>207.39999389648438</AltitudeMeters>
            <DistanceMeters>60.279998779296875</DistanceMeters>
            <HeartRateBpm>
              <Value>106</Value>
            </HeartRateBpm>
            <Extensions>
              <ns3:TPX>
                <ns3:Speed>2.3420000076293945</ns3:Speed>
                <ns3:RunCadence>86</ns3:RunCadence>
              </ns3:TPX>
            </Extensions>
          </Trackpoint>
          <Trackpoint>
            <Time>2026-01-11T09:08:23.000Z</Time>
            <Position>
              <LatitudeDegrees>38.923028502613306</LatitudeDegrees>
              <LongitudeDegrees>-6.363224303349853</LongitudeDegrees>
            </Position>
            <AltitudeMeters>207.60000610351562</AltitudeMeters>
            <DistanceMeters>66.04000091552734</DistanceMeters>
            <HeartRateBpm>
              <Value>106</Value>
            </HeartRateBpm>
            <Extensions>
              <ns3:TPX>
                <ns3:Speed>2.3980000019073486</ns3:Speed>
                <ns3:RunCadence>85</ns3:RunCadence>
              </ns3:TPX>
            </Extensions>
          </Trackpoint>
          <Trackpoint>
            <Time>2026-01-11T09:08:28.000Z</Time>
            <Position>
              <LatitudeDegrees>38.92310100607574</LatitudeDegrees>
              <LongitudeDegrees>-6.363354558125138</LongitudeDegrees>
            </Position>
            <AltitudeMeters>208.0</AltitudeMeters>
            <DistanceMeters>79.93000030517578</DistanceMeters>
            <HeartRateBpm>
              <Value>109</Value>
            </HeartRateBpm>
            <Extensions>
              <ns3:TPX>
                <ns3:Speed>2.5940001010894775</ns3:Speed>
                <ns3:RunCadence>84</ns3:RunCadence>
              </ns3:TPX>
            </Extensions>
          </Trackpoint>
          <Trackpoint>
            <Time>2026-01-11T09:08:31.000Z</Time>
            <Position>
              <LatitudeDegrees>38.92315096221864</LatitudeDegrees>
              <LongitudeDegrees>-6.36342890560627</LongitudeDegrees>
            </Position>
            <AltitudeMeters>208.1999969482422</AltitudeMeters>
            <DistanceMeters>88.44000244140625</DistanceMeters>
            <HeartRateBpm>
              <Value>112</Value>
            </HeartRateBpm>
            <Extensions>
              <ns3:TPX>
                <ns3:Speed>2.687000036239624</ns3:Speed>
                <ns3:RunCadence>84</ns3:RunCadence>
              </ns3:TPX>
            </Extensions>
          </Trackpoint>
          <Trackpoint>
            <Time>2026-01-11T09:08:32.000Z</Time>
            <Position>
              <LatitudeDegrees>38.92316797748208</LatitudeDegrees>
              <LongitudeDegrees>-6.36345237493515</LongitudeDegrees>
            </Position>
            <AltitudeMeters>208.1999969482422</AltitudeMeters>
            <DistanceMeters>91.22000122070312</DistanceMeters>
            <HeartRateBpm>
              <Value>112</Value>
            </HeartRateBpm>
            <Extensions>
              <ns3:TPX>
                <ns3:Speed>2.7249999046325684</ns3:Speed>
                <ns3:RunCadence>85</ns3:RunCadence>
              </ns3:TPX>
            </Extensions>
          </Trackpoint>
          <Trackpoint>
            <Time>2026-01-11T09:08:37.000Z</Time>
            <Position>
              <LatitudeDegrees>38.923236122354865</LatitudeDegrees>
              <LongitudeDegrees>-6.363575169816613</LongitudeDegrees>
            </Position>
            <AltitudeMeters>208.60000610351562</AltitudeMeters>
            <DistanceMeters>104.30999755859375</DistanceMeters>
            <HeartRateBpm>
              <Value>115</Value>
            </HeartRateBpm>
            <Extensions>
              <ns3:TPX>
                <ns3:Speed>2.76200008392334</ns3:Speed>
                <ns3:RunCadence>84</ns3:RunCadence>
              </ns3:TPX>
            </Extensions>
          </Trackpoint>
          <Trackpoint>
            <Time>2026-01-11T09:08:44.000Z</Time>
            <Position>
              <LatitudeDegrees>38.923341231420636</LatitudeDegrees>
              <LongitudeDegrees>-6.36375387199223</LongitudeDegrees>
            </Position>
            <AltitudeMeters>209.0</AltitudeMeters>
            <DistanceMeters>123.7300033569336</DistanceMeters>
            <HeartRateBpm>
              <Value>117</Value>
            </HeartRateBpm>
            <Extensions>
              <ns3:TPX>
                <ns3:Speed>2.7339999675750732</ns3:Speed>
                <ns3:RunCadence>85</ns3:RunCadence>
              </ns3:TPX>
            </Extensions>
          </Trackpoint>
          <Trackpoint>
            <Time>2026-01-11T09:08:52.000Z</Time>
            <Position>
              <LatitudeDegrees>38.92345589585602</LatitudeDegrees>
              <LongitudeDegrees>-6.36397029273212</LongitudeDegrees>
            </Position>
            <AltitudeMeters>209.8000030517578</AltitudeMeters>
            <DistanceMeters>146.44000244140625</DistanceMeters>
            <HeartRateBpm>
              <Value>117</Value>
            </HeartRateBpm>
            <Extensions>
              <ns3:TPX>
                <ns3:Speed>2.7339999675750732</ns3:Speed>
                <ns3:RunCadence>84</ns3:RunCadence>
              </ns3:TPX>
            </Extensions>
          </Trackpoint>
          <Trackpoint>
            <Time>2026-01-11T09:08:53.000Z</Time>
            <Position>
              <LatitudeDegrees>38.92347073182464</LatitudeDegrees>
              <LongitudeDegrees>-6.363997617736459</LongitudeDegrees>
            </Position>
            <AltitudeMeters>209.8000030517578</AltitudeMeters>
            <DistanceMeters>149.3300018310547</DistanceMeters>
            <HeartRateBpm>
              <Value>117</Value>
            </HeartRateBpm>
            <Extensions>
              <ns3:TPX>
                <ns3:Speed>2.7339999675750732</ns3:Speed>
                <ns3:RunCadence>85</ns3:RunCadence>
              </ns3:TPX>
            </Extensions>
          </Trackpoint>
          <Trackpoint>
            <Time>2026-01-11T09:09:00.000Z</Time>
            <Position>
              <LatitudeDegrees>38.92357969656587</LatitudeDegrees>
              <LongitudeDegrees>-6.364189395681024</LongitudeDegrees>
            </Position>
            <AltitudeMeters>209.8000030517578</AltitudeMeters>
            <DistanceMeters>169.9199981689453</DistanceMeters>
            <HeartRateBpm>
              <Value>120</Value>
            </HeartRateBpm>
            <Extensions>
              <ns3:TPX>
                <ns3:Speed>2.743000030517578</ns3:Speed>
                <ns3:RunCadence>85</ns3:RunCadence>
              </ns3:TPX>
            </Extensions>
          </Trackpoint>
          <Trackpoint>
            <Time>2026-01-11T09:09:03.000Z</Time>
            <Position>
              <LatitudeDegrees>38.92362294718623</LatitudeDegrees>
              <LongitudeDegrees>-6.364270867779851</LongitudeDegrees>
            </Position>
            <AltitudeMeters>209.60000610351562</AltitudeMeters>
            <DistanceMeters>178.47000122070312</DistanceMeters>
            <HeartRateBpm>
              <Value>121</Value>
            </HeartRateBpm>
            <Extensions>
              <ns3:TPX>
                <ns3:Speed>2.743000030517578</ns3:Speed>
                <ns3:RunCadence>84</ns3:RunCadence>
              </ns3:TPX>
            </Extensions>
          </Trackpoint>
          <Trackpoint>
            <Time>2026-01-11T09:09:11.000Z</Time>
            <Position>
              <LatitudeDegrees>38.923730151727796</LatitudeDegrees>
              <LongitudeDegrees>-6.364478236064315</LongitudeDegrees>
            </Position>
            <AltitudeMeters>209.1999969482422</AltitudeMeters>
            <DistanceMeters>200.11000061035156</DistanceMeters>
            <HeartRateBpm>
              <Value>122</Value>
            </HeartRateBpm>
            <Extensions>
              <ns3:TPX>
                <ns3:Speed>2.76200008392334</ns3:Speed>
                <ns3:RunCadence>84</ns3:RunCadence>
              </ns3:TPX>
            </Extensions>
          </Trackpoint>
          <Trackpoint>
            <Time>2026-01-11T09:09:19.000Z</Time>
            <Position>
              <LatitudeDegrees>38.923842972144485</LatitudeDegrees>
              <LongitudeDegrees>-6.364676970988512</LongitudeDegrees>
            </Position>
            <AltitudeMeters>209.1999969482422</AltitudeMeters>
            <DistanceMeters>221.4199981689453</DistanceMeters>
            <HeartRateBpm>
              <Value>120</Value>
            </HeartRateBpm>
            <Extensions>
              <ns3:TPX>
                <ns3:Speed>2.753000020980835</ns3:Speed>
                <ns3:RunCadence>85</ns3:RunCadence>
              </ns3:TPX>
            </Extensions>
          </Trackpoint>
          <Trackpoint>
            <Time>2026-01-11T09:09:20.000Z</Time>
            <Position>
              <LatitudeDegrees>38.92385554499924</LatitudeDegrees>
              <LongitudeDegrees>-6.364701697602868</LongitudeDegrees>
            </Position>
            <AltitudeMeters>209.1999969482422</AltitudeMeters>
            <DistanceMeters>223.97000122070312</DistanceMeters>
            <HeartRateBpm>
              <Value>120</Value>
            </HeartRateBpm>
            <Extensions>
              <ns3:TPX>
                <ns3:Speed>2.753000020980835</ns3:Speed>
                <ns3:RunCadence>85</ns3:RunCadence>
              </ns3:TPX>
            </Extensions>
          </Trackpoint>
          <Trackpoint>
            <Time>2026-01-11T09:09:25.000Z</Time>
            <Position>
              <LatitudeDegrees>38.923922684043646</LatitudeDegrees>
              <LongitudeDegrees>-6.364814434200525</LongitudeDegrees>
            </Position>
            <AltitudeMeters>209.1999969482422</AltitudeMeters>
            <DistanceMeters>236.25</DistanceMeters>
            <HeartRateBpm>
              <Value>123</Value>
            </HeartRateBpm>
            <Extensions>
              <ns3:TPX>
                <ns3:Speed>2.7339999675750732</ns3:Speed>
                <ns3:RunCadence>84</ns3:RunCadence>
              </ns3:TPX>
            </Extensions>
          </Trackpoint>
          <Trackpoint>
            <Time>2026-01-11T09:09:29.000Z</Time>
            <Position>
              <LatitudeDegrees>38.92397364601493</LatitudeDegrees>
              <LongitudeDegrees>-6.364901689812541</LongitudeDegrees>
            </Position>
            <AltitudeMeters>208.39999389648438</AltitudeMeters>
            <DistanceMeters>245.69000244140625</DistanceMeters>
            <HeartRateBpm>
              <Value>123</Value>
            </HeartRateBpm>
            <Extensions>
              <ns3:TPX>
                <ns3:Speed>2.7339999675750732</ns3:Speed>
                <ns3:RunCadence>85</ns3:RunCadence>
              </ns3:TPX>
            </Extensions>
          </Trackpoint>
          <Trackpoint>
            <Time>2026-01-11T09:09:38.000Z</Time>
            <Position>
              <LatitudeDegrees>38.9240961894393</LatitudeDegrees>
              <LongitudeDegrees>-6.365106962621212</LongitudeDegrees>
            </Position>
            <AltitudeMeters>209.0</AltitudeMeters>
            <DistanceMeters>268.1099853515625</DistanceMeters>
            <HeartRateBpm>
              <Value>121</Value>
            </HeartRateBpm>
            <Extensions>
              <ns3:TPX>
                <ns3:Speed>2.6689999103546143</ns3:Speed>
                <ns3:RunCadence>85</ns3:RunCadence>
              </ns3:TPX>
            </Extensions>
          </Trackpoint>
          <Trackpoint>
            <Time>2026-01-11T09:09:41.000Z</Time>
            <Position>
              <LatitudeDegrees>38.92413659021258</LatitudeDegrees>
              <LongitudeDegrees>-6.3651760295033455</LongitudeDegrees>
            </Position>
            <AltitudeMeters>209.39999389648438</AltitudeMeters>
            <DistanceMeters>275.5899963378906</DistanceMeters>
            <HeartRateBpm>
              <Value>120</Value>
            </HeartRateBpm>
            <Extensions>
              <ns3:TPX>
                <ns3:Speed>2.6500000953674316</ns3:Speed>
                <ns3:RunCadence>86</ns3:RunCadence>
              </ns3:TPX>
            </Extensions>
          </Trackpoint>
          <Trackpoint>
            <Time>2026-01-11T09:09:46.000Z</Time>
            <Position>
              <LatitudeDegrees>38.92419987358153</LatitudeDegrees>
              <LongitudeDegrees>-6.365294633433223</LongitudeDegrees>
            </Position>
            <AltitudeMeters>209.60000610351562</AltitudeMeters>
            <DistanceMeters>288.0400085449219</DistanceMeters>
            <HeartRateBpm>
              <Value>117</Value>
            </HeartRateBpm>
            <Extensions>
              <ns3:TPX>
                <ns3:Speed>2.6410000324249268</ns3:Speed>
                <ns3:RunCadence>84</ns3:RunCadence>
              </ns3:TPX>
            </Extensions>
          </Trackpoint>
          <Trackpoint>
            <Time>2026-01-11T09:09:52.000Z</Time>
            <Position>
              <LatitudeDegrees>38.924269108101726</LatitudeDegrees>
              <LongitudeDegrees>-6.365432934835553</LongitudeDegrees>
            </Position>
            <AltitudeMeters>210.39999389648438</AltitudeMeters>
            <DistanceMeters>302.2900085449219</DistanceMeters>
            <HeartRateBpm>
              <Value>117</Value>
            </HeartRateBpm>
            <Extensions>
              <ns3:TPX>
                <ns3:Speed>2.6029999256134033</ns3:Speed>
                <ns3:RunCadence>85</ns3:RunCadence>
              </ns3:TPX>
            </Extensions>
          </Trackpoint>
          <Trackpoint>
            <Time>2026-01-11T09:10:00.000Z</Time>
            <Position>
              <LatitudeDegrees>38.924372624605894</LatitudeDegrees>
              <LongitudeDegrees>-6.365623455494642</LongitudeDegrees>
            </Position>
            <AltitudeMeters>211.39999389648438</AltitudeMeters>
            <DistanceMeters>322.45001220703125</DistanceMeters>
            <HeartRateBpm>
              <Value>117</Value>
            </HeartRateBpm>
            <Extensions>
              <ns3:TPX>
                <ns3:Speed>2.565999984741211</ns3:Speed>
                <ns3:RunCadence>83</ns3:RunCadence>
              </ns3:TPX>
            </Extensions>
          </Trackpoint>
          <Trackpoint>
            <Time>2026-01-11T09:10:08.000Z</Time>
            <Position>
              <LatitudeDegrees>38.92448854632676</LatitudeDegrees>
              <LongitudeDegrees>-6.365820346400142</LongitudeDegrees>
            </Position>
            <AltitudeMeters>212.39999389648438</AltitudeMeters>
            <DistanceMeters>343.8399963378906</DistanceMeters>
            <HeartRateBpm>
              <Value>119</Value>
            </HeartRateBpm>
            <Extensions>
              <ns3:TPX>
                <ns3:Speed>2.546999931335449</ns3:Speed>
                <ns3:RunCadence>83</ns3:RunCadence>
              </ns3:TPX>
            </Extensions>
          </Trackpoint>
          <Trackpoint>
            <Time>2026-01-11T09:10:10.000Z</Time>
            <Position>
              <LatitudeDegrees>38.92451277002692</LatitudeDegrees>
              <LongitudeDegrees>-6.365868877619505</LongitudeDegrees>
            </Position>
            <AltitudeMeters>212.39999389648438</AltitudeMeters>
            <DistanceMeters>348.8299865722656</DistanceMeters>
            <HeartRateBpm>
              <Value>120</Value>
            </HeartRateBpm>
            <Extensions>
              <ns3:TPX>
                <ns3:Speed>2.546999931335449</ns3:Speed>
                <ns3:RunCadence>84</ns3:RunCadence>
              </ns3:TPX>
            </Extensions>
          </Trackpoint>
          <Trackpoint>
            <Time>2026-01-11T09:10:18.000Z</Time>
            <Position>
              <LatitudeDegrees>38.92460103146732</LatitudeDegrees>
              <LongitudeDegrees>-6.366076078265905</LongitudeDegrees>
            </Position>
            <AltitudeMeters>211.8000030517578</AltitudeMeters>
            <DistanceMeters>369.57000732421875</DistanceMeters>
            <HeartRateBpm>
              <Value>123</Value>
            </HeartRateBpm>
            <Extensions>
              <ns3:TPX>
                <ns3:Speed>2.546999931335449</ns3:Speed>
                <ns3:RunCadence>84</ns3:RunCadence>
              </ns3:TPX>
            </Extensions>
          </Trackpoint>
          <Trackpoint>
            <Time>2026-01-11T09:10:25.000Z</Time>
            <Position>
              <LatitudeDegrees>38.92459969036281</LatitudeDegrees>
              <LongitudeDegrees>-6.366291241720319</LongitudeDegrees>
            </Position>
            <AltitudeMeters>212.60000610351562</AltitudeMeters>
            <DistanceMeters>388.29998779296875</DistanceMeters>
            <HeartRateBpm>
              <Value>123</Value>
            </HeartRateBpm>
            <Extensions>
              <ns3:TPX>
                <ns3:Speed>2.546999931335449</ns3:Speed>
                <ns3:RunCadence>84</ns3:RunCadence>
              </ns3:TPX>
            </Extensions>
          </Trackpoint>
          <Trackpoint>
            <Time>2026-01-11T09:10:32.000Z</Time>
            <Position>
              <LatitudeDegrees>38.92464461736381</LatitudeDegrees>
              <LongitudeDegrees>-6.366484444588423</LongitudeDegrees>
            </Position>
            <AltitudeMeters>213.60000610351562</AltitudeMeters>
            <DistanceMeters>406.4700012207031</DistanceMeters>
            <HeartRateBpm>
              <Value>123</Value>
            </HeartRateBpm>
            <Extensions>
              <ns3:TPX>
                <ns3:Speed>2.556999921798706</ns3:Speed>
                <ns3:RunCadence>84</ns3:RunCadence>
              </ns3:TPX>
            </Extensions>
          </Trackpoint>
          <Trackpoint>
            <Time>2026-01-11T09:10:38.000Z</Time>
            <Position>
              <LatitudeDegrees>38.92475877888501</LatitudeDegrees>
              <LongitudeDegrees>-6.366584608331323</LongitudeDegrees>
            </Position>
            <AltitudeMeters>214.0</AltitudeMeters>
            <DistanceMeters>422.19000244140625</DistanceMeters>
            <HeartRateBpm>
              <Value>122</Value>
            </HeartRateBpm>
            <Extensions>
              <ns3:TPX>
                <ns3:Speed>2.565999984741211</ns3:Speed>
                <ns3:RunCadence>80</ns3:RunCadence>
              </ns3:TPX>
            </Extensions>
          </Trackpoint>
          <Trackpoint>
            <Time>2026-01-11T09:10:46.000Z</Time>
            <Position>
              <LatitudeDegrees>38.92493429593742</LatitudeDegrees>
              <LongitudeDegrees>-6.366658955812454</LongitudeDegrees>
            </Position>
            <AltitudeMeters>213.60000610351562</AltitudeMeters>
            <DistanceMeters>442.9700012207031</DistanceMeters>
            <HeartRateBpm>
              <Value>120</Value>
            </HeartRateBpm>
            <Extensions>
              <ns3:TPX>
                <ns3:Speed>2.546999931335449</ns3:Speed>
                <ns3:RunCadence>83</ns3:RunCadence>
              </ns3:TPX>
            </Extensions>
          </Trackpoint>
          <Trackpoint>
            <Time>2026-01-11T09:10:47.000Z</Time>
            <Position>
              <LatitudeDegrees>38.92495055682957</LatitudeDegrees>
              <LongitudeDegrees>-6.366678820922971</LongitudeDegrees>
            </Position>
            <AltitudeMeters>213.60000610351562</AltitudeMeters>
            <DistanceMeters>445.4700012207031</DistanceMeters>
            <HeartRateBpm>
              <Value>120</Value>
            </HeartRateBpm>
            <Extensions>
              <ns3:TPX>
                <ns3:Speed>2.5380001068115234</ns3:Speed>
                <ns3:RunCadence>84</ns3:RunCadence>
              </ns3:TPX>
            </Extensions>
          </Trackpoint>
          <Trackpoint>
            <Time>2026-01-11T09:10:54.000Z</Time>
            <Position>
              <LatitudeDegrees>38.9250423386693</LatitudeDegrees>
              <LongitudeDegrees>-6.366842100396752</LongitudeDegrees>
            </Position>
            <AltitudeMeters>213.60000610351562</AltitudeMeters>
            <DistanceMeters>462.95001220703125</DistanceMeters>
            <HeartRateBpm>
              <Value>120</Value>
            </HeartRateBpm>
            <Extensions>
              <ns3:TPX>
                <ns3:Speed>2.5290000438690186</ns3:Speed>
                <ns3:RunCadence>83</ns3:RunCadence>
              </ns3:TPX>
            </Extensions>
          </Trackpoint>
          <Trackpoint>
            <Time>2026-01-11T09:11:02.000Z</Time>
            <Position>
              <LatitudeDegrees>38.925148621201515</LatitudeDegrees>
              <LongitudeDegrees>-6.367035051807761</LongitudeDegrees>
            </Position>
            <AltitudeMeters>213.1999969482422</AltitudeMeters>
            <DistanceMeters>483.4599914550781</DistanceMeters>
            <HeartRateBpm>
              <Value>120</Value>
            </HeartRateBpm>
            <Extensions>
              <ns3:TPX>
                <ns3:Speed>2.5290000438690186</ns3:Speed>
                <ns3:RunCadence>82</ns3:RunCadence>
              </ns3:TPX>
            </Extensions>
          </Trackpoint>
          <Trackpoint>
            <Time>2026-01-11T09:11:04.000Z</Time>
            <Position>
              <LatitudeDegrees>38.92517770640552</LatitudeDegrees>
              <LongitudeDegrees>-6.367082158103585</LongitudeDegrees>
            </Position>
            <AltitudeMeters>213.0</AltitudeMeters>
            <DistanceMeters>488.6700134277344</DistanceMeters>
            <HeartRateBpm>
              <Value>120</Value>
            </HeartRateBpm>
            <Extensions>
              <ns3:TPX>
                <ns3:Speed>2.5290000438690186</ns3:Speed>
                <ns3:RunCadence>82</ns3:RunCadence>
              </ns3:TPX>
            </Extensions>
          </Trackpoint>
          <Trackpoint>
            <Time>2026-01-11T09:11:11.000Z</Time>
            <Position>
              <LatitudeDegrees>38.9252807199955</LatitudeDegrees>
              <LongitudeDegrees>-6.367252226918936</LongitudeDegrees>
            </Position>
            <AltitudeMeters>211.0</AltitudeMeters>
            <DistanceMeters>507.3399963378906</DistanceMeters>
            <HeartRateBpm>
              <Value>121</Value>
            </HeartRateBpm>
            <Extensions>
              <ns3:TPX>
                <ns3:Speed>2.5190000534057617</ns3:Speed>
                <ns3:RunCadence>83</ns3:RunCadence>
              </ns3:TPX>
            </Extensions>
          </Trackpoint>
          <Trackpoint>
            <Time>2026-01-11T09:11:19.000Z</Time>
            <Position>
              <LatitudeDegrees>38.92540007829666</LatitudeDegrees>
              <LongitudeDegrees>-6.367446938529611</LongitudeDegrees>
            </Position>
            <AltitudeMeters>210.8000030517578</AltitudeMeters>
            <DistanceMeters>528.8300170898438</DistanceMeters>
            <HeartRateBpm>
              <Value>120</Value>
            </HeartRateBpm>
            <Extensions>
              <ns3:TPX>
                <ns3:Speed>2.5290000438690186</ns3:Speed>
                <ns3:RunCadence>83</ns3:RunCadence>
              </ns3:TPX>
            </Extensions>
          </Trackpoint>
          <Trackpoint>
            <Time>2026-01-11T09:11:21.000Z</Time>
            <Position>
              <LatitudeDegrees>38.925429582595825</LatitudeDegrees>
              <LongitudeDegrees>-6.367496559396386</LongitudeDegrees>
            </Position>
            <AltitudeMeters>210.60000610351562</AltitudeMeters>
            <DistanceMeters>534.22998046875</DistanceMeters>
            <HeartRateBpm>
              <Value>121</Value>
            </HeartRateBpm>
            <Extensions>
              <ns3:TPX>
                <ns3:Speed>2.5290000438690186</ns3:Speed>
                <ns3:RunCadence>84</ns3:RunCadence>
              </ns3:TPX>
            </Extensions>
          </Trackpoint>
          <Trackpoint>
            <Time>2026-01-11T09:11:29.000Z</Time>
            <Position>
              <LatitudeDegrees>38.92554424703121</LatitudeDegrees>
              <LongitudeDegrees>-6.367702586576343</LongitudeDegrees>
            </Position>
            <AltitudeMeters>209.8000030517578</AltitudeMeters>
            <DistanceMeters>556.1799926757812</DistanceMeters>
            <HeartRateBpm>
              <Value>124</Value>
            </HeartRateBpm>
            <Extensions>
              <ns3:TPX>
                <ns3:Speed>2.546999931335449</ns3:Speed>
                <ns3:RunCadence>84</ns3:RunCadence>
              </ns3:TPX>
            </Extensions>
          </Trackpoint>
          <Trackpoint>
            <Time>2026-01-11T09:11:37.000Z</Time>
            <Position>
              <LatitudeDegrees>38.92565052956343</LatitudeDegrees>
              <LongitudeDegrees>-6.367911463603377</LongitudeDegrees>
            </Position>
            <AltitudeMeters>209.8000030517578</AltitudeMeters>
            <DistanceMeters>577.7999877929688</DistanceMeters>
            <HeartRateBpm>
              <Value>124</Value>
            </HeartRateBpm>
            <Extensions>
              <ns3:TPX>
                <ns3:Speed>2.556999921798706</ns3:Speed>
                <ns3:RunCadence>82</ns3:RunCadence>
              </ns3:TPX>
            </Extensions>
          </Trackpoint>
          <Trackpoint>
            <Time>2026-01-11T09:11:39.000Z</Time>
            <Position>
              <LatitudeDegrees>38.925674837082624</LatitudeDegrees>
              <LongitudeDegrees>-6.36795655824244</LongitudeDegrees>
            </Position>
            <AltitudeMeters>209.8000030517578</AltitudeMeters>
            <DistanceMeters>582.5399780273438</DistanceMeters>
            <HeartRateBpm>
              <Value>123</Value>
            </HeartRateBpm>
            <Extensions>
              <ns3:TPX>
                <ns3:Speed>2.556999921798706</ns3:Speed>
                <ns3:RunCadence>82</ns3:RunCadence>
              </ns3:TPX>
            </Extensions>
          </Trackpoint>
          <Trackpoint>
            <Time>2026-01-11T09:11:47.000Z</Time>
            <Position>
              <LatitudeDegrees>38.92579126171768</LatitudeDegrees>
              <LongitudeDegrees>-6.368137858808041</LongitudeDegrees>
            </Position>
            <AltitudeMeters>210.0</AltitudeMeters>
            <DistanceMeters>602.9199829101562</DistanceMeters>
            <HeartRateBpm>
              <Value>121</Value>
            </HeartRateBpm>
            <Extensions>
              <ns3:TPX>
                <ns3:Speed>2.565999984741211</ns3:Speed>
                <ns3:RunCadence>82</ns3:RunCadence>
              </ns3:TPX>
            </Extensions>
          </Trackpoint>
          <Trackpoint>
            <Time>2026-01-11T09:11:49.000Z</Time>
            <Position>
              <LatitudeDegrees>38.925818586722016</LatitudeDegrees>
              <LongitudeDegrees>-6.368181696161628</LongitudeDegrees>
            </Position>
            <AltitudeMeters>210.0</AltitudeMeters>
            <DistanceMeters>607.77001953125</DistanceMeters>
            <HeartRateBpm>
              <Value>120</Value>
            </HeartRateBpm>
            <Extensions>
              <ns3:TPX>
                <ns3:Speed>2.565999984741211</ns3:Speed>
                <ns3:RunCadence>82</ns3:RunCadence>
              </ns3:TPX>
            </Extensions>
          </Trackpoint>
          <Trackpoint>
            <Time>2026-01-11T09:11:52.000Z</Time>
            <Position>
              <LatitudeDegrees>38.925852701067924</LatitudeDegrees>
              <LongitudeDegrees>-6.368255540728569</LongitudeDegrees>
            </Position>
            <AltitudeMeters>209.8000030517578</AltitudeMeters>
            <DistanceMeters>615.1900024414062</DistanceMeters>
            <HeartRateBpm>
              <Value>116</Value>
            </HeartRateBpm>
            <Extensions>
              <ns3:TPX>
                <ns3:Speed>2.556999921798706</ns3:Speed>
                <ns3:RunCadence>82</ns3:RunCadence>
              </ns3:TPX>
            </Extensions>
          </Trackpoint>
          <Trackpoint>
            <Time>2026-01-11T09:11:55.000Z</Time>
            <Position>
              <LatitudeDegrees>38.925889916718006</LatitudeDegrees>
              <LongitudeDegrees>-6.368330055847764</LongitudeDegrees>
            </Position>
            <AltitudeMeters>209.60000610351562</AltitudeMeters>
            <DistanceMeters>622.8599853515625</DistanceMeters>
            <HeartRateBpm>
              <Value>120</Value>
            </HeartRateBpm>
            <Extensions>
              <ns3:TPX>
                <ns3:Speed>2.546999931335449</ns3:Speed>
                <ns3:RunCadence>82</ns3:RunCadence>
              </ns3:TPX>
            </Extensions>
          </Trackpoint>
          <Trackpoint>
            <Time>2026-01-11T09:12:00.000Z</Time>
            <Position>
              <LatitudeDegrees>38.925952445715666</LatitudeDegrees>
              <LongitudeDegrees>-6.36845201253891</LongitudeDegrees>
            </Position>
            <AltitudeMeters>209.0</AltitudeMeters>
            <DistanceMeters>635.510009765625</DistanceMeters>
            <HeartRateBpm>
              <Value>120</Value>
            </HeartRateBpm>
            <Extensions>
              <ns3:TPX>
                <ns3:Speed>2.546999931335449</ns3:Speed>
                <ns3:RunCadence>82</ns3:RunCadence>
              </ns3:TPX>
            </Extensions>
          </Trackpoint>
          <Trackpoint>
            <Time>2026-01-11T09:12:08.000Z</Time>
            <Position>
              <LatitudeDegrees>38.926064344123006</LatitudeDegrees>
              <LongitudeDegrees>-6.368662230670452</LongitudeDegrees>
            </Position>
            <AltitudeMeters>208.8000030517578</AltitudeMeters>
            <DistanceMeters>657.5800170898438</DistanceMeters>
            <HeartRateBpm>
              <Value>118</Value>
            </HeartRateBpm>
            <Extensions>
              <ns3:TPX>
                <ns3:Speed>2.546999931335449</ns3:Speed>
                <ns3:RunCadence>81</ns3:RunCadence>
              </ns3:TPX>
            </Extensions>
          </Trackpoint>
          <Trackpoint>
            <Time>2026-01-11T09:12:09.000Z</Time>
            <Position>
              <LatitudeDegrees>38.926080856472254</LatitudeDegrees>
              <LongitudeDegrees>-6.36868704110384</LongitudeDegrees>
            </Position>
            <AltitudeMeters>208.8000030517578</AltitudeMeters>
            <DistanceMeters>660.4099731445312</DistanceMeters>
            <HeartRateBpm>
              <Value>121</Value>
            </HeartRateBpm>
            <Extensions>
              <ns3:TPX>
                <ns3:Speed>2.546999931335449</ns3:Speed>
                <ns3:RunCadence>81</ns3:RunCadence>
              </ns3:TPX>
            </Extensions>
          </Trackpoint>
          <Trackpoint>
            <Time>2026-01-11T09:12:17.000Z</Time>
            <Position>
              <LatitudeDegrees>38.92618604935706</LatitudeDegrees>
              <LongitudeDegrees>-6.368905054405332</LongitudeDegrees>
            </Position>
            <AltitudeMeters>209.8000030517578</AltitudeMeters>
            <DistanceMeters>682.6799926757812</DistanceMeters>
            <HeartRateBpm>
              <Value>121</Value>
            </HeartRateBpm>
            <Extensions>
              <ns3:TPX>
                <ns3:Speed>2.575000047683716</ns3:Speed>
                <ns3:RunCadence>81</ns3:RunCadence>
              </ns3:TPX>
            </Extensions>
          </Trackpoint>
          <Trackpoint>
            <Time>2026-01-11T09:12:25.000Z</Time>
            <Position>
              <LatitudeDegrees>38.926274394616485</LatitudeDegrees>
              <LongitudeDegrees>-6.369124660268426</LongitudeDegrees>
            </Position>
            <AltitudeMeters>210.60000610351562</AltitudeMeters>
            <DistanceMeters>704.0900268554688</DistanceMeters>
            <HeartRateBpm>
              <Value>122</Value>
            </HeartRateBpm>
            <Extensions>
              <ns3:TPX>
                <ns3:Speed>2.6029999256134033</ns3:Speed>
                <ns3:RunCadence>82</ns3:RunCadence>
              </ns3:TPX>
            </Extensions>
          </Trackpoint>
          <Trackpoint>
            <Time>2026-01-11T09:12:26.000Z</Time>
            <Position>
              <LatitudeDegrees>38.92628294415772</LatitudeDegrees>
              <LongitudeDegrees>-6.369152739644051</LongitudeDegrees>
            </Position>
            <AltitudeMeters>210.8000030517578</AltitudeMeters>
            <DistanceMeters>706.7000122070312</DistanceMeters>
            <HeartRateBpm>
              <Value>122</Value>
            </HeartRateBpm>
            <Extensions>
              <ns3:TPX>
                <ns3:Speed>2.6029999256134033</ns3:Speed>
                <ns3:RunCadence>82</ns3:RunCadence>
              </ns3:TPX>
            </Extensions>
          </Trackpoint>
          <Trackpoint>
            <Time>2026-01-11T09:12:28.000Z</Time>
            <Position>
              <LatitudeDegrees>38.92630440182984</LatitudeDegrees>
              <LongitudeDegrees>-6.369207389652729</LongitudeDegrees>
            </Position>
            <AltitudeMeters>211.0</AltitudeMeters>
            <DistanceMeters>711.989990234375</DistanceMeters>
            <HeartRateBpm>
              <Value>126</Value>
            </HeartRateBpm>
            <Extensions>
              <ns3:TPX>
                <ns3:Speed>2.61299991607666</ns3:Speed>
                <ns3:RunCadence>83</ns3:RunCadence>
              </ns3:TPX>
            </Extensions>
          </Trackpoint>
          <Trackpoint>
            <Time>2026-01-11T09:12:30.000Z</Time>
            <Position>
              <LatitudeDegrees>38.926321836188436</LatitudeDegrees>
              <LongitudeDegrees>-6.369259441271424</LongitudeDegrees>
            </Position>
            <AltitudeMeters>211.1999969482422</AltitudeMeters>
            <DistanceMeters>716.9099731445312</DistanceMeters>
            <HeartRateBpm>
              <Value>122</Value>
            </HeartRateBpm>
            <Extensions>
              <ns3:TPX>
                <ns3:Speed>2.61299991607666</ns3:Speed>
                <ns3:RunCadence>83</ns3:RunCadence>
              </ns3:TPX>
            </Extensions>
          </Trackpoint>
          <Trackpoint>
            <Time>2026-01-11T09:12:34.000Z</Time>
            <Position>
              <LatitudeDegrees>38.92636558972299</LatitudeDegrees>
              <LongitudeDegrees>-6.369376536458731</LongitudeDegrees>
            </Position>
            <AltitudeMeters>211.39999389648438</AltitudeMeters>
            <DistanceMeters>728.1699829101562</DistanceMeters>
            <HeartRateBpm>
              <Value>121</Value>
            </HeartRateBpm>
            <Extensions>
              <ns3:TPX>
                <ns3:Speed>2.61299991607666</ns3:Speed>
                <ns3:RunCadence>82</ns3:RunCadence>
              </ns3:TPX>
            </Extensions>
          </Trackpoint>
          <Trackpoint>
            <Time>2026-01-11T09:12:39.000Z</Time>
            <Position>
              <LatitudeDegrees>38.92642811872065</LatitudeDegrees>
              <LongitudeDegrees>-6.369507294148207</LongitudeDegrees>
            </Position>
            <AltitudeMeters>211.1999969482422</AltitudeMeters>
            <DistanceMeters>741.510009765625</DistanceMeters>
            <HeartRateBpm>
              <Value>123</Value>
            </HeartRateBpm>
            <Extensions>
              <ns3:TPX>
                <ns3:Speed>2.621999979019165</ns3:Speed>
                <ns3:RunCadence>84</ns3:RunCadence>
              </ns3:TPX>
            </Extensions>
          </Trackpoint>
          <Trackpoint>
            <Time>2026-01-11T09:12:44.000Z</Time>
            <Position>
              <LatitudeDegrees>38.926487462595105</LatitudeDegrees>
              <LongitudeDegrees>-6.369652971625328</LongitudeDegrees>
            </Position>
            <AltitudeMeters>210.1999969482422</AltitudeMeters>
            <DistanceMeters>755.969970703125</DistanceMeters>
            <HeartRateBpm>
              <Value>124</Value>
            </HeartRateBpm>
            <Extensions>
              <ns3:TPX>
                <ns3:Speed>2.63100004196167</ns3:Speed>
                <ns3:RunCadence>84</ns3:RunCadence>
              </ns3:TPX>
            </Extensions>
          </Trackpoint>
          <Trackpoint>
            <Time>2026-01-11T09:12:52.000Z</Time>
            <Position>
              <LatitudeDegrees>38.92655812203884</LatitudeDegrees>
              <LongitudeDegrees>-6.369885904714465</LongitudeDegrees>
            </Position>
            <AltitudeMeters>209.0</AltitudeMeters>
            <DistanceMeters>777.5700073242188</DistanceMeters>
            <HeartRateBpm>
              <Value>125</Value>
            </HeartRateBpm>
            <Extensions>
              <ns3:TPX>
                <ns3:Speed>2.6589999198913574</ns3:Speed>
                <ns3:RunCadence>83</ns3:RunCadence>
              </ns3:TPX>
            </Extensions>
          </Trackpoint>
          <Trackpoint>
            <Time>2026-01-11T09:13:00.000Z</Time>
            <Position>
              <LatitudeDegrees>38.92661511898041</LatitudeDegrees>
              <LongitudeDegrees>-6.370121855288744</LongitudeDegrees>
            </Position>
            <AltitudeMeters>208.1999969482422</AltitudeMeters>
            <DistanceMeters>799.0499877929688</DistanceMeters>
            <HeartRateBpm>
              <Value>126</Value>
            </HeartRateBpm>
            <Extensions>
              <ns3:TPX>
                <ns3:Speed>2.677999973297119</ns3:Speed>
                <ns3:RunCadence>82</ns3:RunCadence>
              </ns3:TPX>
            </Extensions>
          </Trackpoint>
          <Trackpoint>
            <Time>2026-01-11T09:13:06.000Z</Time>
            <Position>
              <LatitudeDegrees>38.92666314728558</LatitudeDegrees>
              <LongitudeDegrees>-6.3703004736453295</LongitudeDegrees>
            </Position>
            <AltitudeMeters>208.39999389648438</AltitudeMeters>
            <DistanceMeters>815.4600219726562</DistanceMeters>
            <HeartRateBpm>
              <Value>126</Value>
            </HeartRateBpm>
            <Extensions>
              <ns3:TPX>
                <ns3:Speed>2.677999973297119</ns3:Speed>
                <ns3:RunCadence>83</ns3:RunCadence>
              </ns3:TPX>
            </Extensions>
          </Trackpoint>
          <Trackpoint>
            <Time>2026-01-11T09:13:13.000Z</Time>
            <Position>
              <LatitudeDegrees>38.92671628855169</LatitudeDegrees>
              <LongitudeDegrees>-6.370518654584885</LongitudeDegrees>
            </Position>
            <AltitudeMeters>208.1999969482422</AltitudeMeters>
            <DistanceMeters>835.2899780273438</DistanceMeters>
            <HeartRateBpm>
              <Value>128</Value>
            </HeartRateBpm>
            <Extensions>
              <ns3:TPX>
                <ns3:Speed>2.697000026702881</ns3:Speed>
                <ns3:RunCadence>83</ns3:RunCadence>
              </ns3:TPX>
            </Extensions>
          </Trackpoint>
          <Trackpoint>
            <Time>2026-01-11T09:13:19.000Z</Time>
            <Position>
              <LatitudeDegrees>38.92675342038274</LatitudeDegrees>
              <LongitudeDegrees>-6.370704313740134</LongitudeDegrees>
            </Position>
            <AltitudeMeters>207.60000610351562</AltitudeMeters>
            <DistanceMeters>851.9500122070312</DistanceMeters>
            <HeartRateBpm>
              <Value>130</Value>
            </HeartRateBpm>
            <Extensions>
              <ns3:TPX>
                <ns3:Speed>2.7060000896453857</ns3:Speed>
                <ns3:RunCadence>84</ns3:RunCadence>
              </ns3:TPX>
            </Extensions>
          </Trackpoint>
          <Trackpoint>
            <Time>2026-01-11T09:13:27.000Z</Time>
            <Position>
              <LatitudeDegrees>38.92680421471596</LatitudeDegrees>
              <LongitudeDegrees>-6.370953340083361</LongitudeDegrees>
            </Position>
            <AltitudeMeters>207.0</AltitudeMeters>
            <DistanceMeters>874.3099975585938</DistanceMeters>
            <HeartRateBpm>
              <Value>130</Value>
            </HeartRateBpm>
            <Extensions>
              <ns3:TPX>
                <ns3:Speed>2.7249999046325684</ns3:Speed>
                <ns3:RunCadence>83</ns3:RunCadence>
              </ns3:TPX>
            </Extensions>
          </Trackpoint>
          <Trackpoint>
            <Time>2026-01-11T09:13:35.000Z</Time>
            <Position>
              <LatitudeDegrees>38.92685106955469</LatitudeDegrees>
              <LongitudeDegrees>-6.3711984269320965</LongitudeDegrees>
            </Position>
            <AltitudeMeters>206.8000030517578</AltitudeMeters>
            <DistanceMeters>896.239990234375</DistanceMeters>
            <HeartRateBpm>
              <Value>131</Value>
            </HeartRateBpm>
            <Extensions>
              <ns3:TPX>
                <ns3:Speed>2.753000020980835</ns3:Speed>
                <ns3:RunCadence>84</ns3:RunCadence>
              </ns3:TPX>
            </Extensions>
          </Trackpoint>
          <Trackpoint>
            <Time>2026-01-11T09:13:36.000Z</Time>
            <Position>
              <LatitudeDegrees>38.92685802653432</LatitudeDegrees>
              <LongitudeDegrees>-6.3712255004793406</LongitudeDegrees>
            </Position>
            <AltitudeMeters>206.8000030517578</AltitudeMeters>
            <DistanceMeters>898.7100219726562</DistanceMeters>
            <HeartRateBpm>
              <Value>131</Value>
            </HeartRateBpm>
            <Extensions>
              <ns3:TPX>
                <ns3:Speed>2.753000020980835</ns3:Speed>
                <ns3:RunCadence>84</ns3:RunCadence>
              </ns3:TPX>
            </Extensions>
          </Trackpoint>
          <Trackpoint>
            <Time>2026-01-11T09:13:44.000Z</Time>
            <Position>
              <LatitudeDegrees>38.92689465545118</LatitudeDegrees>
              <LongitudeDegrees>-6.371457260102034</LongitudeDegrees>
            </Position>
            <AltitudeMeters>207.0</AltitudeMeters>
            <DistanceMeters>919.260009765625</DistanceMeters>
            <HeartRateBpm>
              <Value>131</Value>
            </HeartRateBpm>
            <Extensions>
              <ns3:TPX>
                <ns3:Speed>2.753000020980835</ns3:Speed>
                <ns3:RunCadence>84</ns3:RunCadence>
              </ns3:TPX>
            </Extensions>
          </Trackpoint>
          <Trackpoint>
            <Time>2026-01-11T09:13:46.000Z</Time>
            <Position>
              <LatitudeDegrees>38.9269058033824</LatitudeDegrees>
              <LongitudeDegrees>-6.371514843776822</LongitudeDegrees>
            </Position>
            <AltitudeMeters>207.1999969482422</AltitudeMeters>
            <DistanceMeters>924.4099731445312</DistanceMeters>
            <HeartRateBpm>
              <Value>132</Value>
            </HeartRateBpm>
            <Extensions>
              <ns3:TPX>
                <ns3:Speed>2.753000020980835</ns3:Speed>
                <ns3:RunCadence>84</ns3:RunCadence>
              </ns3:TPX>
            </Extensions>
          </Trackpoint>
          <Trackpoint>
            <Time>2026-01-11T09:13:54.000Z</Time>
            <Position>
              <LatitudeDegrees>38.92693690024316</LatitudeDegrees>
              <LongitudeDegrees>-6.371748698875308</LongitudeDegrees>
            </Position>
            <AltitudeMeters>207.39999389648438</AltitudeMeters>
            <DistanceMeters>945.010009765625</DistanceMeters>
            <HeartRateBpm>
              <Value>132</Value>
            </HeartRateBpm>
            <Extensions>
              <ns3:TPX>
                <ns3:Speed>2.7339999675750732</ns3:Speed>
                <ns3:RunCadence>85</ns3:RunCadence>
              </ns3:TPX>
            </Extensions>
          </Trackpoint>
          <Trackpoint>
            <Time>2026-01-11T09:13:56.000Z</Time>
            <Position>
              <LatitudeDegrees>38.926944360136986</LatitudeDegrees>
              <LongitudeDegrees>-6.371806114912033</LongitudeDegrees>
            </Position>
            <AltitudeMeters>207.39999389648438</AltitudeMeters>
            <DistanceMeters>950.0599975585938</DistanceMeters>
            <HeartRateBpm>
              <Value>131</Value>
            </HeartRateBpm>
            <Extensions>
              <ns3:TPX>
                <ns3:Speed>2.7339999675750732</ns3:Speed>
                <ns3:RunCadence>85</ns3:RunCadence>
              </ns3:TPX>
            </Extensions>
          </Trackpoint>
          <Trackpoint>
            <Time>2026-01-11T09:14:04.000Z</Time>
            <Position>
              <LatitudeDegrees>38.926969254389405</LatitudeDegrees>
              <LongitudeDegrees>-6.372050531208515</LongitudeDegrees>
            </Position>
            <AltitudeMeters>207.60000610351562</AltitudeMeters>
            <DistanceMeters>971.4600219726562</DistanceMeters>
            <HeartRateBpm>
              <Value>133</Value>
            </HeartRateBpm>
            <Extensions>
              <ns3:TPX>
                <ns3:Speed>2.7149999141693115</ns3:Speed>
                <ns3:RunCadence>84</ns3:RunCadence>
              </ns3:TPX>
            </Extensions>
          </Trackpoint>
          <Trackpoint>
            <Time>2026-01-11T09:14:05.000Z</Time>
            <Position>
              <LatitudeDegrees>38.92697285860777</LatitudeDegrees>
              <LongitudeDegrees>-6.3720745872706175</LongitudeDegrees>
            </Position>
            <AltitudeMeters>207.60000610351562</AltitudeMeters>
            <DistanceMeters>973.5800170898438</DistanceMeters>
            <HeartRateBpm>
              <Value>133</Value>
            </HeartRateBpm>
            <Extensions>
              <ns3:TPX>
                <ns3:Speed>2.7149999141693115</ns3:Speed>
                <ns3:RunCadence>84</ns3:RunCadence>
              </ns3:TPX>
            </Extensions>
          </Trackpoint>
          <Trackpoint>
            <Time>2026-01-11T09:14:13.000Z</Time>
            <Position>
              <LatitudeDegrees>38.92699431627989</LatitudeDegrees>
              <LongitudeDegrees>-6.372311459854245</LongitudeDegrees>
            </Position>
            <AltitudeMeters>208.1999969482422</AltitudeMeters>
            <DistanceMeters>994.27001953125</DistanceMeters>
            <HeartRateBpm>
              <Value>133</Value>
            </HeartRateBpm>
            <Extensions>
              <ns3:TPX>
                <ns3:Speed>2.7149999141693115</ns3:Speed>
                <ns3:RunCadence>84</ns3:RunCadence>
              </ns3:TPX>
            </Extensions>
          </Trackpoint>
          <Trackpoint>
            <Time>2026-01-11T09:14:14.000Z</Time>
            <Position>
              <LatitudeDegrees>38.92699817195535</LatitudeDegrees>
              <LongitudeDegrees>-6.372343562543392</LongitudeDegrees>
            </Position>
            <AltitudeMeters>208.1999969482422</AltitudeMeters>
            <DistanceMeters>997.0800170898438</DistanceMeters>
            <HeartRateBpm>
              <Value>133</Value>
            </HeartRateBpm>
            <Extensions>
              <ns3:TPX>
                <ns3:Speed>2.7149999141693115</ns3:Speed>
                <ns3:RunCadence>83</ns3:RunCadence>
              </ns3:TPX>
            </Extensions>
          </Trackpoint>
          <Trackpoint>
            <Time>2026-01-11T09:14:16.000Z</Time>
            <Position>
              <LatitudeDegrees>38.92700320109725</LatitudeDegrees>
              <LongitudeDegrees>-6.372404582798481</LongitudeDegrees>
            </Position>
            <AltitudeMeters>208.1999969482422</AltitudeMeters>
            <DistanceMeters>1002.4099731445312</DistanceMeters>
            <HeartRateBpm>
              <Value>133</Value>
            </HeartRateBpm>
            <Extensions>
              <ns3:TPX>
                <ns3:Speed>2.7149999141693115</ns3:Speed>
                <ns3:RunCadence>83</ns3:RunCadence>
              </ns3:TPX>
            </Extensions>
          </Trackpoint>
        </Track>
        <Extensions>
          <ns3:LX>
            <ns3:AvgSpeed>2.6459999084472656</ns3:AvgSpeed>
            <ns3:AvgRunCadence>83</ns3:AvgRunCadence>
            <ns3:MaxRunCadence>86</ns3:MaxRunCadence>
          </ns3:LX>
        </Extensions>
      </Lap>
      <Lap StartTime="2026-01-11T09:14:17.000Z">
        <TotalTimeSeconds>374.513</TotalTimeSeconds>
        <DistanceMeters>1000.0</DistanceMeters>
        <MaximumSpeed>2.8459999561309814</MaximumSpeed>
        <Calories>76</Calories>
        <AverageHeartRateBpm>
          <Value>131</Value>
        </AverageHeartRateBpm>
        <MaximumHeartRateBpm>
          <Value>138</Value>
        </MaximumHeartRateBpm>
        <Intensity>Active</Intensity>
        <TriggerMethod>Manual</TriggerMethod>
        <Track>
          <Trackpoint>
            <Time>2026-01-11T09:14:24.000Z</Time>
            <Position>
              <LatitudeDegrees>38.92702952027321</LatitudeDegrees>
              <LongitudeDegrees>-6.372643047943711</LongitudeDegrees>
            </Position>
            <AltitudeMeters>208.8000030517578</AltitudeMeters>
            <DistanceMeters>1023.3200073242188</DistanceMeters>
            <HeartRateBpm>
              <Value>132</Value>
            </HeartRateBpm>
            <Extensions>
              <ns3:TPX>
                <ns3:Speed>2.697000026702881</ns3:Speed>
                <ns3:RunCadence>83</ns3:RunCadence>
              </ns3:TPX>
            </Extensions>
          </Trackpoint>
          <Trackpoint>
            <Time>2026-01-11T09:14:32.000Z</Time>
            <Position>
              <LatitudeDegrees>38.927058605477214</LatitudeDegrees>
              <LongitudeDegrees>-6.372878076508641</LongitudeDegrees>
            </Position>
            <AltitudeMeters>209.60000610351562</AltitudeMeters>
            <DistanceMeters>1044.0</DistanceMeters>
            <HeartRateBpm>
              <Value>131</Value>
            </HeartRateBpm>
            <Extensions>
              <ns3:TPX>
                <ns3:Speed>2.687000036239624</ns3:Speed>
                <ns3:RunCadence>84</ns3:RunCadence>
              </ns3:TPX>
            </Extensions>
          </Trackpoint>
          <Trackpoint>
            <Time>2026-01-11T09:14:40.000Z</Time>
            <Position>
              <LatitudeDegrees>38.92708567902446</LatitudeDegrees>
              <LongitudeDegrees>-6.373114362359047</LongitudeDegrees>
            </Position>
            <AltitudeMeters>210.0</AltitudeMeters>
            <DistanceMeters>1064.719970703125</DistanceMeters>
            <HeartRateBpm>
              <Value>131</Value>
            </HeartRateBpm>
            <Extensions>
              <ns3:TPX>
                <ns3:Speed>2.677999973297119</ns3:Speed>
                <ns3:RunCadence>83</ns3:RunCadence>
              </ns3:TPX>
            </Extensions>
          </Trackpoint>
          <Trackpoint>
            <Time>2026-01-11T09:14:41.000Z</Time>
            <Position>
              <LatitudeDegrees>38.92708953469992</LatitudeDegrees>
              <LongitudeDegrees>-6.3731439504772425</LongitudeDegrees>
            </Position>
            <AltitudeMeters>210.0</AltitudeMeters>
            <DistanceMeters>1067.3199462890625</DistanceMeters>
            <HeartRateBpm>
              <Value>131</Value>
            </HeartRateBpm>
            <Extensions>
              <ns3:TPX>
                <ns3:Speed>2.677999973297119</ns3:Speed>
                <ns3:RunCadence>83</ns3:RunCadence>
              </ns3:TPX>
            </Extensions>
          </Trackpoint>
          <Trackpoint>
            <Time>2026-01-11T09:14:47.000Z</Time>
            <Position>
              <LatitudeDegrees>38.92709406092763</LatitudeDegrees>
              <LongitudeDegrees>-6.373304044827819</LongitudeDegrees>
            </Position>
            <AltitudeMeters>209.8000030517578</AltitudeMeters>
            <DistanceMeters>1081.27001953125</DistanceMeters>
            <HeartRateBpm>
              <Value>130</Value>
            </HeartRateBpm>
            <Extensions>
              <ns3:TPX>
                <ns3:Speed>2.6589999198913574</ns3:Speed>
                <ns3:RunCadence>84</ns3:RunCadence>
              </ns3:TPX>
            </Extensions>
          </Trackpoint>
          <Trackpoint>
            <Time>2026-01-11T09:14:48.000Z</Time>
            <Position>
              <LatitudeDegrees>38.927096324041486</LatitudeDegrees>
              <LongitudeDegrees>-6.373326759785414</LongitudeDegrees>
            </Position>
            <AltitudeMeters>209.8000030517578</AltitudeMeters>
            <DistanceMeters>1083.1600341796875</DistanceMeters>
            <HeartRateBpm>
              <Value>130</Value>
            </HeartRateBpm>
            <Extensions>
              <ns3:TPX>
                <ns3:Speed>2.6589999198913574</ns3:Speed>
                <ns3:RunCadence>83</ns3:RunCadence>
              </ns3:TPX>
            </Extensions>
          </Trackpoint>
          <Trackpoint>
            <Time>2026-01-11T09:14:54.000Z</Time>
            <Position>
              <LatitudeDegrees>38.92710722051561</LatitudeDegrees>
              <LongitudeDegrees>-6.373493727296591</LongitudeDegrees>
            </Position>
            <AltitudeMeters>209.8000030517578</AltitudeMeters>
            <DistanceMeters>1097.6600341796875</DistanceMeters>
            <HeartRateBpm>
              <Value>131</Value>
            </HeartRateBpm>
            <Extensions>
              <ns3:TPX>
                <ns3:Speed>2.5850000381469727</ns3:Speed>
                <ns3:RunCadence>83</ns3:RunCadence>
              </ns3:TPX>
            </Extensions>
          </Trackpoint>
          <Trackpoint>
            <Time>2026-01-11T09:15:00.000Z</Time>
            <Position>
              <LatitudeDegrees>38.92712725326419</LatitudeDegrees>
              <LongitudeDegrees>-6.373702855780721</LongitudeDegrees>
            </Position>
            <AltitudeMeters>209.60000610351562</AltitudeMeters>
            <DistanceMeters>1115.969970703125</DistanceMeters>
            <HeartRateBpm>
              <Value>131</Value>
            </HeartRateBpm>
            <Extensions>
              <ns3:TPX>
                <ns3:Speed>2.556999921798706</ns3:Speed>
                <ns3:RunCadence>84</ns3:RunCadence>
              </ns3:TPX>
            </Extensions>
          </Trackpoint>
          <Trackpoint>
            <Time>2026-01-11T09:15:07.000Z</Time>
            <Position>
              <LatitudeDegrees>38.927150974050164</LatitudeDegrees>
              <LongitudeDegrees>-6.373930005356669</LongitudeDegrees>
            </Position>
            <AltitudeMeters>209.60000610351562</AltitudeMeters>
            <DistanceMeters>1136.0</DistanceMeters>
            <HeartRateBpm>
              <Value>131</Value>
            </HeartRateBpm>
            <Extensions>
              <ns3:TPX>
                <ns3:Speed>2.7060000896453857</ns3:Speed>
                <ns3:RunCadence>84</ns3:RunCadence>
              </ns3:TPX>
            </Extensions>
          </Trackpoint>
          <Trackpoint>
            <Time>2026-01-11T09:15:09.000Z</Time>
            <Position>
              <LatitudeDegrees>38.927132450044155</LatitudeDegrees>
              <LongitudeDegrees>-6.373990857973695</LongitudeDegrees>
            </Position>
            <AltitudeMeters>210.0</AltitudeMeters>
            <DistanceMeters>1141.6500244140625</DistanceMeters>
            <HeartRateBpm>
              <Value>131</Value>
            </HeartRateBpm>
            <Extensions>
              <ns3:TPX>
                <ns3:Speed>2.7339999675750732</ns3:Speed>
                <ns3:RunCadence>85</ns3:RunCadence>
              </ns3:TPX>
            </Extensions>
          </Trackpoint>
          <Trackpoint>
            <Time>2026-01-11T09:15:16.000Z</Time>
            <Position>
              <LatitudeDegrees>38.9270472060889</LatitudeDegrees>
              <LongitudeDegrees>-6.374194286763668</LongitudeDegrees>
            </Position>
            <AltitudeMeters>211.1999969482422</AltitudeMeters>
            <DistanceMeters>1161.6700439453125</DistanceMeters>
            <HeartRateBpm>
              <Value>131</Value>
            </HeartRateBpm>
            <Extensions>
              <ns3:TPX>
                <ns3:Speed>2.7709999084472656</ns3:Speed>
                <ns3:RunCadence>83</ns3:RunCadence>
              </ns3:TPX>
            </Extensions>
          </Trackpoint>
          <Trackpoint>
            <Time>2026-01-11T09:15:18.000Z</Time>
            <Position>
              <LatitudeDegrees>38.92702214419842</LatitudeDegrees>
              <LongitudeDegrees>-6.374251954257488</LongitudeDegrees>
            </Position>
            <AltitudeMeters>211.60000610351562</AltitudeMeters>
            <DistanceMeters>1167.3800048828125</DistanceMeters>
            <HeartRateBpm>
              <Value>131</Value>
            </HeartRateBpm>
            <Extensions>
              <ns3:TPX>
                <ns3:Speed>2.7990000247955322</ns3:Speed>
                <ns3:RunCadence>83</ns3:RunCadence>
              </ns3:TPX>
            </Extensions>
          </Trackpoint>
          <Trackpoint>
            <Time>2026-01-11T09:15:24.000Z</Time>
            <Position>
              <LatitudeDegrees>38.926952155306935</LatitudeDegrees>
              <LongitudeDegrees>-6.3744135573506355</LongitudeDegrees>
            </Position>
            <AltitudeMeters>212.39999389648438</AltitudeMeters>
            <DistanceMeters>1183.9100341796875</DistanceMeters>
            <HeartRateBpm>
              <Value>130</Value>
            </HeartRateBpm>
            <Extensions>
              <ns3:TPX>
                <ns3:Speed>2.8369998931884766</ns3:Speed>
                <ns3:RunCadence>85</ns3:RunCadence>
              </ns3:TPX>
            </Extensions>
          </Trackpoint>
          <Trackpoint>
            <Time>2026-01-11T09:15:28.000Z</Time>
            <Position>
              <LatitudeDegrees>38.92699766904116</LatitudeDegrees>
              <LongitudeDegrees>-6.374517912045121</LongitudeDegrees>
            </Position>
            <AltitudeMeters>212.39999389648438</AltitudeMeters>
            <DistanceMeters>1194.75</DistanceMeters>
            <HeartRateBpm>
              <Value>130</Value>
            </HeartRateBpm>
            <Extensions>
              <ns3:TPX>
                <ns3:Speed>2.8459999561309814</ns3:Speed>
                <ns3:RunCadence>86</ns3:RunCadence>
              </ns3:TPX>
            </Extensions>
          </Trackpoint>
          <Trackpoint>
            <Time>2026-01-11T09:15:29.000Z</Time>
            <Position>
              <LatitudeDegrees>38.9270228985697</LatitudeDegrees>
              <LongitudeDegrees>-6.374529059976339</LongitudeDegrees>
            </Position>
            <AltitudeMeters>212.1999969482422</AltitudeMeters>
            <DistanceMeters>1197.699951171875</DistanceMeters>
            <HeartRateBpm>
              <Value>130</Value>
            </HeartRateBpm>
            <Extensions>
              <ns3:TPX>
                <ns3:Speed>2.8459999561309814</ns3:Speed>
                <ns3:RunCadence>84</ns3:RunCadence>
              </ns3:TPX>
            </Extensions>
          </Trackpoint>
          <Trackpoint>
            <Time>2026-01-11T09:15:31.000Z</Time>
            <Position>
              <LatitudeDegrees>38.92707302235067</LatitudeDegrees>
              <LongitudeDegrees>-6.3745213486254215</LongitudeDegrees>
            </Position>
            <AltitudeMeters>212.0</AltitudeMeters>
            <DistanceMeters>1203.3800048828125</DistanceMeters>
            <HeartRateBpm>
              <Value>130</Value>
            </HeartRateBpm>
            <Extensions>
              <ns3:TPX>
                <ns3:Speed>2.8459999561309814</ns3:Speed>
                <ns3:RunCadence>82</ns3:RunCadence>
              </ns3:TPX>
            </Extensions>
          </Trackpoint>
          <Trackpoint>
            <Time>2026-01-11T09:15:33.000Z</Time>
            <Position>
              <LatitudeDegrees>38.927118703722954</LatitudeDegrees>
              <LongitudeDegrees>-6.374517157673836</LongitudeDegrees>
            </Position>
            <AltitudeMeters>211.60000610351562</AltitudeMeters>
            <DistanceMeters>1208.489990234375</DistanceMeters>
            <HeartRateBpm>
              <Value>130</Value>
            </HeartRateBpm>
            <Extensions>
              <ns3:TPX>
                <ns3:Speed>2.8369998931884766</ns3:Speed>
                <ns3:RunCadence>81</ns3:RunCadence>
              </ns3:TPX>
            </Extensions>
          </Trackpoint>
          <Trackpoint>
            <Time>2026-01-11T09:15:39.000Z</Time>
            <Position>
              <LatitudeDegrees>38.92723915167153</LatitudeDegrees>
              <LongitudeDegrees>-6.374567449092865</LongitudeDegrees>
            </Position>
            <AltitudeMeters>210.8000030517578</AltitudeMeters>
            <DistanceMeters>1223.2099609375</DistanceMeters>
            <HeartRateBpm>
              <Value>129</Value>
            </HeartRateBpm>
            <Extensions>
              <ns3:TPX>
                <ns3:Speed>2.7990000247955322</ns3:Speed>
                <ns3:RunCadence>84</ns3:RunCadence>
              </ns3:TPX>
            </Extensions>
          </Trackpoint>
          <Trackpoint>
            <Time>2026-01-11T09:15:44.000Z</Time>
            <Position>
              <LatitudeDegrees>38.927340824157</LatitudeDegrees>
              <LongitudeDegrees>-6.374635761603713</LongitudeDegrees>
            </Position>
            <AltitudeMeters>210.0</AltitudeMeters>
            <DistanceMeters>1236.6300048828125</DistanceMeters>
            <HeartRateBpm>
              <Value>129</Value>
            </HeartRateBpm>
            <Extensions>
              <ns3:TPX>
                <ns3:Speed>2.753000020980835</ns3:Speed>
                <ns3:RunCadence>83</ns3:RunCadence>
              </ns3:TPX>
            </Extensions>
          </Trackpoint>
          <Trackpoint>
            <Time>2026-01-11T09:15:48.000Z</Time>
            <Position>
              <LatitudeDegrees>38.92742983996868</LatitudeDegrees>
              <LongitudeDegrees>-6.374592008069158</LongitudeDegrees>
            </Position>
            <AltitudeMeters>208.8000030517578</AltitudeMeters>
            <DistanceMeters>1247.699951171875</DistanceMeters>
            <HeartRateBpm>
              <Value>129</Value>
            </HeartRateBpm>
            <Extensions>
              <ns3:TPX>
                <ns3:Speed>2.743000030517578</ns3:Speed>
                <ns3:RunCadence>82</ns3:RunCadence>
              </ns3:TPX>
            </Extensions>
          </Trackpoint>
          <Trackpoint>
            <Time>2026-01-11T09:15:49.000Z</Time>
            <Position>
              <LatitudeDegrees>38.92744014970958</LatitudeDegrees>
              <LongitudeDegrees>-6.374565940350294</LongitudeDegrees>
            </Position>
            <AltitudeMeters>208.60000610351562</AltitudeMeters>
            <DistanceMeters>1250.22998046875</DistanceMeters>
            <HeartRateBpm>
              <Value>128</Value>
            </HeartRateBpm>
            <Extensions>
              <ns3:TPX>
                <ns3:Speed>2.743000030517578</ns3:Speed>
                <ns3:RunCadence>82</ns3:RunCadence>
              </ns3:TPX>
            </Extensions>
          </Trackpoint>
          <Trackpoint>
            <Time>2026-01-11T09:15:57.000Z</Time>
            <Position>
              <LatitudeDegrees>38.92752648331225</LatitudeDegrees>
              <LongitudeDegrees>-6.374350776895881</LongitudeDegrees>
            </Position>
            <AltitudeMeters>207.39999389648438</AltitudeMeters>
            <DistanceMeters>1271.300048828125</DistanceMeters>
            <HeartRateBpm>
              <Value>128</Value>
            </HeartRateBpm>
            <Extensions>
              <ns3:TPX>
                <ns3:Speed>2.7249999046325684</ns3:Speed>
                <ns3:RunCadence>83</ns3:RunCadence>
              </ns3:TPX>
            </Extensions>
          </Trackpoint>
          <Trackpoint>
            <Time>2026-01-11T09:16:04.000Z</Time>
            <Position>
              <LatitudeDegrees>38.92750762403011</LatitudeDegrees>
              <LongitudeDegrees>-6.374140977859497</LongitudeDegrees>
            </Position>
            <AltitudeMeters>207.1999969482422</AltitudeMeters>
            <DistanceMeters>1290.300048828125</DistanceMeters>
            <HeartRateBpm>
              <Value>130</Value>
            </HeartRateBpm>
            <Extensions>
              <ns3:TPX>
                <ns3:Speed>2.7149999141693115</ns3:Speed>
                <ns3:RunCadence>84</ns3:RunCadence>
              </ns3:TPX>
            </Extensions>
          </Trackpoint>
          <Trackpoint>
            <Time>2026-01-11T09:16:11.000Z</Time>
            <Position>
              <LatitudeDegrees>38.92739002592862</LatitudeDegrees>
              <LongitudeDegrees>-6.373974094167352</LongitudeDegrees>
            </Position>
            <AltitudeMeters>208.0</AltitudeMeters>
            <DistanceMeters>1309.9599609375</DistanceMeters>
            <HeartRateBpm>
              <Value>131</Value>
            </HeartRateBpm>
            <Extensions>
              <ns3:TPX>
                <ns3:Speed>2.7249999046325684</ns3:Speed>
                <ns3:RunCadence>83</ns3:RunCadence>
              </ns3:TPX>
            </Extensions>
          </Trackpoint>
          <Trackpoint>
            <Time>2026-01-11T09:16:17.000Z</Time>
            <Position>
              <LatitudeDegrees>38.927331771701574</LatitudeDegrees>
              <LongitudeDegrees>-6.373814167454839</LongitudeDegrees>
            </Position>
            <AltitudeMeters>208.0</AltitudeMeters>
            <DistanceMeters>1325.6500244140625</DistanceMeters>
            <HeartRateBpm>
              <Value>131</Value>
            </HeartRateBpm>
            <Extensions>
              <ns3:TPX>
                <ns3:Speed>2.7249999046325684</ns3:Speed>
                <ns3:RunCadence>84</ns3:RunCadence>
              </ns3:TPX>
            </Extensions>
          </Trackpoint>
          <Trackpoint>
            <Time>2026-01-11T09:16:24.000Z</Time>
            <Position>
              <LatitudeDegrees>38.92731316387653</LatitudeDegrees>
              <LongitudeDegrees>-6.373613839969039</LongitudeDegrees>
            </Position>
            <AltitudeMeters>208.1999969482422</AltitudeMeters>
            <DistanceMeters>1343.1400146484375</DistanceMeters>
            <HeartRateBpm>
              <Value>135</Value>
            </HeartRateBpm>
            <Extensions>
              <ns3:TPX>
                <ns3:Speed>2.7149999141693115</ns3:Speed>
                <ns3:RunCadence>84</ns3:RunCadence>
              </ns3:TPX>
            </Extensions>
          </Trackpoint>
          <Trackpoint>
            <Time>2026-01-11T09:16:25.000Z</Time>
            <Position>
              <LatitudeDegrees>38.92731006257236</LatitudeDegrees>
              <LongitudeDegrees>-6.373586850240827</LongitudeDegrees>
            </Position>
            <AltitudeMeters>208.1999969482422</AltitudeMeters>
            <DistanceMeters>1345.5</DistanceMeters>
            <HeartRateBpm>
              <Value>135</Value>
            </HeartRateBpm>
            <Extensions>
              <ns3:TPX>
                <ns3:Speed>2.7149999141693115</ns3:Speed>
                <ns3:RunCadence>83</ns3:RunCadence>
              </ns3:TPX>
            </Extensions>
          </Trackpoint>
          <Trackpoint>
            <Time>2026-01-11T09:16:27.000Z</Time>
            <Position>
              <LatitudeDegrees>38.92730553634465</LatitudeDegrees>
              <LongitudeDegrees>-6.373527003452182</LongitudeDegrees>
            </Position>
            <AltitudeMeters>208.39999389648438</AltitudeMeters>
            <DistanceMeters>1350.719970703125</DistanceMeters>
            <HeartRateBpm>
              <Value>138</Value>
            </HeartRateBpm>
            <Extensions>
              <ns3:TPX>
                <ns3:Speed>2.7060000896453857</ns3:Speed>
                <ns3:RunCadence>83</ns3:RunCadence>
              </ns3:TPX>
            </Extensions>
          </Trackpoint>
          <Trackpoint>
            <Time>2026-01-11T09:16:28.000Z</Time>
            <Position>
              <LatitudeDegrees>38.9273027703166</LatitudeDegrees>
              <LongitudeDegrees>-6.373498253524303</LongitudeDegrees>
            </Position>
            <AltitudeMeters>208.60000610351562</AltitudeMeters>
            <DistanceMeters>1353.219970703125</DistanceMeters>
            <HeartRateBpm>
              <Value>135</Value>
            </HeartRateBpm>
            <Extensions>
              <ns3:TPX>
                <ns3:Speed>2.7060000896453857</ns3:Speed>
                <ns3:RunCadence>83</ns3:RunCadence>
              </ns3:TPX>
            </Extensions>
          </Trackpoint>
          <Trackpoint>
            <Time>2026-01-11T09:16:33.000Z</Time>
            <Position>
              <LatitudeDegrees>38.92729011364281</LatitudeDegrees>
              <LongitudeDegrees>-6.373363472521305</LongitudeDegrees>
            </Position>
            <AltitudeMeters>209.1999969482422</AltitudeMeters>
            <DistanceMeters>1364.989990234375</DistanceMeters>
            <HeartRateBpm>
              <Value>132</Value>
            </HeartRateBpm>
            <Extensions>
              <ns3:TPX>
                <ns3:Speed>2.677999973297119</ns3:Speed>
                <ns3:RunCadence>84</ns3:RunCadence>
              </ns3:TPX>
            </Extensions>
          </Trackpoint>
          <Trackpoint>
            <Time>2026-01-11T09:16:39.000Z</Time>
            <Position>
              <LatitudeDegrees>38.927270667627454</LatitudeDegrees>
              <LongitudeDegrees>-6.373188877478242</LongitudeDegrees>
            </Position>
            <AltitudeMeters>209.1999969482422</AltitudeMeters>
            <DistanceMeters>1380.280029296875</DistanceMeters>
            <HeartRateBpm>
              <Value>129</Value>
            </HeartRateBpm>
            <Extensions>
              <ns3:TPX>
                <ns3:Speed>2.6410000324249268</ns3:Speed>
                <ns3:RunCadence>84</ns3:RunCadence>
              </ns3:TPX>
            </Extensions>
          </Trackpoint>
          <Trackpoint>
            <Time>2026-01-11T09:16:45.000Z</Time>
            <Position>
              <LatitudeDegrees>38.927254155278206</LatitudeDegrees>
              <LongitudeDegrees>-6.373010007664561</LongitudeDegrees>
            </Position>
            <AltitudeMeters>209.1999969482422</AltitudeMeters>
            <DistanceMeters>1395.8900146484375</DistanceMeters>
            <HeartRateBpm>
              <Value>128</Value>
            </HeartRateBpm>
            <Extensions>
              <ns3:TPX>
                <ns3:Speed>2.63100004196167</ns3:Speed>
                <ns3:RunCadence>84</ns3:RunCadence>
              </ns3:TPX>
            </Extensions>
          </Trackpoint>
          <Trackpoint>
            <Time>2026-01-11T09:16:53.000Z</Time>
            <Position>
              <LatitudeDegrees>38.927230183035135</LatitudeDegrees>
              <LongitudeDegrees>-6.372766178101301</LongitudeDegrees>
            </Position>
            <AltitudeMeters>207.8000030517578</AltitudeMeters>
            <DistanceMeters>1417.18994140625</DistanceMeters>
            <HeartRateBpm>
              <Value>129</Value>
            </HeartRateBpm>
            <Extensions>
              <ns3:TPX>
                <ns3:Speed>2.6410000324249268</ns3:Speed>
                <ns3:RunCadence>84</ns3:RunCadence>
              </ns3:TPX>
            </Extensions>
          </Trackpoint>
          <Trackpoint>
            <Time>2026-01-11T09:16:55.000Z</Time>
            <Position>
              <LatitudeDegrees>38.927223393693566</LatitudeDegrees>
              <LongitudeDegrees>-6.372708762064576</LongitudeDegrees>
            </Position>
            <AltitudeMeters>207.8000030517578</AltitudeMeters>
            <DistanceMeters>1422.22998046875</DistanceMeters>
            <HeartRateBpm>
              <Value>130</Value>
            </HeartRateBpm>
            <Extensions>
              <ns3:TPX>
                <ns3:Speed>2.6500000953674316</ns3:Speed>
                <ns3:RunCadence>84</ns3:RunCadence>
              </ns3:TPX>
            </Extensions>
          </Trackpoint>
          <Trackpoint>
            <Time>2026-01-11T09:17:03.000Z</Time>
            <Position>
              <LatitudeDegrees>38.92719606868923</LatitudeDegrees>
              <LongitudeDegrees>-6.372454706579447</LongitudeDegrees>
            </Position>
            <AltitudeMeters>207.0</AltitudeMeters>
            <DistanceMeters>1444.4599609375</DistanceMeters>
            <HeartRateBpm>
              <Value>131</Value>
            </HeartRateBpm>
            <Extensions>
              <ns3:TPX>
                <ns3:Speed>2.6589999198913574</ns3:Speed>
                <ns3:RunCadence>84</ns3:RunCadence>
              </ns3:TPX>
            </Extensions>
          </Trackpoint>
          <Trackpoint>
            <Time>2026-01-11T09:17:04.000Z</Time>
            <Position>
              <LatitudeDegrees>38.92719120718539</LatitudeDegrees>
              <LongitudeDegrees>-6.372422268614173</LongitudeDegrees>
            </Position>
            <AltitudeMeters>207.0</AltitudeMeters>
            <DistanceMeters>1447.3199462890625</DistanceMeters>
            <HeartRateBpm>
              <Value>131</Value>
            </HeartRateBpm>
            <Extensions>
              <ns3:TPX>
                <ns3:Speed>2.6589999198913574</ns3:Speed>
                <ns3:RunCadence>84</ns3:RunCadence>
              </ns3:TPX>
            </Extensions>
          </Trackpoint>
          <Trackpoint>
            <Time>2026-01-11T09:17:12.000Z</Time>
            <Position>
              <LatitudeDegrees>38.92717720940709</LatitudeDegrees>
              <LongitudeDegrees>-6.372174667194486</LongitudeDegrees>
            </Position>
            <AltitudeMeters>207.1999969482422</AltitudeMeters>
            <DistanceMeters>1468.8699951171875</DistanceMeters>
            <HeartRateBpm>
              <Value>132</Value>
            </HeartRateBpm>
            <Extensions>
              <ns3:TPX>
                <ns3:Speed>2.6689999103546143</ns3:Speed>
                <ns3:RunCadence>84</ns3:RunCadence>
              </ns3:TPX>
            </Extensions>
          </Trackpoint>
          <Trackpoint>
            <Time>2026-01-11T09:17:15.000Z</Time>
            <Position>
              <LatitudeDegrees>38.927166145294905</LatitudeDegrees>
              <LongitudeDegrees>-6.3720798678696156</LongitudeDegrees>
            </Position>
            <AltitudeMeters>206.8000030517578</AltitudeMeters>
            <DistanceMeters>1477.1700439453125</DistanceMeters>
            <HeartRateBpm>
              <Value>132</Value>
            </HeartRateBpm>
            <Extensions>
              <ns3:TPX>
                <ns3:Speed>2.677999973297119</ns3:Speed>
                <ns3:RunCadence>85</ns3:RunCadence>
              </ns3:TPX>
            </Extensions>
          </Trackpoint>
          <Trackpoint>
            <Time>2026-01-11T09:17:23.000Z</Time>
            <Position>
              <LatitudeDegrees>38.92713462933898</LatitudeDegrees>
              <LongitudeDegrees>-6.371820699423552</LongitudeDegrees>
            </Position>
            <AltitudeMeters>206.39999389648438</AltitudeMeters>
            <DistanceMeters>1499.9100341796875</DistanceMeters>
            <HeartRateBpm>
              <Value>132</Value>
            </HeartRateBpm>
            <Extensions>
              <ns3:TPX>
                <ns3:Speed>2.677999973297119</ns3:Speed>
                <ns3:RunCadence>84</ns3:RunCadence>
              </ns3:TPX>
            </Extensions>
          </Trackpoint>
          <Trackpoint>
            <Time>2026-01-11T09:17:28.000Z</Time>
            <Position>
              <LatitudeDegrees>38.92711836844683</LatitudeDegrees>
              <LongitudeDegrees>-6.371654234826565</LongitudeDegrees>
            </Position>
            <AltitudeMeters>206.60000610351562</AltitudeMeters>
            <DistanceMeters>1514.43994140625</DistanceMeters>
            <HeartRateBpm>
              <Value>130</Value>
            </HeartRateBpm>
            <Extensions>
              <ns3:TPX>
                <ns3:Speed>2.697000026702881</ns3:Speed>
                <ns3:RunCadence>84</ns3:RunCadence>
              </ns3:TPX>
            </Extensions>
          </Trackpoint>
          <Trackpoint>
            <Time>2026-01-11T09:17:35.000Z</Time>
            <Position>
              <LatitudeDegrees>38.927082577720284</LatitudeDegrees>
              <LongitudeDegrees>-6.37142188847065</LongitudeDegrees>
            </Position>
            <AltitudeMeters>206.1999969482422</AltitudeMeters>
            <DistanceMeters>1534.969970703125</DistanceMeters>
            <HeartRateBpm>
              <Value>129</Value>
            </HeartRateBpm>
            <Extensions>
              <ns3:TPX>
                <ns3:Speed>2.7249999046325684</ns3:Speed>
                <ns3:RunCadence>84</ns3:RunCadence>
              </ns3:TPX>
            </Extensions>
          </Trackpoint>
          <Trackpoint>
            <Time>2026-01-11T09:17:37.000Z</Time>
            <Position>
              <LatitudeDegrees>38.927072770893574</LatitudeDegrees>
              <LongitudeDegrees>-6.371355419978499</LongitudeDegrees>
            </Position>
            <AltitudeMeters>206.0</AltitudeMeters>
            <DistanceMeters>1540.8299560546875</DistanceMeters>
            <HeartRateBpm>
              <Value>129</Value>
            </HeartRateBpm>
            <Extensions>
              <ns3:TPX>
                <ns3:Speed>2.7339999675750732</ns3:Speed>
                <ns3:RunCadence>84</ns3:RunCadence>
              </ns3:TPX>
            </Extensions>
          </Trackpoint>
          <Trackpoint>
            <Time>2026-01-11T09:17:45.000Z</Time>
            <Position>
              <LatitudeDegrees>38.927031783387065</LatitudeDegrees>
              <LongitudeDegrees>-6.371097592636943</LongitudeDegrees>
            </Position>
            <AltitudeMeters>206.1999969482422</AltitudeMeters>
            <DistanceMeters>1563.6400146484375</DistanceMeters>
            <HeartRateBpm>
              <Value>129</Value>
            </HeartRateBpm>
            <Extensions>
              <ns3:TPX>
                <ns3:Speed>2.7809998989105225</ns3:Speed>
                <ns3:RunCadence>84</ns3:RunCadence>
              </ns3:TPX>
            </Extensions>
          </Trackpoint>
          <Trackpoint>
            <Time>2026-01-11T09:17:47.000Z</Time>
            <Position>
              <LatitudeDegrees>38.9270194619894</LatitudeDegrees>
              <LongitudeDegrees>-6.3710361532866955</LongitudeDegrees>
            </Position>
            <AltitudeMeters>206.1999969482422</AltitudeMeters>
            <DistanceMeters>1569.1400146484375</DistanceMeters>
            <HeartRateBpm>
              <Value>130</Value>
            </HeartRateBpm>
            <Extensions>
              <ns3:TPX>
                <ns3:Speed>2.7809998989105225</ns3:Speed>
                <ns3:RunCadence>85</ns3:RunCadence>
              </ns3:TPX>
            </Extensions>
          </Trackpoint>
          <Trackpoint>
            <Time>2026-01-11T09:17:55.000Z</Time>
            <Position>
              <LatitudeDegrees>38.926970260217786</LatitudeDegrees>
              <LongitudeDegrees>-6.3707822654396296</LongitudeDegrees>
            </Position>
            <AltitudeMeters>206.39999389648438</AltitudeMeters>
            <DistanceMeters>1591.8399658203125</DistanceMeters>
            <HeartRateBpm>
              <Value>129</Value>
            </HeartRateBpm>
            <Extensions>
              <ns3:TPX>
                <ns3:Speed>2.7899999618530273</ns3:Speed>
                <ns3:RunCadence>86</ns3:RunCadence>
              </ns3:TPX>
            </Extensions>
          </Trackpoint>
          <Trackpoint>
            <Time>2026-01-11T09:17:56.000Z</Time>
            <Position>
              <LatitudeDegrees>38.92696355469525</LatitudeDegrees>
              <LongitudeDegrees>-6.370752928778529</LongitudeDegrees>
            </Position>
            <AltitudeMeters>206.39999389648438</AltitudeMeters>
            <DistanceMeters>1594.489990234375</DistanceMeters>
            <HeartRateBpm>
              <Value>129</Value>
            </HeartRateBpm>
            <Extensions>
              <ns3:TPX>
                <ns3:Speed>2.7899999618530273</ns3:Speed>
                <ns3:RunCadence>85</ns3:RunCadence>
              </ns3:TPX>
            </Extensions>
          </Trackpoint>
          <Trackpoint>
            <Time>2026-01-11T09:18:04.000Z</Time>
            <Position>
              <LatitudeDegrees>38.92690630629659</LatitudeDegrees>
              <LongitudeDegrees>-6.370514631271362</LongitudeDegrees>
            </Position>
            <AltitudeMeters>207.1999969482422</AltitudeMeters>
            <DistanceMeters>1616.1300048828125</DistanceMeters>
            <HeartRateBpm>
              <Value>130</Value>
            </HeartRateBpm>
            <Extensions>
              <ns3:TPX>
                <ns3:Speed>2.7990000247955322</ns3:Speed>
                <ns3:RunCadence>85</ns3:RunCadence>
              </ns3:TPX>
            </Extensions>
          </Trackpoint>
          <Trackpoint>
            <Time>2026-01-11T09:18:05.000Z</Time>
            <Position>
              <LatitudeDegrees>38.92689817585051</LatitudeDegrees>
              <LongitudeDegrees>-6.370484624058008</LongitudeDegrees>
            </Position>
            <AltitudeMeters>207.1999969482422</AltitudeMeters>
            <DistanceMeters>1618.8800048828125</DistanceMeters>
            <HeartRateBpm>
              <Value>130</Value>
            </HeartRateBpm>
            <Extensions>
              <ns3:TPX>
                <ns3:Speed>2.7990000247955322</ns3:Speed>
                <ns3:RunCadence>85</ns3:RunCadence>
              </ns3:TPX>
            </Extensions>
          </Trackpoint>
          <Trackpoint>
            <Time>2026-01-11T09:18:13.000Z</Time>
            <Position>
              <LatitudeDegrees>38.92683137208223</LatitudeDegrees>
              <LongitudeDegrees>-6.370240626856685</LongitudeDegrees>
            </Position>
            <AltitudeMeters>207.60000610351562</AltitudeMeters>
            <DistanceMeters>1641.300048828125</DistanceMeters>
            <HeartRateBpm>
              <Value>130</Value>
            </HeartRateBpm>
            <Extensions>
              <ns3:TPX>
                <ns3:Speed>2.7990000247955322</ns3:Speed>
                <ns3:RunCadence>85</ns3:RunCadence>
              </ns3:TPX>
            </Extensions>
          </Trackpoint>
          <Trackpoint>
            <Time>2026-01-11T09:18:14.000Z</Time>
            <Position>
              <LatitudeDegrees>38.92682248726487</LatitudeDegrees>
              <LongitudeDegrees>-6.370208524167538</LongitudeDegrees>
            </Position>
            <AltitudeMeters>207.8000030517578</AltitudeMeters>
            <DistanceMeters>1644.25</DistanceMeters>
            <HeartRateBpm>
              <Value>130</Value>
            </HeartRateBpm>
            <Extensions>
              <ns3:TPX>
                <ns3:Speed>2.7990000247955322</ns3:Speed>
                <ns3:RunCadence>84</ns3:RunCadence>
              </ns3:TPX>
            </Extensions>
          </Trackpoint>
          <Trackpoint>
            <Time>2026-01-11T09:18:22.000Z</Time>
            <Position>
              <LatitudeDegrees>38.926752833649516</LatitudeDegrees>
              <LongitudeDegrees>-6.369972825050354</LongitudeDegrees>
            </Position>
            <AltitudeMeters>207.1999969482422</AltitudeMeters>
            <DistanceMeters>1666.1199951171875</DistanceMeters>
            <HeartRateBpm>
              <Value>130</Value>
            </HeartRateBpm>
            <Extensions>
              <ns3:TPX>
                <ns3:Speed>2.809000015258789</ns3:Speed>
                <ns3:RunCadence>84</ns3:RunCadence>
              </ns3:TPX>
            </Extensions>
          </Trackpoint>
          <Trackpoint>
            <Time>2026-01-11T09:18:24.000Z</Time>
            <Position>
              <LatitudeDegrees>38.926737578585744</LatitudeDegrees>
              <LongitudeDegrees>-6.369917336851358</LongitudeDegrees>
            </Position>
            <AltitudeMeters>207.60000610351562</AltitudeMeters>
            <DistanceMeters>1671.219970703125</DistanceMeters>
            <HeartRateBpm>
              <Value>130</Value>
            </HeartRateBpm>
            <Extensions>
              <ns3:TPX>
                <ns3:Speed>2.809000015258789</ns3:Speed>
                <ns3:RunCadence>85</ns3:RunCadence>
              </ns3:TPX>
            </Extensions>
          </Trackpoint>
          <Trackpoint>
            <Time>2026-01-11T09:18:30.000Z</Time>
            <Position>
              <LatitudeDegrees>38.92668351531029</LatitudeDegrees>
              <LongitudeDegrees>-6.369762774556875</LongitudeDegrees>
            </Position>
            <AltitudeMeters>208.39999389648438</AltitudeMeters>
            <DistanceMeters>1685.9300537109375</DistanceMeters>
            <HeartRateBpm>
              <Value>130</Value>
            </HeartRateBpm>
            <Extensions>
              <ns3:TPX>
                <ns3:Speed>2.7899999618530273</ns3:Speed>
                <ns3:RunCadence>84</ns3:RunCadence>
              </ns3:TPX>
            </Extensions>
          </Trackpoint>
          <Trackpoint>
            <Time>2026-01-11T09:18:37.000Z</Time>
            <Position>
              <LatitudeDegrees>38.926607659086585</LatitudeDegrees>
              <LongitudeDegrees>-6.369562782347202</LongitudeDegrees>
            </Position>
            <AltitudeMeters>209.0</AltitudeMeters>
            <DistanceMeters>1705.3599853515625</DistanceMeters>
            <HeartRateBpm>
              <Value>131</Value>
            </HeartRateBpm>
            <Extensions>
              <ns3:TPX>
                <ns3:Speed>2.76200008392334</ns3:Speed>
                <ns3:RunCadence>85</ns3:RunCadence>
              </ns3:TPX>
            </Extensions>
          </Trackpoint>
          <Trackpoint>
            <Time>2026-01-11T09:18:44.000Z</Time>
            <Position>
              <LatitudeDegrees>38.92653398215771</LatitudeDegrees>
              <LongitudeDegrees>-6.369346361607313</LongitudeDegrees>
            </Position>
            <AltitudeMeters>209.60000610351562</AltitudeMeters>
            <DistanceMeters>1725.8499755859375</DistanceMeters>
            <HeartRateBpm>
              <Value>131</Value>
            </HeartRateBpm>
            <Extensions>
              <ns3:TPX>
                <ns3:Speed>2.7709999084472656</ns3:Speed>
                <ns3:RunCadence>85</ns3:RunCadence>
              </ns3:TPX>
            </Extensions>
          </Trackpoint>
          <Trackpoint>
            <Time>2026-01-11T09:18:47.000Z</Time>
            <Position>
              <LatitudeDegrees>38.926500622183084</LatitudeDegrees>
              <LongitudeDegrees>-6.369262207299471</LongitudeDegrees>
            </Position>
            <AltitudeMeters>209.60000610351562</AltitudeMeters>
            <DistanceMeters>1734.0400390625</DistanceMeters>
            <HeartRateBpm>
              <Value>131</Value>
            </HeartRateBpm>
            <Extensions>
              <ns3:TPX>
                <ns3:Speed>2.7709999084472656</ns3:Speed>
                <ns3:RunCadence>84</ns3:RunCadence>
              </ns3:TPX>
            </Extensions>
          </Trackpoint>
          <Trackpoint>
            <Time>2026-01-11T09:18:55.000Z</Time>
            <Position>
              <LatitudeDegrees>38.92641671933234</LatitudeDegrees>
              <LongitudeDegrees>-6.369042852893472</LongitudeDegrees>
            </Position>
            <AltitudeMeters>209.0</AltitudeMeters>
            <DistanceMeters>1755.2099609375</DistanceMeters>
            <HeartRateBpm>
              <Value>131</Value>
            </HeartRateBpm>
            <Extensions>
              <ns3:TPX>
                <ns3:Speed>2.76200008392334</ns3:Speed>
                <ns3:RunCadence>85</ns3:RunCadence>
              </ns3:TPX>
            </Extensions>
          </Trackpoint>
          <Trackpoint>
            <Time>2026-01-11T09:18:56.000Z</Time>
            <Position>
              <LatitudeDegrees>38.92640548758209</LatitudeDegrees>
              <LongitudeDegrees>-6.3690161146223545</LongitudeDegrees>
            </Position>
            <AltitudeMeters>209.0</AltitudeMeters>
            <DistanceMeters>1757.8399658203125</DistanceMeters>
            <HeartRateBpm>
              <Value>131</Value>
            </HeartRateBpm>
            <Extensions>
              <ns3:TPX>
                <ns3:Speed>2.76200008392334</ns3:Speed>
                <ns3:RunCadence>85</ns3:RunCadence>
              </ns3:TPX>
            </Extensions>
          </Trackpoint>
          <Trackpoint>
            <Time>2026-01-11T09:19:04.000Z</Time>
            <Position>
              <LatitudeDegrees>38.92630599439144</LatitudeDegrees>
              <LongitudeDegrees>-6.368792233988643</LongitudeDegrees>
            </Position>
            <AltitudeMeters>208.0</AltitudeMeters>
            <DistanceMeters>1780.18994140625</DistanceMeters>
            <HeartRateBpm>
              <Value>132</Value>
            </HeartRateBpm>
            <Extensions>
              <ns3:TPX>
                <ns3:Speed>2.753000020980835</ns3:Speed>
                <ns3:RunCadence>85</ns3:RunCadence>
              </ns3:TPX>
            </Extensions>
          </Trackpoint>
          <Trackpoint>
            <Time>2026-01-11T09:19:05.000Z</Time>
            <Position>
              <LatitudeDegrees>38.92629191279411</LatitudeDegrees>
              <LongitudeDegrees>-6.36876474134624</LongitudeDegrees>
            </Position>
            <AltitudeMeters>208.0</AltitudeMeters>
            <DistanceMeters>1783.030029296875</DistanceMeters>
            <HeartRateBpm>
              <Value>132</Value>
            </HeartRateBpm>
            <Extensions>
              <ns3:TPX>
                <ns3:Speed>2.753000020980835</ns3:Speed>
                <ns3:RunCadence>85</ns3:RunCadence>
              </ns3:TPX>
            </Extensions>
          </Trackpoint>
          <Trackpoint>
            <Time>2026-01-11T09:19:12.000Z</Time>
            <Position>
              <LatitudeDegrees>38.92620641738176</LatitudeDegrees>
              <LongitudeDegrees>-6.3685814291238785</LongitudeDegrees>
            </Position>
            <AltitudeMeters>207.1999969482422</AltitudeMeters>
            <DistanceMeters>1801.56005859375</DistanceMeters>
            <HeartRateBpm>
              <Value>132</Value>
            </HeartRateBpm>
            <Extensions>
              <ns3:TPX>
                <ns3:Speed>2.743000030517578</ns3:Speed>
                <ns3:RunCadence>84</ns3:RunCadence>
              </ns3:TPX>
            </Extensions>
          </Trackpoint>
          <Trackpoint>
            <Time>2026-01-11T09:19:20.000Z</Time>
            <Position>
              <LatitudeDegrees>38.92610407434404</LatitudeDegrees>
              <LongitudeDegrees>-6.368371294811368</LongitudeDegrees>
            </Position>
            <AltitudeMeters>207.39999389648438</AltitudeMeters>
            <DistanceMeters>1823.0699462890625</DistanceMeters>
            <HeartRateBpm>
              <Value>132</Value>
            </HeartRateBpm>
            <Extensions>
              <ns3:TPX>
                <ns3:Speed>2.7339999675750732</ns3:Speed>
                <ns3:RunCadence>84</ns3:RunCadence>
              </ns3:TPX>
            </Extensions>
          </Trackpoint>
          <Trackpoint>
            <Time>2026-01-11T09:19:28.000Z</Time>
            <Position>
              <LatitudeDegrees>38.9259884878993</LatitudeDegrees>
              <LongitudeDegrees>-6.368164513260126</LongitudeDegrees>
            </Position>
            <AltitudeMeters>208.8000030517578</AltitudeMeters>
            <DistanceMeters>1845.1300048828125</DistanceMeters>
            <HeartRateBpm>
              <Value>133</Value>
            </HeartRateBpm>
            <Extensions>
              <ns3:TPX>
                <ns3:Speed>2.7339999675750732</ns3:Speed>
                <ns3:RunCadence>84</ns3:RunCadence>
              </ns3:TPX>
            </Extensions>
          </Trackpoint>
          <Trackpoint>
            <Time>2026-01-11T09:19:36.000Z</Time>
            <Position>
              <LatitudeDegrees>38.925884049385786</LatitudeDegrees>
              <LongitudeDegrees>-6.3679707236588</LongitudeDegrees>
            </Position>
            <AltitudeMeters>209.0</AltitudeMeters>
            <DistanceMeters>1865.56005859375</DistanceMeters>
            <HeartRateBpm>
              <Value>134</Value>
            </HeartRateBpm>
            <Extensions>
              <ns3:TPX>
                <ns3:Speed>2.7249999046325684</ns3:Speed>
                <ns3:RunCadence>84</ns3:RunCadence>
              </ns3:TPX>
            </Extensions>
          </Trackpoint>
          <Trackpoint>
            <Time>2026-01-11T09:19:39.000Z</Time>
            <Position>
              <LatitudeDegrees>38.92584842629731</LatitudeDegrees>
              <LongitudeDegrees>-6.367903500795364</LongitudeDegrees>
            </Position>
            <AltitudeMeters>209.0</AltitudeMeters>
            <DistanceMeters>1872.5999755859375</DistanceMeters>
            <HeartRateBpm>
              <Value>134</Value>
            </HeartRateBpm>
            <Extensions>
              <ns3:TPX>
                <ns3:Speed>2.7149999141693115</ns3:Speed>
                <ns3:RunCadence>85</ns3:RunCadence>
              </ns3:TPX>
            </Extensions>
          </Trackpoint>
          <Trackpoint>
            <Time>2026-01-11T09:19:47.000Z</Time>
            <Position>
              <LatitudeDegrees>38.92574138939381</LatitudeDegrees>
              <LongitudeDegrees>-6.367710633203387</LongitudeDegrees>
            </Position>
            <AltitudeMeters>208.60000610351562</AltitudeMeters>
            <DistanceMeters>1893.1400146484375</DistanceMeters>
            <HeartRateBpm>
              <Value>134</Value>
            </HeartRateBpm>
            <Extensions>
              <ns3:TPX>
                <ns3:Speed>2.687000036239624</ns3:Speed>
                <ns3:RunCadence>84</ns3:RunCadence>
              </ns3:TPX>
            </Extensions>
          </Trackpoint>
          <Trackpoint>
            <Time>2026-01-11T09:19:55.000Z</Time>
            <Position>
              <LatitudeDegrees>38.92563418485224</LatitudeDegrees>
              <LongitudeDegrees>-6.367509299889207</LongitudeDegrees>
            </Position>
            <AltitudeMeters>208.39999389648438</AltitudeMeters>
            <DistanceMeters>1914.31005859375</DistanceMeters>
            <HeartRateBpm>
              <Value>134</Value>
            </HeartRateBpm>
            <Extensions>
              <ns3:TPX>
                <ns3:Speed>2.6589999198913574</ns3:Speed>
                <ns3:RunCadence>84</ns3:RunCadence>
              </ns3:TPX>
            </Extensions>
          </Trackpoint>
          <Trackpoint>
            <Time>2026-01-11T09:19:56.000Z</Time>
            <Position>
              <LatitudeDegrees>38.925621109083295</LatitudeDegrees>
              <LongitudeDegrees>-6.367485327646136</LongitudeDegrees>
            </Position>
            <AltitudeMeters>208.60000610351562</AltitudeMeters>
            <DistanceMeters>1916.8399658203125</DistanceMeters>
            <HeartRateBpm>
              <Value>134</Value>
            </HeartRateBpm>
            <Extensions>
              <ns3:TPX>
                <ns3:Speed>2.6589999198913574</ns3:Speed>
                <ns3:RunCadence>84</ns3:RunCadence>
              </ns3:TPX>
            </Extensions>
          </Trackpoint>
          <Trackpoint>
            <Time>2026-01-11T09:20:03.000Z</Time>
            <Position>
              <LatitudeDegrees>38.92553871497512</LatitudeDegrees>
              <LongitudeDegrees>-6.367321377620101</LongitudeDegrees>
            </Position>
            <AltitudeMeters>209.0</AltitudeMeters>
            <DistanceMeters>1933.780029296875</DistanceMeters>
            <HeartRateBpm>
              <Value>134</Value>
            </HeartRateBpm>
            <Extensions>
              <ns3:TPX>
                <ns3:Speed>2.6410000324249268</ns3:Speed>
                <ns3:RunCadence>84</ns3:RunCadence>
              </ns3:TPX>
            </Extensions>
          </Trackpoint>
          <Trackpoint>
            <Time>2026-01-11T09:20:12.000Z</Time>
            <Position>
              <LatitudeDegrees>38.925427570939064</LatitudeDegrees>
              <LongitudeDegrees>-6.367108561098576</LongitudeDegrees>
            </Position>
            <AltitudeMeters>208.8000030517578</AltitudeMeters>
            <DistanceMeters>1955.97998046875</DistanceMeters>
            <HeartRateBpm>
              <Value>133</Value>
            </HeartRateBpm>
            <Extensions>
              <ns3:TPX>
                <ns3:Speed>2.6029999256134033</ns3:Speed>
                <ns3:RunCadence>84</ns3:RunCadence>
              </ns3:TPX>
            </Extensions>
          </Trackpoint>
          <Trackpoint>
            <Time>2026-01-11T09:20:14.000Z</Time>
            <Position>
              <LatitudeDegrees>38.92540351487696</LatitudeDegrees>
              <LongitudeDegrees>-6.3670602813363075</LongitudeDegrees>
            </Position>
            <AltitudeMeters>209.39999389648438</AltitudeMeters>
            <DistanceMeters>1960.949951171875</DistanceMeters>
            <HeartRateBpm>
              <Value>133</Value>
            </HeartRateBpm>
            <Extensions>
              <ns3:TPX>
                <ns3:Speed>2.6029999256134033</ns3:Speed>
                <ns3:RunCadence>84</ns3:RunCadence>
              </ns3:TPX>
            </Extensions>
          </Trackpoint>
          <Trackpoint>
            <Time>2026-01-11T09:20:23.000Z</Time>
            <Position>
              <LatitudeDegrees>38.92528801225126</LatitudeDegrees>
              <LongitudeDegrees>-6.3668509013950825</LongitudeDegrees>
            </Position>
            <AltitudeMeters>211.1999969482422</AltitudeMeters>
            <DistanceMeters>1983.18994140625</DistanceMeters>
            <HeartRateBpm>
              <Value>132</Value>
            </HeartRateBpm>
            <Extensions>
              <ns3:TPX>
                <ns3:Speed>2.565999984741211</ns3:Speed>
                <ns3:RunCadence>83</ns3:RunCadence>
              </ns3:TPX>
            </Extensions>
          </Trackpoint>
          <Trackpoint>
            <Time>2026-01-11T09:20:30.000Z</Time>
            <Position>
              <LatitudeDegrees>38.92519463784993</LatitudeDegrees>
              <LongitudeDegrees>-6.366683347150683</LongitudeDegrees>
            </Position>
            <AltitudeMeters>211.60000610351562</AltitudeMeters>
            <DistanceMeters>2001.030029296875</DistanceMeters>
            <HeartRateBpm>
              <Value>131</Value>
            </HeartRateBpm>
            <Extensions>
              <ns3:TPX>
                <ns3:Speed>2.556999921798706</ns3:Speed>
                <ns3:RunCadence>84</ns3:RunCadence>
              </ns3:TPX>
            </Extensions>
          </Trackpoint>
        </Track>
        <Extensions>
          <ns3:LX>
            <ns3:AvgSpeed>2.670000076293945</ns3:AvgSpeed>
            <ns3:AvgRunCadence>84</ns3:AvgRunCadence>
            <ns3:MaxRunCadence>86</ns3:MaxRunCadence>
          </ns3:LX>
        </Extensions>
      </Lap>
      <Lap StartTime="2026-01-11T09:20:31.000Z">
        <TotalTimeSeconds>355.41</TotalTimeSeconds>
        <DistanceMeters>1000.0</DistanceMeters>
        <MaximumSpeed>2.9019999504089355</MaximumSpeed>
        <Calories>75</Calories>
        <AverageHeartRateBpm>
          <Value>134</Value>
        </AverageHeartRateBpm>
        <MaximumHeartRateBpm>
          <Value>138</Value>
        </MaximumHeartRateBpm>
        <Intensity>Active</Intensity>
        <TriggerMethod>Manual</TriggerMethod>
        <Track>
          <Trackpoint>
            <Time>2026-01-11T09:20:32.000Z</Time>
            <Position>
              <LatitudeDegrees>38.9251633733511</LatitudeDegrees>
              <LongitudeDegrees>-6.366632301360369</LongitudeDegrees>
            </Position>
            <AltitudeMeters>211.60000610351562</AltitudeMeters>
            <DistanceMeters>2006.6400146484375</DistanceMeters>
            <HeartRateBpm>
              <Value>131</Value>
            </HeartRateBpm>
            <Extensions>
              <ns3:TPX>
                <ns3:Speed>2.546999931335449</ns3:Speed>
                <ns3:RunCadence>84</ns3:RunCadence>
              </ns3:TPX>
            </Extensions>
          </Trackpoint>
          <Trackpoint>
            <Time>2026-01-11T09:20:40.000Z</Time>
            <Position>
              <LatitudeDegrees>38.92510092817247</LatitudeDegrees>
              <LongitudeDegrees>-6.366397524252534</LongitudeDegrees>
            </Position>
            <AltitudeMeters>211.1999969482422</AltitudeMeters>
            <DistanceMeters>2028.81005859375</DistanceMeters>
            <HeartRateBpm>
              <Value>131</Value>
            </HeartRateBpm>
            <Extensions>
              <ns3:TPX>
                <ns3:Speed>2.556999921798706</ns3:Speed>
                <ns3:RunCadence>84</ns3:RunCadence>
              </ns3:TPX>
            </Extensions>
          </Trackpoint>
          <Trackpoint>
            <Time>2026-01-11T09:20:47.000Z</Time>
            <Position>
              <LatitudeDegrees>38.925100676715374</LatitudeDegrees>
              <LongitudeDegrees>-6.3661891501396894</LongitudeDegrees>
            </Position>
            <AltitudeMeters>210.39999389648438</AltitudeMeters>
            <DistanceMeters>2047.3199462890625</DistanceMeters>
            <HeartRateBpm>
              <Value>131</Value>
            </HeartRateBpm>
            <Extensions>
              <ns3:TPX>
                <ns3:Speed>2.575000047683716</ns3:Speed>
                <ns3:RunCadence>83</ns3:RunCadence>
              </ns3:TPX>
            </Extensions>
          </Trackpoint>
          <Trackpoint>
            <Time>2026-01-11T09:20:54.000Z</Time>
            <Position>
              <LatitudeDegrees>38.92499045468867</LatitudeDegrees>
              <LongitudeDegrees>-6.366015644744039</LongitudeDegrees>
            </Position>
            <AltitudeMeters>210.0</AltitudeMeters>
            <DistanceMeters>2066.860107421875</DistanceMeters>
            <HeartRateBpm>
              <Value>131</Value>
            </HeartRateBpm>
            <Extensions>
              <ns3:TPX>
                <ns3:Speed>2.5850000381469727</ns3:Speed>
                <ns3:RunCadence>83</ns3:RunCadence>
              </ns3:TPX>
            </Extensions>
          </Trackpoint>
          <Trackpoint>
            <Time>2026-01-11T09:20:59.000Z</Time>
            <Position>
              <LatitudeDegrees>38.924873946234584</LatitudeDegrees>
              <LongitudeDegrees>-6.365975495427847</LongitudeDegrees>
            </Position>
            <AltitudeMeters>210.39999389648438</AltitudeMeters>
            <DistanceMeters>2080.320068359375</DistanceMeters>
            <HeartRateBpm>
              <Value>131</Value>
            </HeartRateBpm>
            <Extensions>
              <ns3:TPX>
                <ns3:Speed>2.5940001010894775</ns3:Speed>
                <ns3:RunCadence>84</ns3:RunCadence>
              </ns3:TPX>
            </Extensions>
          </Trackpoint>
          <Trackpoint>
            <Time>2026-01-11T09:21:05.000Z</Time>
            <Position>
              <LatitudeDegrees>38.92475601285696</LatitudeDegrees>
              <LongitudeDegrees>-6.365872984752059</LongitudeDegrees>
            </Position>
            <AltitudeMeters>210.60000610351562</AltitudeMeters>
            <DistanceMeters>2096.409912109375</DistanceMeters>
            <HeartRateBpm>
              <Value>131</Value>
            </HeartRateBpm>
            <Extensions>
              <ns3:TPX>
                <ns3:Speed>2.6029999256134033</ns3:Speed>
                <ns3:RunCadence>84</ns3:RunCadence>
              </ns3:TPX>
            </Extensions>
          </Trackpoint>
          <Trackpoint>
            <Time>2026-01-11T09:21:13.000Z</Time>
            <Position>
              <LatitudeDegrees>38.92464084550738</LatitudeDegrees>
              <LongitudeDegrees>-6.365668047219515</LongitudeDegrees>
            </Position>
            <AltitudeMeters>210.8000030517578</AltitudeMeters>
            <DistanceMeters>2118.320068359375</DistanceMeters>
            <HeartRateBpm>
              <Value>133</Value>
            </HeartRateBpm>
            <Extensions>
              <ns3:TPX>
                <ns3:Speed>2.6029999256134033</ns3:Speed>
                <ns3:RunCadence>84</ns3:RunCadence>
              </ns3:TPX>
            </Extensions>
          </Trackpoint>
          <Trackpoint>
            <Time>2026-01-11T09:21:15.000Z</Time>
            <Position>
              <LatitudeDegrees>38.92461477778852</LatitudeDegrees>
              <LongitudeDegrees>-6.365616666153073</LongitudeDegrees>
            </Position>
            <AltitudeMeters>210.60000610351562</AltitudeMeters>
            <DistanceMeters>2123.6298828125</DistanceMeters>
            <HeartRateBpm>
              <Value>131</Value>
            </HeartRateBpm>
            <Extensions>
              <ns3:TPX>
                <ns3:Speed>2.6029999256134033</ns3:Speed>
                <ns3:RunCadence>84</ns3:RunCadence>
              </ns3:TPX>
            </Extensions>
          </Trackpoint>
          <Trackpoint>
            <Time>2026-01-11T09:21:22.000Z</Time>
            <Position>
              <LatitudeDegrees>38.924510506913066</LatitudeDegrees>
              <LongitudeDegrees>-6.365425726398826</LongitudeDegrees>
            </Position>
            <AltitudeMeters>209.8000030517578</AltitudeMeters>
            <DistanceMeters>2143.830078125</DistanceMeters>
            <HeartRateBpm>
              <Value>131</Value>
            </HeartRateBpm>
            <Extensions>
              <ns3:TPX>
                <ns3:Speed>2.63100004196167</ns3:Speed>
                <ns3:RunCadence>86</ns3:RunCadence>
              </ns3:TPX>
            </Extensions>
          </Trackpoint>
          <Trackpoint>
            <Time>2026-01-11T09:21:24.000Z</Time>
            <Position>
              <LatitudeDegrees>38.924480667337775</LatitudeDegrees>
              <LongitudeDegrees>-6.365369400009513</LongitudeDegrees>
            </Position>
            <AltitudeMeters>209.8000030517578</AltitudeMeters>
            <DistanceMeters>2149.719970703125</DistanceMeters>
            <HeartRateBpm>
              <Value>131</Value>
            </HeartRateBpm>
            <Extensions>
              <ns3:TPX>
                <ns3:Speed>2.6410000324249268</ns3:Speed>
                <ns3:RunCadence>85</ns3:RunCadence>
              </ns3:TPX>
            </Extensions>
          </Trackpoint>
          <Trackpoint>
            <Time>2026-01-11T09:21:31.000Z</Time>
            <Position>
              <LatitudeDegrees>38.924373630434275</LatitudeDegrees>
              <LongitudeDegrees>-6.365170581266284</LongitudeDegrees>
            </Position>
            <AltitudeMeters>208.39999389648438</AltitudeMeters>
            <DistanceMeters>2170.659912109375</DistanceMeters>
            <HeartRateBpm>
              <Value>132</Value>
            </HeartRateBpm>
            <Extensions>
              <ns3:TPX>
                <ns3:Speed>2.677999973297119</ns3:Speed>
                <ns3:RunCadence>84</ns3:RunCadence>
              </ns3:TPX>
            </Extensions>
          </Trackpoint>
          <Trackpoint>
            <Time>2026-01-11T09:21:34.000Z</Time>
            <Position>
              <LatitudeDegrees>38.92432610504329</LatitudeDegrees>
              <LongitudeDegrees>-6.3650882709771395</LongitudeDegrees>
            </Position>
            <AltitudeMeters>208.39999389648438</AltitudeMeters>
            <DistanceMeters>2179.550048828125</DistanceMeters>
            <HeartRateBpm>
              <Value>132</Value>
            </HeartRateBpm>
            <Extensions>
              <ns3:TPX>
                <ns3:Speed>2.697000026702881</ns3:Speed>
                <ns3:RunCadence>84</ns3:RunCadence>
              </ns3:TPX>
            </Extensions>
          </Trackpoint>
          <Trackpoint>
            <Time>2026-01-11T09:21:41.000Z</Time>
            <Position>
              <LatitudeDegrees>38.92421839758754</LatitudeDegrees>
              <LongitudeDegrees>-6.364899342879653</LongitudeDegrees>
            </Position>
            <AltitudeMeters>207.8000030517578</AltitudeMeters>
            <DistanceMeters>2199.830078125</DistanceMeters>
            <HeartRateBpm>
              <Value>134</Value>
            </HeartRateBpm>
            <Extensions>
              <ns3:TPX>
                <ns3:Speed>2.7339999675750732</ns3:Speed>
                <ns3:RunCadence>84</ns3:RunCadence>
              </ns3:TPX>
            </Extensions>
          </Trackpoint>
          <Trackpoint>
            <Time>2026-01-11T09:21:44.000Z</Time>
            <Position>
              <LatitudeDegrees>38.92417456023395</LatitudeDegrees>
              <LongitudeDegrees>-6.364823067560792</LongitudeDegrees>
            </Position>
            <AltitudeMeters>207.39999389648438</AltitudeMeters>
            <DistanceMeters>2208.0400390625</DistanceMeters>
            <HeartRateBpm>
              <Value>134</Value>
            </HeartRateBpm>
            <Extensions>
              <ns3:TPX>
                <ns3:Speed>2.743000030517578</ns3:Speed>
                <ns3:RunCadence>84</ns3:RunCadence>
              </ns3:TPX>
            </Extensions>
          </Trackpoint>
          <Trackpoint>
            <Time>2026-01-11T09:21:51.000Z</Time>
            <Position>
              <LatitudeDegrees>38.92406324855983</LatitudeDegrees>
              <LongitudeDegrees>-6.364629194140434</LongitudeDegrees>
            </Position>
            <AltitudeMeters>207.39999389648438</AltitudeMeters>
            <DistanceMeters>2228.89990234375</DistanceMeters>
            <HeartRateBpm>
              <Value>135</Value>
            </HeartRateBpm>
            <Extensions>
              <ns3:TPX>
                <ns3:Speed>2.7809998989105225</ns3:Speed>
                <ns3:RunCadence>84</ns3:RunCadence>
              </ns3:TPX>
            </Extensions>
          </Trackpoint>
          <Trackpoint>
            <Time>2026-01-11T09:21:53.000Z</Time>
            <Position>
              <LatitudeDegrees>38.92403089441359</LatitudeDegrees>
              <LongitudeDegrees>-6.3645716942846775</LongitudeDegrees>
            </Position>
            <AltitudeMeters>207.39999389648438</AltitudeMeters>
            <DistanceMeters>2235.050048828125</DistanceMeters>
            <HeartRateBpm>
              <Value>136</Value>
            </HeartRateBpm>
            <Extensions>
              <ns3:TPX>
                <ns3:Speed>2.7899999618530273</ns3:Speed>
                <ns3:RunCadence>84</ns3:RunCadence>
              </ns3:TPX>
            </Extensions>
          </Trackpoint>
          <Trackpoint>
            <Time>2026-01-11T09:22:00.000Z</Time>
            <Position>
              <LatitudeDegrees>38.923919247463346</LatitudeDegrees>
              <LongitudeDegrees>-6.3643864542245865</LongitudeDegrees>
            </Position>
            <AltitudeMeters>207.39999389648438</AltitudeMeters>
            <DistanceMeters>2255.35009765625</DistanceMeters>
            <HeartRateBpm>
              <Value>136</Value>
            </HeartRateBpm>
            <Extensions>
              <ns3:TPX>
                <ns3:Speed>2.818000078201294</ns3:Speed>
                <ns3:RunCadence>83</ns3:RunCadence>
              </ns3:TPX>
            </Extensions>
          </Trackpoint>
          <Trackpoint>
            <Time>2026-01-11T09:22:02.000Z</Time>
            <Position>
              <LatitudeDegrees>38.92388882115483</LatitudeDegrees>
              <LongitudeDegrees>-6.364329038187861</LongitudeDegrees>
            </Position>
            <AltitudeMeters>207.0</AltitudeMeters>
            <DistanceMeters>2261.360107421875</DistanceMeters>
            <HeartRateBpm>
              <Value>136</Value>
            </HeartRateBpm>
            <Extensions>
              <ns3:TPX>
                <ns3:Speed>2.818000078201294</ns3:Speed>
                <ns3:RunCadence>84</ns3:RunCadence>
              </ns3:TPX>
            </Extensions>
          </Trackpoint>
          <Trackpoint>
            <Time>2026-01-11T09:22:10.000Z</Time>
            <Position>
              <LatitudeDegrees>38.923776084557176</LatitudeDegrees>
              <LongitudeDegrees>-6.364122088998556</LongitudeDegrees>
            </Position>
            <AltitudeMeters>207.1999969482422</AltitudeMeters>
            <DistanceMeters>2283.22998046875</DistanceMeters>
            <HeartRateBpm>
              <Value>135</Value>
            </HeartRateBpm>
            <Extensions>
              <ns3:TPX>
                <ns3:Speed>2.8369998931884766</ns3:Speed>
                <ns3:RunCadence>84</ns3:RunCadence>
              </ns3:TPX>
            </Extensions>
          </Trackpoint>
          <Trackpoint>
            <Time>2026-01-11T09:22:12.000Z</Time>
            <Position>
              <LatitudeDegrees>38.92374465242028</LatitudeDegrees>
              <LongitudeDegrees>-6.364062745124102</LongitudeDegrees>
            </Position>
            <AltitudeMeters>207.1999969482422</AltitudeMeters>
            <DistanceMeters>2289.449951171875</DistanceMeters>
            <HeartRateBpm>
              <Value>135</Value>
            </HeartRateBpm>
            <Extensions>
              <ns3:TPX>
                <ns3:Speed>2.8459999561309814</ns3:Speed>
                <ns3:RunCadence>84</ns3:RunCadence>
              </ns3:TPX>
            </Extensions>
          </Trackpoint>
          <Trackpoint>
            <Time>2026-01-11T09:22:19.000Z</Time>
            <Position>
              <LatitudeDegrees>38.923638202250004</LatitudeDegrees>
              <LongitudeDegrees>-6.3638692907989025</LongitudeDegrees>
            </Position>
            <AltitudeMeters>207.1999969482422</AltitudeMeters>
            <DistanceMeters>2309.97998046875</DistanceMeters>
            <HeartRateBpm>
              <Value>136</Value>
            </HeartRateBpm>
            <Extensions>
              <ns3:TPX>
                <ns3:Speed>2.8550000190734863</ns3:Speed>
                <ns3:RunCadence>85</ns3:RunCadence>
              </ns3:TPX>
            </Extensions>
          </Trackpoint>
          <Trackpoint>
            <Time>2026-01-11T09:22:23.000Z</Time>
            <Position>
              <LatitudeDegrees>38.92358078621328</LatitudeDegrees>
              <LongitudeDegrees>-6.363765187561512</LongitudeDegrees>
            </Position>
            <AltitudeMeters>206.60000610351562</AltitudeMeters>
            <DistanceMeters>2321.030029296875</DistanceMeters>
            <HeartRateBpm>
              <Value>135</Value>
            </HeartRateBpm>
            <Extensions>
              <ns3:TPX>
                <ns3:Speed>2.865000009536743</ns3:Speed>
                <ns3:RunCadence>85</ns3:RunCadence>
              </ns3:TPX>
            </Extensions>
          </Trackpoint>
          <Trackpoint>
            <Time>2026-01-11T09:22:31.000Z</Time>
            <Position>
              <LatitudeDegrees>38.92346595413983</LatitudeDegrees>
              <LongitudeDegrees>-6.363559328019619</LongitudeDegrees>
            </Position>
            <AltitudeMeters>206.60000610351562</AltitudeMeters>
            <DistanceMeters>2342.97998046875</DistanceMeters>
            <HeartRateBpm>
              <Value>135</Value>
            </HeartRateBpm>
            <Extensions>
              <ns3:TPX>
                <ns3:Speed>2.865000009536743</ns3:Speed>
                <ns3:RunCadence>84</ns3:RunCadence>
              </ns3:TPX>
            </Extensions>
          </Trackpoint>
          <Trackpoint>
            <Time>2026-01-11T09:22:34.000Z</Time>
            <Position>
              <LatitudeDegrees>38.923421278595924</LatitudeDegrees>
              <LongitudeDegrees>-6.363479197025299</LongitudeDegrees>
            </Position>
            <AltitudeMeters>206.1999969482422</AltitudeMeters>
            <DistanceMeters>2351.52001953125</DistanceMeters>
            <HeartRateBpm>
              <Value>134</Value>
            </HeartRateBpm>
            <Extensions>
              <ns3:TPX>
                <ns3:Speed>2.865000009536743</ns3:Speed>
                <ns3:RunCadence>84</ns3:RunCadence>
              </ns3:TPX>
            </Extensions>
          </Trackpoint>
          <Trackpoint>
            <Time>2026-01-11T09:22:42.000Z</Time>
            <Position>
              <LatitudeDegrees>38.92329555004835</LatitudeDegrees>
              <LongitudeDegrees>-6.3632776122540236</LongitudeDegrees>
            </Position>
            <AltitudeMeters>205.39999389648438</AltitudeMeters>
            <DistanceMeters>2373.89990234375</DistanceMeters>
            <HeartRateBpm>
              <Value>136</Value>
            </HeartRateBpm>
            <Extensions>
              <ns3:TPX>
                <ns3:Speed>2.865000009536743</ns3:Speed>
                <ns3:RunCadence>84</ns3:RunCadence>
              </ns3:TPX>
            </Extensions>
          </Trackpoint>
          <Trackpoint>
            <Time>2026-01-11T09:22:43.000Z</Time>
            <Position>
              <LatitudeDegrees>38.92327987588942</LatitudeDegrees>
              <LongitudeDegrees>-6.36325690895319</LongitudeDegrees>
            </Position>
            <AltitudeMeters>205.39999389648438</AltitudeMeters>
            <DistanceMeters>2376.39990234375</DistanceMeters>
            <HeartRateBpm>
              <Value>134</Value>
            </HeartRateBpm>
            <Extensions>
              <ns3:TPX>
                <ns3:Speed>2.8550000190734863</ns3:Speed>
                <ns3:RunCadence>84</ns3:RunCadence>
              </ns3:TPX>
            </Extensions>
          </Trackpoint>
          <Trackpoint>
            <Time>2026-01-11T09:22:50.000Z</Time>
            <Position>
              <LatitudeDegrees>38.92316747456789</LatitudeDegrees>
              <LongitudeDegrees>-6.3630699925124645</LongitudeDegrees>
            </Position>
            <AltitudeMeters>205.39999389648438</AltitudeMeters>
            <DistanceMeters>2396.860107421875</DistanceMeters>
            <HeartRateBpm>
              <Value>135</Value>
            </HeartRateBpm>
            <Extensions>
              <ns3:TPX>
                <ns3:Speed>2.865000009536743</ns3:Speed>
                <ns3:RunCadence>84</ns3:RunCadence>
              </ns3:TPX>
            </Extensions>
          </Trackpoint>
          <Trackpoint>
            <Time>2026-01-11T09:22:51.000Z</Time>
            <Position>
              <LatitudeDegrees>38.9231513813138</LatitudeDegrees>
              <LongitudeDegrees>-6.3630464393645525</LongitudeDegrees>
            </Position>
            <AltitudeMeters>205.39999389648438</AltitudeMeters>
            <DistanceMeters>2399.570068359375</DistanceMeters>
            <HeartRateBpm>
              <Value>134</Value>
            </HeartRateBpm>
            <Extensions>
              <ns3:TPX>
                <ns3:Speed>2.865000009536743</ns3:Speed>
                <ns3:RunCadence>84</ns3:RunCadence>
              </ns3:TPX>
            </Extensions>
          </Trackpoint>
          <Trackpoint>
            <Time>2026-01-11T09:22:59.000Z</Time>
            <Position>
              <LatitudeDegrees>38.92301785759628</LatitudeDegrees>
              <LongitudeDegrees>-6.362856086343527</LongitudeDegrees>
            </Position>
            <AltitudeMeters>205.0</AltitudeMeters>
            <DistanceMeters>2421.760009765625</DistanceMeters>
            <HeartRateBpm>
              <Value>130</Value>
            </HeartRateBpm>
            <Extensions>
              <ns3:TPX>
                <ns3:Speed>2.874000072479248</ns3:Speed>
                <ns3:RunCadence>84</ns3:RunCadence>
              </ns3:TPX>
            </Extensions>
          </Trackpoint>
          <Trackpoint>
            <Time>2026-01-11T09:23:01.000Z</Time>
            <Position>
              <LatitudeDegrees>38.922983491793275</LatitudeDegrees>
              <LongitudeDegrees>-6.362810907885432</LongitudeDegrees>
            </Position>
            <AltitudeMeters>204.8000030517578</AltitudeMeters>
            <DistanceMeters>2427.219970703125</DistanceMeters>
            <HeartRateBpm>
              <Value>131</Value>
            </HeartRateBpm>
            <Extensions>
              <ns3:TPX>
                <ns3:Speed>2.874000072479248</ns3:Speed>
                <ns3:RunCadence>84</ns3:RunCadence>
              </ns3:TPX>
            </Extensions>
          </Trackpoint>
          <Trackpoint>
            <Time>2026-01-11T09:23:09.000Z</Time>
            <Position>
              <LatitudeDegrees>38.92284980043769</LatitudeDegrees>
              <LongitudeDegrees>-6.362612172961235</LongitudeDegrees>
            </Position>
            <AltitudeMeters>205.39999389648438</AltitudeMeters>
            <DistanceMeters>2450.0</DistanceMeters>
            <HeartRateBpm>
              <Value>133</Value>
            </HeartRateBpm>
            <Extensions>
              <ns3:TPX>
                <ns3:Speed>2.865000009536743</ns3:Speed>
                <ns3:RunCadence>84</ns3:RunCadence>
              </ns3:TPX>
            </Extensions>
          </Trackpoint>
          <Trackpoint>
            <Time>2026-01-11T09:23:11.000Z</Time>
            <Position>
              <LatitudeDegrees>38.92283035442233</LatitudeDegrees>
              <LongitudeDegrees>-6.362556600943208</LongitudeDegrees>
            </Position>
            <AltitudeMeters>205.39999389648438</AltitudeMeters>
            <DistanceMeters>2455.2900390625</DistanceMeters>
            <HeartRateBpm>
              <Value>133</Value>
            </HeartRateBpm>
            <Extensions>
              <ns3:TPX>
                <ns3:Speed>2.865000009536743</ns3:Speed>
                <ns3:RunCadence>84</ns3:RunCadence>
              </ns3:TPX>
            </Extensions>
          </Trackpoint>
          <Trackpoint>
            <Time>2026-01-11T09:23:19.000Z</Time>
            <Position>
              <LatitudeDegrees>38.92282750457525</LatitudeDegrees>
              <LongitudeDegrees>-6.362308915704489</LongitudeDegrees>
            </Position>
            <AltitudeMeters>205.0</AltitudeMeters>
            <DistanceMeters>2476.820068359375</DistanceMeters>
            <HeartRateBpm>
              <Value>134</Value>
            </HeartRateBpm>
            <Extensions>
              <ns3:TPX>
                <ns3:Speed>2.8550000190734863</ns3:Speed>
                <ns3:RunCadence>83</ns3:RunCadence>
              </ns3:TPX>
            </Extensions>
          </Trackpoint>
          <Trackpoint>
            <Time>2026-01-11T09:23:25.000Z</Time>
            <Position>
              <LatitudeDegrees>38.92279699444771</LatitudeDegrees>
              <LongitudeDegrees>-6.3621296267956495</LongitudeDegrees>
            </Position>
            <AltitudeMeters>204.39999389648438</AltitudeMeters>
            <DistanceMeters>2492.949951171875</DistanceMeters>
            <HeartRateBpm>
              <Value>134</Value>
            </HeartRateBpm>
            <Extensions>
              <ns3:TPX>
                <ns3:Speed>2.8369998931884766</ns3:Speed>
                <ns3:RunCadence>84</ns3:RunCadence>
              </ns3:TPX>
            </Extensions>
          </Trackpoint>
          <Trackpoint>
            <Time>2026-01-11T09:23:32.000Z</Time>
            <Position>
              <LatitudeDegrees>38.9226748701185</LatitudeDegrees>
              <LongitudeDegrees>-6.361977159976959</LongitudeDegrees>
            </Position>
            <AltitudeMeters>204.60000610351562</AltitudeMeters>
            <DistanceMeters>2512.0400390625</DistanceMeters>
            <HeartRateBpm>
              <Value>133</Value>
            </HeartRateBpm>
            <Extensions>
              <ns3:TPX>
                <ns3:Speed>2.8269999027252197</ns3:Speed>
                <ns3:RunCadence>84</ns3:RunCadence>
              </ns3:TPX>
            </Extensions>
          </Trackpoint>
          <Trackpoint>
            <Time>2026-01-11T09:23:39.000Z</Time>
            <Position>
              <LatitudeDegrees>38.922499688342214</LatitudeDegrees>
              <LongitudeDegrees>-6.36192686855793</LongitudeDegrees>
            </Position>
            <AltitudeMeters>205.1999969482422</AltitudeMeters>
            <DistanceMeters>2532.159912109375</DistanceMeters>
            <HeartRateBpm>
              <Value>130</Value>
            </HeartRateBpm>
            <Extensions>
              <ns3:TPX>
                <ns3:Speed>2.818000078201294</ns3:Speed>
                <ns3:RunCadence>84</ns3:RunCadence>
              </ns3:TPX>
            </Extensions>
          </Trackpoint>
          <Trackpoint>
            <Time>2026-01-11T09:23:45.000Z</Time>
            <Position>
              <LatitudeDegrees>38.922348730266094</LatitudeDegrees>
              <LongitudeDegrees>-6.36193810030818</LongitudeDegrees>
            </Position>
            <AltitudeMeters>205.1999969482422</AltitudeMeters>
            <DistanceMeters>2549.239990234375</DistanceMeters>
            <HeartRateBpm>
              <Value>132</Value>
            </HeartRateBpm>
            <Extensions>
              <ns3:TPX>
                <ns3:Speed>2.809000015258789</ns3:Speed>
                <ns3:RunCadence>83</ns3:RunCadence>
              </ns3:TPX>
            </Extensions>
          </Trackpoint>
          <Trackpoint>
            <Time>2026-01-11T09:23:46.000Z</Time>
            <Position>
              <LatitudeDegrees>38.92232559621334</LatitudeDegrees>
              <LongitudeDegrees>-6.361919408664107</LongitudeDegrees>
            </Position>
            <AltitudeMeters>205.1999969482422</AltitudeMeters>
            <DistanceMeters>2552.280029296875</DistanceMeters>
            <HeartRateBpm>
              <Value>133</Value>
            </HeartRateBpm>
            <Extensions>
              <ns3:TPX>
                <ns3:Speed>2.809000015258789</ns3:Speed>
                <ns3:RunCadence>83</ns3:RunCadence>
              </ns3:TPX>
            </Extensions>
          </Trackpoint>
          <Trackpoint>
            <Time>2026-01-11T09:23:50.000Z</Time>
            <Position>
              <LatitudeDegrees>38.92225275747478</LatitudeDegrees>
              <LongitudeDegrees>-6.361826453357935</LongitudeDegrees>
            </Position>
            <AltitudeMeters>205.39999389648438</AltitudeMeters>
            <DistanceMeters>2563.719970703125</DistanceMeters>
            <HeartRateBpm>
              <Value>138</Value>
            </HeartRateBpm>
            <Extensions>
              <ns3:TPX>
                <ns3:Speed>2.809000015258789</ns3:Speed>
                <ns3:RunCadence>84</ns3:RunCadence>
              </ns3:TPX>
            </Extensions>
          </Trackpoint>
          <Trackpoint>
            <Time>2026-01-11T09:23:52.000Z</Time>
            <Position>
              <LatitudeDegrees>38.922218810766935</LatitudeDegrees>
              <LongitudeDegrees>-6.361775323748589</LongitudeDegrees>
            </Position>
            <AltitudeMeters>205.39999389648438</AltitudeMeters>
            <DistanceMeters>2569.530029296875</DistanceMeters>
            <HeartRateBpm>
              <Value>135</Value>
            </HeartRateBpm>
            <Extensions>
              <ns3:TPX>
                <ns3:Speed>2.809000015258789</ns3:Speed>
                <ns3:RunCadence>83</ns3:RunCadence>
              </ns3:TPX>
            </Extensions>
          </Trackpoint>
          <Trackpoint>
            <Time>2026-01-11T09:23:53.000Z</Time>
            <Position>
              <LatitudeDegrees>38.922201627865434</LatitudeDegrees>
              <LongitudeDegrees>-6.361750932410359</LongitudeDegrees>
            </Position>
            <AltitudeMeters>205.39999389648438</AltitudeMeters>
            <DistanceMeters>2572.389892578125</DistanceMeters>
            <HeartRateBpm>
              <Value>135</Value>
            </HeartRateBpm>
            <Extensions>
              <ns3:TPX>
                <ns3:Speed>2.818000078201294</ns3:Speed>
                <ns3:RunCadence>83</ns3:RunCadence>
              </ns3:TPX>
            </Extensions>
          </Trackpoint>
          <Trackpoint>
            <Time>2026-01-11T09:24:00.000Z</Time>
            <Position>
              <LatitudeDegrees>38.92207640223205</LatitudeDegrees>
              <LongitudeDegrees>-6.361582623794675</LongitudeDegrees>
            </Position>
            <AltitudeMeters>206.8000030517578</AltitudeMeters>
            <DistanceMeters>2592.550048828125</DistanceMeters>
            <HeartRateBpm>
              <Value>135</Value>
            </HeartRateBpm>
            <Extensions>
              <ns3:TPX>
                <ns3:Speed>2.818000078201294</ns3:Speed>
                <ns3:RunCadence>84</ns3:RunCadence>
              </ns3:TPX>
            </Extensions>
          </Trackpoint>
          <Trackpoint>
            <Time>2026-01-11T09:24:07.000Z</Time>
            <Position>
              <LatitudeDegrees>38.92195084132254</LatitudeDegrees>
              <LongitudeDegrees>-6.361415656283498</LongitudeDegrees>
            </Position>
            <AltitudeMeters>207.8000030517578</AltitudeMeters>
            <DistanceMeters>2612.64990234375</DistanceMeters>
            <HeartRateBpm>
              <Value>136</Value>
            </HeartRateBpm>
            <Extensions>
              <ns3:TPX>
                <ns3:Speed>2.8369998931884766</ns3:Speed>
                <ns3:RunCadence>83</ns3:RunCadence>
              </ns3:TPX>
            </Extensions>
          </Trackpoint>
          <Trackpoint>
            <Time>2026-01-11T09:24:10.000Z</Time>
            <Position>
              <LatitudeDegrees>38.921900717541575</LatitudeDegrees>
              <LongitudeDegrees>-6.361343991011381</LongitudeDegrees>
            </Position>
            <AltitudeMeters>208.1999969482422</AltitudeMeters>
            <DistanceMeters>2620.989990234375</DistanceMeters>
            <HeartRateBpm>
              <Value>136</Value>
            </HeartRateBpm>
            <Extensions>
              <ns3:TPX>
                <ns3:Speed>2.8459999561309814</ns3:Speed>
                <ns3:RunCadence>84</ns3:RunCadence>
              </ns3:TPX>
            </Extensions>
          </Trackpoint>
          <Trackpoint>
            <Time>2026-01-11T09:24:17.000Z</Time>
            <Position>
              <LatitudeDegrees>38.92177146859467</LatitudeDegrees>
              <LongitudeDegrees>-6.361181298270822</LongitudeDegrees>
            </Position>
            <AltitudeMeters>207.8000030517578</AltitudeMeters>
            <DistanceMeters>2641.1201171875</DistanceMeters>
            <HeartRateBpm>
              <Value>136</Value>
            </HeartRateBpm>
            <Extensions>
              <ns3:TPX>
                <ns3:Speed>2.8550000190734863</ns3:Speed>
                <ns3:RunCadence>83</ns3:RunCadence>
              </ns3:TPX>
            </Extensions>
          </Trackpoint>
          <Trackpoint>
            <Time>2026-01-11T09:24:19.000Z</Time>
            <Position>
              <LatitudeDegrees>38.92173777334392</LatitudeDegrees>
              <LongitudeDegrees>-6.3611365389078856</LongitudeDegrees>
            </Position>
            <AltitudeMeters>207.60000610351562</AltitudeMeters>
            <DistanceMeters>2646.5</DistanceMeters>
            <HeartRateBpm>
              <Value>136</Value>
            </HeartRateBpm>
            <Extensions>
              <ns3:TPX>
                <ns3:Speed>2.8550000190734863</ns3:Speed>
                <ns3:RunCadence>84</ns3:RunCadence>
              </ns3:TPX>
            </Extensions>
          </Trackpoint>
          <Trackpoint>
            <Time>2026-01-11T09:24:27.000Z</Time>
            <Position>
              <LatitudeDegrees>38.9215936884284</LatitudeDegrees>
              <LongitudeDegrees>-6.360959094017744</LongitudeDegrees>
            </Position>
            <AltitudeMeters>207.39999389648438</AltitudeMeters>
            <DistanceMeters>2668.68994140625</DistanceMeters>
            <HeartRateBpm>
              <Value>134</Value>
            </HeartRateBpm>
            <Extensions>
              <ns3:TPX>
                <ns3:Speed>2.8459999561309814</ns3:Speed>
                <ns3:RunCadence>84</ns3:RunCadence>
              </ns3:TPX>
            </Extensions>
          </Trackpoint>
          <Trackpoint>
            <Time>2026-01-11T09:24:28.000Z</Time>
            <Position>
              <LatitudeDegrees>38.921575248241425</LatitudeDegrees>
              <LongitudeDegrees>-6.3609354570508</LongitudeDegrees>
            </Position>
            <AltitudeMeters>207.0</AltitudeMeters>
            <DistanceMeters>2671.590087890625</DistanceMeters>
            <HeartRateBpm>
              <Value>137</Value>
            </HeartRateBpm>
            <Extensions>
              <ns3:TPX>
                <ns3:Speed>2.8459999561309814</ns3:Speed>
                <ns3:RunCadence>83</ns3:RunCadence>
              </ns3:TPX>
            </Extensions>
          </Trackpoint>
          <Trackpoint>
            <Time>2026-01-11T09:24:35.000Z</Time>
            <Position>
              <LatitudeDegrees>38.92144658602774</LatitudeDegrees>
              <LongitudeDegrees>-6.360763879492879</LongitudeDegrees>
            </Position>
            <AltitudeMeters>205.39999389648438</AltitudeMeters>
            <DistanceMeters>2692.219970703125</DistanceMeters>
            <HeartRateBpm>
              <Value>136</Value>
            </HeartRateBpm>
            <Extensions>
              <ns3:TPX>
                <ns3:Speed>2.8459999561309814</ns3:Speed>
                <ns3:RunCadence>83</ns3:RunCadence>
              </ns3:TPX>
            </Extensions>
          </Trackpoint>
          <Trackpoint>
            <Time>2026-01-11T09:24:42.000Z</Time>
            <Position>
              <LatitudeDegrees>38.92132353968918</LatitudeDegrees>
              <LongitudeDegrees>-6.360595067963004</LongitudeDegrees>
            </Position>
            <AltitudeMeters>204.8000030517578</AltitudeMeters>
            <DistanceMeters>2712.239990234375</DistanceMeters>
            <HeartRateBpm>
              <Value>136</Value>
            </HeartRateBpm>
            <Extensions>
              <ns3:TPX>
                <ns3:Speed>2.8550000190734863</ns3:Speed>
                <ns3:RunCadence>84</ns3:RunCadence>
              </ns3:TPX>
            </Extensions>
          </Trackpoint>
          <Trackpoint>
            <Time>2026-01-11T09:24:49.000Z</Time>
            <Position>
              <LatitudeDegrees>38.92120133154094</LatitudeDegrees>
              <LongitudeDegrees>-6.360424077138305</LongitudeDegrees>
            </Position>
            <AltitudeMeters>204.0</AltitudeMeters>
            <DistanceMeters>2732.35009765625</DistanceMeters>
            <HeartRateBpm>
              <Value>135</Value>
            </HeartRateBpm>
            <Extensions>
              <ns3:TPX>
                <ns3:Speed>2.865000009536743</ns3:Speed>
                <ns3:RunCadence>84</ns3:RunCadence>
              </ns3:TPX>
            </Extensions>
          </Trackpoint>
          <Trackpoint>
            <Time>2026-01-11T09:24:53.000Z</Time>
            <Position>
              <LatitudeDegrees>38.92112027853727</LatitudeDegrees>
              <LongitudeDegrees>-6.360320057719946</LongitudeDegrees>
            </Position>
            <AltitudeMeters>204.0</AltitudeMeters>
            <DistanceMeters>2745.10009765625</DistanceMeters>
            <HeartRateBpm>
              <Value>136</Value>
            </HeartRateBpm>
            <Extensions>
              <ns3:TPX>
                <ns3:Speed>2.865000009536743</ns3:Speed>
                <ns3:RunCadence>84</ns3:RunCadence>
              </ns3:TPX>
            </Extensions>
          </Trackpoint>
          <Trackpoint>
            <Time>2026-01-11T09:25:00.000Z</Time>
            <Position>
              <LatitudeDegrees>38.92097351141274</LatitudeDegrees>
              <LongitudeDegrees>-6.360164321959019</LongitudeDegrees>
            </Position>
            <AltitudeMeters>206.60000610351562</AltitudeMeters>
            <DistanceMeters>2766.27001953125</DistanceMeters>
            <HeartRateBpm>
              <Value>138</Value>
            </HeartRateBpm>
            <Extensions>
              <ns3:TPX>
                <ns3:Speed>2.882999897003174</ns3:Speed>
                <ns3:RunCadence>83</ns3:RunCadence>
              </ns3:TPX>
            </Extensions>
          </Trackpoint>
          <Trackpoint>
            <Time>2026-01-11T09:25:03.000Z</Time>
            <Position>
              <LatitudeDegrees>38.9209065400064</LatitudeDegrees>
              <LongitudeDegrees>-6.360108247026801</LongitudeDegrees>
            </Position>
            <AltitudeMeters>206.60000610351562</AltitudeMeters>
            <DistanceMeters>2775.159912109375</DistanceMeters>
            <HeartRateBpm>
              <Value>138</Value>
            </HeartRateBpm>
            <Extensions>
              <ns3:TPX>
                <ns3:Speed>2.882999897003174</ns3:Speed>
                <ns3:RunCadence>83</ns3:RunCadence>
              </ns3:TPX>
            </Extensions>
          </Trackpoint>
          <Trackpoint>
            <Time>2026-01-11T09:25:08.000Z</Time>
            <Position>
              <LatitudeDegrees>38.92078927718103</LatitudeDegrees>
              <LongitudeDegrees>-6.360037419945002</LongitudeDegrees>
            </Position>
            <AltitudeMeters>207.39999389648438</AltitudeMeters>
            <DistanceMeters>2789.550048828125</DistanceMeters>
            <HeartRateBpm>
              <Value>135</Value>
            </HeartRateBpm>
            <Extensions>
              <ns3:TPX>
                <ns3:Speed>2.8929998874664307</ns3:Speed>
                <ns3:RunCadence>84</ns3:RunCadence>
              </ns3:TPX>
            </Extensions>
          </Trackpoint>
          <Trackpoint>
            <Time>2026-01-11T09:25:11.000Z</Time>
            <Position>
              <LatitudeDegrees>38.92071694135666</LatitudeDegrees>
              <LongitudeDegrees>-6.360004143789411</LongitudeDegrees>
            </Position>
            <AltitudeMeters>208.60000610351562</AltitudeMeters>
            <DistanceMeters>2798.070068359375</DistanceMeters>
            <HeartRateBpm>
              <Value>135</Value>
            </HeartRateBpm>
            <Extensions>
              <ns3:TPX>
                <ns3:Speed>2.9019999504089355</ns3:Speed>
                <ns3:RunCadence>85</ns3:RunCadence>
              </ns3:TPX>
            </Extensions>
          </Trackpoint>
          <Trackpoint>
            <Time>2026-01-11T09:25:19.000Z</Time>
            <Position>
              <LatitudeDegrees>38.92052600160241</LatitudeDegrees>
              <LongitudeDegrees>-6.359913535416126</LongitudeDegrees>
            </Position>
            <AltitudeMeters>207.8000030517578</AltitudeMeters>
            <DistanceMeters>2820.669921875</DistanceMeters>
            <HeartRateBpm>
              <Value>135</Value>
            </HeartRateBpm>
            <Extensions>
              <ns3:TPX>
                <ns3:Speed>2.8929998874664307</ns3:Speed>
                <ns3:RunCadence>83</ns3:RunCadence>
              </ns3:TPX>
            </Extensions>
          </Trackpoint>
          <Trackpoint>
            <Time>2026-01-11T09:25:22.000Z</Time>
            <Position>
              <LatitudeDegrees>38.92045073211193</LatitudeDegrees>
              <LongitudeDegrees>-6.3598807621747255</LongitudeDegrees>
            </Position>
            <AltitudeMeters>207.1999969482422</AltitudeMeters>
            <DistanceMeters>2829.5</DistanceMeters>
            <HeartRateBpm>
              <Value>135</Value>
            </HeartRateBpm>
            <Extensions>
              <ns3:TPX>
                <ns3:Speed>2.8929998874664307</ns3:Speed>
                <ns3:RunCadence>84</ns3:RunCadence>
              </ns3:TPX>
            </Extensions>
          </Trackpoint>
          <Trackpoint>
            <Time>2026-01-11T09:25:29.000Z</Time>
            <Position>
              <LatitudeDegrees>38.92027412541211</LatitudeDegrees>
              <LongitudeDegrees>-6.3598101027309895</LongitudeDegrees>
            </Position>
            <AltitudeMeters>206.39999389648438</AltitudeMeters>
            <DistanceMeters>2850.06005859375</DistanceMeters>
            <HeartRateBpm>
              <Value>136</Value>
            </HeartRateBpm>
            <Extensions>
              <ns3:TPX>
                <ns3:Speed>2.9019999504089355</ns3:Speed>
                <ns3:RunCadence>85</ns3:RunCadence>
              </ns3:TPX>
            </Extensions>
          </Trackpoint>
          <Trackpoint>
            <Time>2026-01-11T09:25:30.000Z</Time>
            <Position>
              <LatitudeDegrees>38.92024973407388</LatitudeDegrees>
              <LongitudeDegrees>-6.35980281047523</LongitudeDegrees>
            </Position>
            <AltitudeMeters>206.1999969482422</AltitudeMeters>
            <DistanceMeters>2852.830078125</DistanceMeters>
            <HeartRateBpm>
              <Value>135</Value>
            </HeartRateBpm>
            <Extensions>
              <ns3:TPX>
                <ns3:Speed>2.9019999504089355</ns3:Speed>
                <ns3:RunCadence>85</ns3:RunCadence>
              </ns3:TPX>
            </Extensions>
          </Trackpoint>
          <Trackpoint>
            <Time>2026-01-11T09:25:38.000Z</Time>
            <Position>
              <LatitudeDegrees>38.920062482357025</LatitudeDegrees>
              <LongitudeDegrees>-6.35972804389894</LongitudeDegrees>
            </Position>
            <AltitudeMeters>205.60000610351562</AltitudeMeters>
            <DistanceMeters>2874.6298828125</DistanceMeters>
            <HeartRateBpm>
              <Value>135</Value>
            </HeartRateBpm>
            <Extensions>
              <ns3:TPX>
                <ns3:Speed>2.9019999504089355</ns3:Speed>
                <ns3:RunCadence>85</ns3:RunCadence>
              </ns3:TPX>
            </Extensions>
          </Trackpoint>
          <Trackpoint>
            <Time>2026-01-11T09:25:40.000Z</Time>
            <Position>
              <LatitudeDegrees>38.92001529224217</LatitudeDegrees>
              <LongitudeDegrees>-6.359711699187756</LongitudeDegrees>
            </Position>
            <AltitudeMeters>205.60000610351562</AltitudeMeters>
            <DistanceMeters>2880.050048828125</DistanceMeters>
            <HeartRateBpm>
              <Value>135</Value>
            </HeartRateBpm>
            <Extensions>
              <ns3:TPX>
                <ns3:Speed>2.9019999504089355</ns3:Speed>
                <ns3:RunCadence>85</ns3:RunCadence>
              </ns3:TPX>
            </Extensions>
          </Trackpoint>
          <Trackpoint>
            <Time>2026-01-11T09:25:48.000Z</Time>
            <Position>
              <LatitudeDegrees>38.91983499750495</LatitudeDegrees>
              <LongitudeDegrees>-6.359645817428827</LongitudeDegrees>
            </Position>
            <AltitudeMeters>205.8000030517578</AltitudeMeters>
            <DistanceMeters>2900.8701171875</DistanceMeters>
            <HeartRateBpm>
              <Value>131</Value>
            </HeartRateBpm>
            <Extensions>
              <ns3:TPX>
                <ns3:Speed>2.865000009536743</ns3:Speed>
                <ns3:RunCadence>84</ns3:RunCadence>
              </ns3:TPX>
            </Extensions>
          </Trackpoint>
          <Trackpoint>
            <Time>2026-01-11T09:25:49.000Z</Time>
            <Position>
              <LatitudeDegrees>38.91981219872832</LatitudeDegrees>
              <LongitudeDegrees>-6.359633412212133</LongitudeDegrees>
            </Position>
            <AltitudeMeters>205.8000030517578</AltitudeMeters>
            <DistanceMeters>2903.6201171875</DistanceMeters>
            <HeartRateBpm>
              <Value>134</Value>
            </HeartRateBpm>
            <Extensions>
              <ns3:TPX>
                <ns3:Speed>2.8550000190734863</ns3:Speed>
                <ns3:RunCadence>84</ns3:RunCadence>
              </ns3:TPX>
            </Extensions>
          </Trackpoint>
          <Trackpoint>
            <Time>2026-01-11T09:25:50.000Z</Time>
            <Position>
              <LatitudeDegrees>38.91978864558041</LatitudeDegrees>
              <LongitudeDegrees>-6.35962394066155</LongitudeDegrees>
            </Position>
            <AltitudeMeters>205.8000030517578</AltitudeMeters>
            <DistanceMeters>2906.360107421875</DistanceMeters>
            <HeartRateBpm>
              <Value>134</Value>
            </HeartRateBpm>
            <Extensions>
              <ns3:TPX>
                <ns3:Speed>2.8550000190734863</ns3:Speed>
                <ns3:RunCadence>85</ns3:RunCadence>
              </ns3:TPX>
            </Extensions>
          </Trackpoint>
          <Trackpoint>
            <Time>2026-01-11T09:25:58.000Z</Time>
            <Position>
              <LatitudeDegrees>38.91961011104286</LatitudeDegrees>
              <LongitudeDegrees>-6.359548754990101</LongitudeDegrees>
            </Position>
            <AltitudeMeters>205.60000610351562</AltitudeMeters>
            <DistanceMeters>2927.22998046875</DistanceMeters>
            <HeartRateBpm>
              <Value>134</Value>
            </HeartRateBpm>
            <Extensions>
              <ns3:TPX>
                <ns3:Speed>2.818000078201294</ns3:Speed>
                <ns3:RunCadence>84</ns3:RunCadence>
              </ns3:TPX>
            </Extensions>
          </Trackpoint>
          <Trackpoint>
            <Time>2026-01-11T09:26:01.000Z</Time>
            <Position>
              <LatitudeDegrees>38.919544480741024</LatitudeDegrees>
              <LongitudeDegrees>-6.359521094709635</LongitudeDegrees>
            </Position>
            <AltitudeMeters>205.39999389648438</AltitudeMeters>
            <DistanceMeters>2934.909912109375</DistanceMeters>
            <HeartRateBpm>
              <Value>134</Value>
            </HeartRateBpm>
            <Extensions>
              <ns3:TPX>
                <ns3:Speed>2.7990000247955322</ns3:Speed>
                <ns3:RunCadence>84</ns3:RunCadence>
              </ns3:TPX>
            </Extensions>
          </Trackpoint>
          <Trackpoint>
            <Time>2026-01-11T09:26:09.000Z</Time>
            <Position>
              <LatitudeDegrees>38.91935370862484</LatitudeDegrees>
              <LongitudeDegrees>-6.359451692551374</LongitudeDegrees>
            </Position>
            <AltitudeMeters>205.39999389648438</AltitudeMeters>
            <DistanceMeters>2956.919921875</DistanceMeters>
            <HeartRateBpm>
              <Value>134</Value>
            </HeartRateBpm>
            <Extensions>
              <ns3:TPX>
                <ns3:Speed>2.7709999084472656</ns3:Speed>
                <ns3:RunCadence>85</ns3:RunCadence>
              </ns3:TPX>
            </Extensions>
          </Trackpoint>
          <Trackpoint>
            <Time>2026-01-11T09:26:13.000Z</Time>
            <Position>
              <LatitudeDegrees>38.91925983130932</LatitudeDegrees>
              <LongitudeDegrees>-6.359415231272578</LongitudeDegrees>
            </Position>
            <AltitudeMeters>205.1999969482422</AltitudeMeters>
            <DistanceMeters>2967.81005859375</DistanceMeters>
            <HeartRateBpm>
              <Value>131</Value>
            </HeartRateBpm>
            <Extensions>
              <ns3:TPX>
                <ns3:Speed>2.76200008392334</ns3:Speed>
                <ns3:RunCadence>84</ns3:RunCadence>
              </ns3:TPX>
            </Extensions>
          </Trackpoint>
          <Trackpoint>
            <Time>2026-01-11T09:26:14.000Z</Time>
            <Position>
              <LatitudeDegrees>38.91923753544688</LatitudeDegrees>
              <LongitudeDegrees>-6.359405172988772</LongitudeDegrees>
            </Position>
            <AltitudeMeters>205.1999969482422</AltitudeMeters>
            <DistanceMeters>2970.429931640625</DistanceMeters>
            <HeartRateBpm>
              <Value>133</Value>
            </HeartRateBpm>
            <Extensions>
              <ns3:TPX>
                <ns3:Speed>2.753000020980835</ns3:Speed>
                <ns3:RunCadence>85</ns3:RunCadence>
              </ns3:TPX>
            </Extensions>
          </Trackpoint>
          <Trackpoint>
            <Time>2026-01-11T09:26:22.000Z</Time>
            <Position>
              <LatitudeDegrees>38.919054474681616</LatitudeDegrees>
              <LongitudeDegrees>-6.359334429726005</LongitudeDegrees>
            </Position>
            <AltitudeMeters>205.60000610351562</AltitudeMeters>
            <DistanceMeters>2991.669921875</DistanceMeters>
            <HeartRateBpm>
              <Value>134</Value>
            </HeartRateBpm>
            <Extensions>
              <ns3:TPX>
                <ns3:Speed>2.743000030517578</ns3:Speed>
                <ns3:RunCadence>84</ns3:RunCadence>
              </ns3:TPX>
            </Extensions>
          </Trackpoint>
          <Trackpoint>
            <Time>2026-01-11T09:26:23.000Z</Time>
            <Position>
              <LatitudeDegrees>38.91903167590499</LatitudeDegrees>
              <LongitudeDegrees>-6.359325544908643</LongitudeDegrees>
            </Position>
            <AltitudeMeters>205.60000610351562</AltitudeMeters>
            <DistanceMeters>2994.320068359375</DistanceMeters>
            <HeartRateBpm>
              <Value>134</Value>
            </HeartRateBpm>
            <Extensions>
              <ns3:TPX>
                <ns3:Speed>2.7339999675750732</ns3:Speed>
                <ns3:RunCadence>84</ns3:RunCadence>
              </ns3:TPX>
            </Extensions>
          </Trackpoint>
          <Trackpoint>
            <Time>2026-01-11T09:26:26.000Z</Time>
            <Position>
              <LatitudeDegrees>38.91895632259548</LatitudeDegrees>
              <LongitudeDegrees>-6.359297716990113</LongitudeDegrees>
            </Position>
            <AltitudeMeters>205.60000610351562</AltitudeMeters>
            <DistanceMeters>3003.030029296875</DistanceMeters>
            <HeartRateBpm>
              <Value>133</Value>
            </HeartRateBpm>
            <Extensions>
              <ns3:TPX>
                <ns3:Speed>2.7339999675750732</ns3:Speed>
                <ns3:RunCadence>84</ns3:RunCadence>
              </ns3:TPX>
            </Extensions>
          </Trackpoint>
        </Track>
        <Extensions>
          <ns3:LX>
            <ns3:AvgSpeed>2.813999891281128</ns3:AvgSpeed>
            <ns3:AvgRunCadence>84</ns3:AvgRunCadence>
            <ns3:MaxRunCadence>86</ns3:MaxRunCadence>
          </ns3:LX>
        </Extensions>
      </Lap>
      <Lap StartTime="2026-01-11T09:26:27.000Z">
        <TotalTimeSeconds>369.074</TotalTimeSeconds>
        <DistanceMeters>1000.0</DistanceMeters>
        <MaximumSpeed>2.7709999084472656</MaximumSpeed>
        <Calories>77</Calories>
        <AverageHeartRateBpm>
          <Value>135</Value>
        </AverageHeartRateBpm>
        <MaximumHeartRateBpm>
          <Value>139</Value>
        </MaximumHeartRateBpm>
        <Intensity>Active</Intensity>
        <TriggerMethod>Manual</TriggerMethod>
        <Track>
          <Trackpoint>
            <Time>2026-01-11T09:26:32.000Z</Time>
            <Position>
              <LatitudeDegrees>38.91884081996977</LatitudeDegrees>
              <LongitudeDegrees>-6.359179113060236</LongitudeDegrees>
            </Position>
            <AltitudeMeters>205.60000610351562</AltitudeMeters>
            <DistanceMeters>3019.75</DistanceMeters>
            <HeartRateBpm>
              <Value>134</Value>
            </HeartRateBpm>
            <Extensions>
              <ns3:TPX>
                <ns3:Speed>2.7249999046325684</ns3:Speed>
                <ns3:RunCadence>84</ns3:RunCadence>
              </ns3:TPX>
            </Extensions>
          </Trackpoint>
          <Trackpoint>
            <Time>2026-01-11T09:26:40.000Z</Time>
            <Position>
              <LatitudeDegrees>38.91873621381819</LatitudeDegrees>
              <LongitudeDegrees>-6.358971577137709</LongitudeDegrees>
            </Position>
            <AltitudeMeters>205.39999389648438</AltitudeMeters>
            <DistanceMeters>3041.22998046875</DistanceMeters>
            <HeartRateBpm>
              <Value>135</Value>
            </HeartRateBpm>
            <Extensions>
              <ns3:TPX>
                <ns3:Speed>2.7249999046325684</ns3:Speed>
                <ns3:RunCadence>84</ns3:RunCadence>
              </ns3:TPX>
            </Extensions>
          </Trackpoint>
          <Trackpoint>
            <Time>2026-01-11T09:26:42.000Z</Time>
            <Position>
              <LatitudeDegrees>38.9187100622803</LatitudeDegrees>
              <LongitudeDegrees>-6.35892472229898</LongitudeDegrees>
            </Position>
            <AltitudeMeters>205.39999389648438</AltitudeMeters>
            <DistanceMeters>3046.25</DistanceMeters>
            <HeartRateBpm>
              <Value>134</Value>
            </HeartRateBpm>
            <Extensions>
              <ns3:TPX>
                <ns3:Speed>2.7249999046325684</ns3:Speed>
                <ns3:RunCadence>84</ns3:RunCadence>
              </ns3:TPX>
            </Extensions>
          </Trackpoint>
          <Trackpoint>
            <Time>2026-01-11T09:26:50.000Z</Time>
            <Position>
              <LatitudeDegrees>38.91868240199983</LatitudeDegrees>
              <LongitudeDegrees>-6.35870142839849</LongitudeDegrees>
            </Position>
            <AltitudeMeters>204.8000030517578</AltitudeMeters>
            <DistanceMeters>3066.77001953125</DistanceMeters>
            <HeartRateBpm>
              <Value>132</Value>
            </HeartRateBpm>
            <Extensions>
              <ns3:TPX>
                <ns3:Speed>2.7060000896453857</ns3:Speed>
                <ns3:RunCadence>83</ns3:RunCadence>
              </ns3:TPX>
            </Extensions>
          </Trackpoint>
          <Trackpoint>
            <Time>2026-01-11T09:26:54.000Z</Time>
            <Position>
              <LatitudeDegrees>38.918778290972114</LatitudeDegrees>
              <LongitudeDegrees>-6.358668068423867</LongitudeDegrees>
            </Position>
            <AltitudeMeters>204.1999969482422</AltitudeMeters>
            <DistanceMeters>3077.929931640625</DistanceMeters>
            <HeartRateBpm>
              <Value>128</Value>
            </HeartRateBpm>
            <Extensions>
              <ns3:TPX>
                <ns3:Speed>2.697000026702881</ns3:Speed>
                <ns3:RunCadence>82</ns3:RunCadence>
              </ns3:TPX>
            </Extensions>
          </Trackpoint>
          <Trackpoint>
            <Time>2026-01-11T09:26:57.000Z</Time>
            <Position>
              <LatitudeDegrees>38.918847776949406</LatitudeDegrees>
              <LongitudeDegrees>-6.358627500012517</LongitudeDegrees>
            </Position>
            <AltitudeMeters>203.8000030517578</AltitudeMeters>
            <DistanceMeters>3086.489990234375</DistanceMeters>
            <HeartRateBpm>
              <Value>134</Value>
            </HeartRateBpm>
            <Extensions>
              <ns3:TPX>
                <ns3:Speed>2.697000026702881</ns3:Speed>
                <ns3:RunCadence>83</ns3:RunCadence>
              </ns3:TPX>
            </Extensions>
          </Trackpoint>
          <Trackpoint>
            <Time>2026-01-11T09:26:59.000Z</Time>
            <Position>
              <LatitudeDegrees>38.91886462457478</LatitudeDegrees>
              <LongitudeDegrees>-6.3585705030709505</LongitudeDegrees>
            </Position>
            <AltitudeMeters>203.60000610351562</AltitudeMeters>
            <DistanceMeters>3091.85009765625</DistanceMeters>
            <HeartRateBpm>
              <Value>137</Value>
            </HeartRateBpm>
            <Extensions>
              <ns3:TPX>
                <ns3:Speed>2.687000036239624</ns3:Speed>
                <ns3:RunCadence>83</ns3:RunCadence>
              </ns3:TPX>
            </Extensions>
          </Trackpoint>
          <Trackpoint>
            <Time>2026-01-11T09:27:01.000Z</Time>
            <Position>
              <LatitudeDegrees>38.91885481774807</LatitudeDegrees>
              <LongitudeDegrees>-6.358510488644242</LongitudeDegrees>
            </Position>
            <AltitudeMeters>203.39999389648438</AltitudeMeters>
            <DistanceMeters>3097.219970703125</DistanceMeters>
            <HeartRateBpm>
              <Value>134</Value>
            </HeartRateBpm>
            <Extensions>
              <ns3:TPX>
                <ns3:Speed>2.687000036239624</ns3:Speed>
                <ns3:RunCadence>82</ns3:RunCadence>
              </ns3:TPX>
            </Extensions>
          </Trackpoint>
          <Trackpoint>
            <Time>2026-01-11T09:27:04.000Z</Time>
            <Position>
              <LatitudeDegrees>38.9188136626035</LatitudeDegrees>
              <LongitudeDegrees>-6.3584323693066835</LongitudeDegrees>
            </Position>
            <AltitudeMeters>203.0</AltitudeMeters>
            <DistanceMeters>3105.429931640625</DistanceMeters>
            <HeartRateBpm>
              <Value>133</Value>
            </HeartRateBpm>
            <Extensions>
              <ns3:TPX>
                <ns3:Speed>2.687000036239624</ns3:Speed>
                <ns3:RunCadence>81</ns3:RunCadence>
              </ns3:TPX>
            </Extensions>
          </Trackpoint>
          <Trackpoint>
            <Time>2026-01-11T09:27:11.000Z</Time>
            <Position>
              <LatitudeDegrees>38.918690364807844</LatitudeDegrees>
              <LongitudeDegrees>-6.358263390138745</LongitudeDegrees>
            </Position>
            <AltitudeMeters>202.1999969482422</AltitudeMeters>
            <DistanceMeters>3125.510009765625</DistanceMeters>
            <HeartRateBpm>
              <Value>135</Value>
            </HeartRateBpm>
            <Extensions>
              <ns3:TPX>
                <ns3:Speed>2.687000036239624</ns3:Speed>
                <ns3:RunCadence>84</ns3:RunCadence>
              </ns3:TPX>
            </Extensions>
          </Trackpoint>
          <Trackpoint>
            <Time>2026-01-11T09:27:15.000Z</Time>
            <Position>
              <LatitudeDegrees>38.91860947944224</LatitudeDegrees>
              <LongitudeDegrees>-6.358186863362789</LongitudeDegrees>
            </Position>
            <AltitudeMeters>202.39999389648438</AltitudeMeters>
            <DistanceMeters>3136.669921875</DistanceMeters>
            <HeartRateBpm>
              <Value>138</Value>
            </HeartRateBpm>
            <Extensions>
              <ns3:TPX>
                <ns3:Speed>2.697000026702881</ns3:Speed>
                <ns3:RunCadence>83</ns3:RunCadence>
              </ns3:TPX>
            </Extensions>
          </Trackpoint>
          <Trackpoint>
            <Time>2026-01-11T09:27:18.000Z</Time>
            <Position>
              <LatitudeDegrees>38.918546782806516</LatitudeDegrees>
              <LongitudeDegrees>-6.358132297173142</LongitudeDegrees>
            </Position>
            <AltitudeMeters>202.39999389648438</AltitudeMeters>
            <DistanceMeters>3145.10009765625</DistanceMeters>
            <HeartRateBpm>
              <Value>136</Value>
            </HeartRateBpm>
            <Extensions>
              <ns3:TPX>
                <ns3:Speed>2.7060000896453857</ns3:Speed>
                <ns3:RunCadence>83</ns3:RunCadence>
              </ns3:TPX>
            </Extensions>
          </Trackpoint>
          <Trackpoint>
            <Time>2026-01-11T09:27:21.000Z</Time>
            <Position>
              <LatitudeDegrees>38.91848148778081</LatitudeDegrees>
              <LongitudeDegrees>-6.3580860290676355</LongitudeDegrees>
            </Position>
            <AltitudeMeters>202.39999389648438</AltitudeMeters>
            <DistanceMeters>3153.389892578125</DistanceMeters>
            <HeartRateBpm>
              <Value>133</Value>
            </HeartRateBpm>
            <Extensions>
              <ns3:TPX>
                <ns3:Speed>2.7149999141693115</ns3:Speed>
                <ns3:RunCadence>81</ns3:RunCadence>
              </ns3:TPX>
            </Extensions>
          </Trackpoint>
          <Trackpoint>
            <Time>2026-01-11T09:27:28.000Z</Time>
            <Position>
              <LatitudeDegrees>38.91831887885928</LatitudeDegrees>
              <LongitudeDegrees>-6.357990559190512</LongitudeDegrees>
            </Position>
            <AltitudeMeters>202.39999389648438</AltitudeMeters>
            <DistanceMeters>3173.239990234375</DistanceMeters>
            <HeartRateBpm>
              <Value>134</Value>
            </HeartRateBpm>
            <Extensions>
              <ns3:TPX>
                <ns3:Speed>2.7149999141693115</ns3:Speed>
                <ns3:RunCadence>82</ns3:RunCadence>
              </ns3:TPX>
            </Extensions>
          </Trackpoint>
          <Trackpoint>
            <Time>2026-01-11T09:27:35.000Z</Time>
            <Position>
              <LatitudeDegrees>38.91816674731672</LatitudeDegrees>
              <LongitudeDegrees>-6.357867261394858</LongitudeDegrees>
            </Position>
            <AltitudeMeters>202.0</AltitudeMeters>
            <DistanceMeters>3193.22998046875</DistanceMeters>
            <HeartRateBpm>
              <Value>134</Value>
            </HeartRateBpm>
            <Extensions>
              <ns3:TPX>
                <ns3:Speed>2.7249999046325684</ns3:Speed>
                <ns3:RunCadence>83</ns3:RunCadence>
              </ns3:TPX>
            </Extensions>
          </Trackpoint>
          <Trackpoint>
            <Time>2026-01-11T09:27:40.000Z</Time>
            <Position>
              <LatitudeDegrees>38.9180501550436</LatitudeDegrees>
              <LongitudeDegrees>-6.357824597507715</LongitudeDegrees>
            </Position>
            <AltitudeMeters>202.39999389648438</AltitudeMeters>
            <DistanceMeters>3206.780029296875</DistanceMeters>
            <HeartRateBpm>
              <Value>135</Value>
            </HeartRateBpm>
            <Extensions>
              <ns3:TPX>
                <ns3:Speed>2.7339999675750732</ns3:Speed>
                <ns3:RunCadence>82</ns3:RunCadence>
              </ns3:TPX>
            </Extensions>
          </Trackpoint>
          <Trackpoint>
            <Time>2026-01-11T09:27:48.000Z</Time>
            <Position>
              <LatitudeDegrees>38.917849911376834</LatitudeDegrees>
              <LongitudeDegrees>-6.357777658849955</LongitudeDegrees>
            </Position>
            <AltitudeMeters>203.39999389648438</AltitudeMeters>
            <DistanceMeters>3229.4599609375</DistanceMeters>
            <HeartRateBpm>
              <Value>135</Value>
            </HeartRateBpm>
            <Extensions>
              <ns3:TPX>
                <ns3:Speed>2.7339999675750732</ns3:Speed>
                <ns3:RunCadence>83</ns3:RunCadence>
              </ns3:TPX>
            </Extensions>
          </Trackpoint>
          <Trackpoint>
            <Time>2026-01-11T09:27:54.000Z</Time>
            <Position>
              <LatitudeDegrees>38.91770415008068</LatitudeDegrees>
              <LongitudeDegrees>-6.357730384916067</LongitudeDegrees>
            </Position>
            <AltitudeMeters>205.0</AltitudeMeters>
            <DistanceMeters>3246.14990234375</DistanceMeters>
            <HeartRateBpm>
              <Value>134</Value>
            </HeartRateBpm>
            <Extensions>
              <ns3:TPX>
                <ns3:Speed>2.743000030517578</ns3:Speed>
                <ns3:RunCadence>83</ns3:RunCadence>
              </ns3:TPX>
            </Extensions>
          </Trackpoint>
          <Trackpoint>
            <Time>2026-01-11T09:27:55.000Z</Time>
            <Position>
              <LatitudeDegrees>38.91767766326666</LatitudeDegrees>
              <LongitudeDegrees>-6.357717644423246</LongitudeDegrees>
            </Position>
            <AltitudeMeters>205.39999389648438</AltitudeMeters>
            <DistanceMeters>3249.260009765625</DistanceMeters>
            <HeartRateBpm>
              <Value>133</Value>
            </HeartRateBpm>
            <Extensions>
              <ns3:TPX>
                <ns3:Speed>2.743000030517578</ns3:Speed>
                <ns3:RunCadence>83</ns3:RunCadence>
              </ns3:TPX>
            </Extensions>
          </Trackpoint>
          <Trackpoint>
            <Time>2026-01-11T09:27:58.000Z</Time>
            <Position>
              <LatitudeDegrees>38.91760339960456</LatitudeDegrees>
              <LongitudeDegrees>-6.357708424329758</LongitudeDegrees>
            </Position>
            <AltitudeMeters>206.0</AltitudeMeters>
            <DistanceMeters>3257.68994140625</DistanceMeters>
            <HeartRateBpm>
              <Value>134</Value>
            </HeartRateBpm>
            <Extensions>
              <ns3:TPX>
                <ns3:Speed>2.743000030517578</ns3:Speed>
                <ns3:RunCadence>85</ns3:RunCadence>
              </ns3:TPX>
            </Extensions>
          </Trackpoint>
          <Trackpoint>
            <Time>2026-01-11T09:28:04.000Z</Time>
            <Position>
              <LatitudeDegrees>38.91746995970607</LatitudeDegrees>
              <LongitudeDegrees>-6.357646565884352</LongitudeDegrees>
            </Position>
            <AltitudeMeters>207.1999969482422</AltitudeMeters>
            <DistanceMeters>3273.64990234375</DistanceMeters>
            <HeartRateBpm>
              <Value>135</Value>
            </HeartRateBpm>
            <Extensions>
              <ns3:TPX>
                <ns3:Speed>2.753000020980835</ns3:Speed>
                <ns3:RunCadence>82</ns3:RunCadence>
              </ns3:TPX>
            </Extensions>
          </Trackpoint>
          <Trackpoint>
            <Time>2026-01-11T09:28:11.000Z</Time>
            <Position>
              <LatitudeDegrees>38.917339788749814</LatitudeDegrees>
              <LongitudeDegrees>-6.357492841780186</LongitudeDegrees>
            </Position>
            <AltitudeMeters>207.1999969482422</AltitudeMeters>
            <DistanceMeters>3293.39990234375</DistanceMeters>
            <HeartRateBpm>
              <Value>137</Value>
            </HeartRateBpm>
            <Extensions>
              <ns3:TPX>
                <ns3:Speed>2.753000020980835</ns3:Speed>
                <ns3:RunCadence>84</ns3:RunCadence>
              </ns3:TPX>
            </Extensions>
          </Trackpoint>
          <Trackpoint>
            <Time>2026-01-11T09:28:19.000Z</Time>
            <Position>
              <LatitudeDegrees>38.917216658592224</LatitudeDegrees>
              <LongitudeDegrees>-6.357298716902733</LongitudeDegrees>
            </Position>
            <AltitudeMeters>206.8000030517578</AltitudeMeters>
            <DistanceMeters>3315.10009765625</DistanceMeters>
            <HeartRateBpm>
              <Value>137</Value>
            </HeartRateBpm>
            <Extensions>
              <ns3:TPX>
                <ns3:Speed>2.7709999084472656</ns3:Speed>
                <ns3:RunCadence>83</ns3:RunCadence>
              </ns3:TPX>
            </Extensions>
          </Trackpoint>
          <Trackpoint>
            <Time>2026-01-11T09:28:20.000Z</Time>
            <Position>
              <LatitudeDegrees>38.91720324754715</LatitudeDegrees>
              <LongitudeDegrees>-6.357273235917091</LongitudeDegrees>
            </Position>
            <AltitudeMeters>206.39999389648438</AltitudeMeters>
            <DistanceMeters>3317.760009765625</DistanceMeters>
            <HeartRateBpm>
              <Value>137</Value>
            </HeartRateBpm>
            <Extensions>
              <ns3:TPX>
                <ns3:Speed>2.7709999084472656</ns3:Speed>
                <ns3:RunCadence>84</ns3:RunCadence>
              </ns3:TPX>
            </Extensions>
          </Trackpoint>
          <Trackpoint>
            <Time>2026-01-11T09:28:28.000Z</Time>
            <Position>
              <LatitudeDegrees>38.91709486953914</LatitudeDegrees>
              <LongitudeDegrees>-6.357074920088053</LongitudeDegrees>
            </Position>
            <AltitudeMeters>204.8000030517578</AltitudeMeters>
            <DistanceMeters>3338.75</DistanceMeters>
            <HeartRateBpm>
              <Value>137</Value>
            </HeartRateBpm>
            <Extensions>
              <ns3:TPX>
                <ns3:Speed>2.76200008392334</ns3:Speed>
                <ns3:RunCadence>83</ns3:RunCadence>
              </ns3:TPX>
            </Extensions>
          </Trackpoint>
          <Trackpoint>
            <Time>2026-01-11T09:28:31.000Z</Time>
            <Position>
              <LatitudeDegrees>38.91705572605133</LatitudeDegrees>
              <LongitudeDegrees>-6.357003590092063</LongitudeDegrees>
            </Position>
            <AltitudeMeters>204.39999389648438</AltitudeMeters>
            <DistanceMeters>3346.31005859375</DistanceMeters>
            <HeartRateBpm>
              <Value>137</Value>
            </HeartRateBpm>
            <Extensions>
              <ns3:TPX>
                <ns3:Speed>2.753000020980835</ns3:Speed>
                <ns3:RunCadence>84</ns3:RunCadence>
              </ns3:TPX>
            </Extensions>
          </Trackpoint>
          <Trackpoint>
            <Time>2026-01-11T09:28:38.000Z</Time>
            <Position>
              <LatitudeDegrees>38.916955813765526</LatitudeDegrees>
              <LongitudeDegrees>-6.356828827410936</LongitudeDegrees>
            </Position>
            <AltitudeMeters>204.8000030517578</AltitudeMeters>
            <DistanceMeters>3365.1298828125</DistanceMeters>
            <HeartRateBpm>
              <Value>136</Value>
            </HeartRateBpm>
            <Extensions>
              <ns3:TPX>
                <ns3:Speed>2.7249999046325684</ns3:Speed>
                <ns3:RunCadence>84</ns3:RunCadence>
              </ns3:TPX>
            </Extensions>
          </Trackpoint>
          <Trackpoint>
            <Time>2026-01-11T09:28:45.000Z</Time>
            <Position>
              <LatitudeDegrees>38.916837964206934</LatitudeDegrees>
              <LongitudeDegrees>-6.356682730838656</LongitudeDegrees>
            </Position>
            <AltitudeMeters>205.60000610351562</AltitudeMeters>
            <DistanceMeters>3383.35009765625</DistanceMeters>
            <HeartRateBpm>
              <Value>136</Value>
            </HeartRateBpm>
            <Extensions>
              <ns3:TPX>
                <ns3:Speed>2.7149999141693115</ns3:Speed>
                <ns3:RunCadence>82</ns3:RunCadence>
              </ns3:TPX>
            </Extensions>
          </Trackpoint>
          <Trackpoint>
            <Time>2026-01-11T09:28:52.000Z</Time>
            <Position>
              <LatitudeDegrees>38.9167067874223</LatitudeDegrees>
              <LongitudeDegrees>-6.356519619002938</LongitudeDegrees>
            </Position>
            <AltitudeMeters>203.60000610351562</AltitudeMeters>
            <DistanceMeters>3403.669921875</DistanceMeters>
            <HeartRateBpm>
              <Value>136</Value>
            </HeartRateBpm>
            <Extensions>
              <ns3:TPX>
                <ns3:Speed>2.7060000896453857</ns3:Speed>
                <ns3:RunCadence>83</ns3:RunCadence>
              </ns3:TPX>
            </Extensions>
          </Trackpoint>
          <Trackpoint>
            <Time>2026-01-11T09:28:53.000Z</Time>
            <Position>
              <LatitudeDegrees>38.916687509045005</LatitudeDegrees>
              <LongitudeDegrees>-6.356498664245009</LongitudeDegrees>
            </Position>
            <AltitudeMeters>203.1999969482422</AltitudeMeters>
            <DistanceMeters>3406.469970703125</DistanceMeters>
            <HeartRateBpm>
              <Value>136</Value>
            </HeartRateBpm>
            <Extensions>
              <ns3:TPX>
                <ns3:Speed>2.7060000896453857</ns3:Speed>
                <ns3:RunCadence>83</ns3:RunCadence>
              </ns3:TPX>
            </Extensions>
          </Trackpoint>
          <Trackpoint>
            <Time>2026-01-11T09:29:00.000Z</Time>
            <Position>
              <LatitudeDegrees>38.916561026126146</LatitudeDegrees>
              <LongitudeDegrees>-6.356352819129825</LongitudeDegrees>
            </Position>
            <AltitudeMeters>203.0</AltitudeMeters>
            <DistanceMeters>3425.409912109375</DistanceMeters>
            <HeartRateBpm>
              <Value>136</Value>
            </HeartRateBpm>
            <Extensions>
              <ns3:TPX>
                <ns3:Speed>2.7339999675750732</ns3:Speed>
                <ns3:RunCadence>84</ns3:RunCadence>
              </ns3:TPX>
            </Extensions>
          </Trackpoint>
          <Trackpoint>
            <Time>2026-01-11T09:29:08.000Z</Time>
            <Position>
              <LatitudeDegrees>38.91641509719193</LatitudeDegrees>
              <LongitudeDegrees>-6.356176296249032</LongitudeDegrees>
            </Position>
            <AltitudeMeters>203.1999969482422</AltitudeMeters>
            <DistanceMeters>3447.830078125</DistanceMeters>
            <HeartRateBpm>
              <Value>136</Value>
            </HeartRateBpm>
            <Extensions>
              <ns3:TPX>
                <ns3:Speed>2.7339999675750732</ns3:Speed>
                <ns3:RunCadence>84</ns3:RunCadence>
              </ns3:TPX>
            </Extensions>
          </Trackpoint>
          <Trackpoint>
            <Time>2026-01-11T09:29:09.000Z</Time>
            <Position>
              <LatitudeDegrees>38.9163922984153</LatitudeDegrees>
              <LongitudeDegrees>-6.356162885203958</LongitudeDegrees>
            </Position>
            <AltitudeMeters>203.39999389648438</AltitudeMeters>
            <DistanceMeters>3450.610107421875</DistanceMeters>
            <HeartRateBpm>
              <Value>135</Value>
            </HeartRateBpm>
            <Extensions>
              <ns3:TPX>
                <ns3:Speed>2.7339999675750732</ns3:Speed>
                <ns3:RunCadence>84</ns3:RunCadence>
              </ns3:TPX>
            </Extensions>
          </Trackpoint>
          <Trackpoint>
            <Time>2026-01-11T09:29:12.000Z</Time>
            <Position>
              <LatitudeDegrees>38.91632121987641</LatitudeDegrees>
              <LongitudeDegrees>-6.356137823313475</LongitudeDegrees>
            </Position>
            <AltitudeMeters>205.0</AltitudeMeters>
            <DistanceMeters>3458.81005859375</DistanceMeters>
            <HeartRateBpm>
              <Value>134</Value>
            </HeartRateBpm>
            <Extensions>
              <ns3:TPX>
                <ns3:Speed>2.743000030517578</ns3:Speed>
                <ns3:RunCadence>85</ns3:RunCadence>
              </ns3:TPX>
            </Extensions>
          </Trackpoint>
          <Trackpoint>
            <Time>2026-01-11T09:29:14.000Z</Time>
            <Position>
              <LatitudeDegrees>38.91627696342766</LatitudeDegrees>
              <LongitudeDegrees>-6.356134135276079</LongitudeDegrees>
            </Position>
            <AltitudeMeters>206.1999969482422</AltitudeMeters>
            <DistanceMeters>3463.719970703125</DistanceMeters>
            <HeartRateBpm>
              <Value>134</Value>
            </HeartRateBpm>
            <Extensions>
              <ns3:TPX>
                <ns3:Speed>2.743000030517578</ns3:Speed>
                <ns3:RunCadence>85</ns3:RunCadence>
              </ns3:TPX>
            </Extensions>
          </Trackpoint>
          <Trackpoint>
            <Time>2026-01-11T09:29:19.000Z</Time>
            <Position>
              <LatitudeDegrees>38.916174452751875</LatitudeDegrees>
              <LongitudeDegrees>-6.3560760486871</LongitudeDegrees>
            </Position>
            <AltitudeMeters>207.60000610351562</AltitudeMeters>
            <DistanceMeters>3476.18994140625</DistanceMeters>
            <HeartRateBpm>
              <Value>134</Value>
            </HeartRateBpm>
            <Extensions>
              <ns3:TPX>
                <ns3:Speed>2.7339999675750732</ns3:Speed>
                <ns3:RunCadence>82</ns3:RunCadence>
              </ns3:TPX>
            </Extensions>
          </Trackpoint>
          <Trackpoint>
            <Time>2026-01-11T09:29:20.000Z</Time>
            <Position>
              <LatitudeDegrees>38.91615718603134</LatitudeDegrees>
              <LongitudeDegrees>-6.356074372306466</LongitudeDegrees>
            </Position>
            <AltitudeMeters>207.8000030517578</AltitudeMeters>
            <DistanceMeters>3478.090087890625</DistanceMeters>
            <HeartRateBpm>
              <Value>134</Value>
            </HeartRateBpm>
            <Extensions>
              <ns3:TPX>
                <ns3:Speed>2.7339999675750732</ns3:Speed>
                <ns3:RunCadence>82</ns3:RunCadence>
              </ns3:TPX>
            </Extensions>
          </Trackpoint>
          <Trackpoint>
            <Time>2026-01-11T09:29:23.000Z</Time>
            <Position>
              <LatitudeDegrees>38.9161058049649</LatitudeDegrees>
              <LongitudeDegrees>-6.356058111414313</LongitudeDegrees>
            </Position>
            <AltitudeMeters>208.1999969482422</AltitudeMeters>
            <DistanceMeters>3483.610107421875</DistanceMeters>
            <HeartRateBpm>
              <Value>134</Value>
            </HeartRateBpm>
            <Extensions>
              <ns3:TPX>
                <ns3:Speed>2.7249999046325684</ns3:Speed>
                <ns3:RunCadence>82</ns3:RunCadence>
              </ns3:TPX>
            </Extensions>
          </Trackpoint>
          <Trackpoint>
            <Time>2026-01-11T09:29:25.000Z</Time>
            <Position>
              <LatitudeDegrees>38.916069343686104</LatitudeDegrees>
              <LongitudeDegrees>-6.356027098372579</LongitudeDegrees>
            </Position>
            <AltitudeMeters>208.1999969482422</AltitudeMeters>
            <DistanceMeters>3488.27001953125</DistanceMeters>
            <HeartRateBpm>
              <Value>133</Value>
            </HeartRateBpm>
            <Extensions>
              <ns3:TPX>
                <ns3:Speed>2.7149999141693115</ns3:Speed>
                <ns3:RunCadence>82</ns3:RunCadence>
              </ns3:TPX>
            </Extensions>
          </Trackpoint>
          <Trackpoint>
            <Time>2026-01-11T09:29:27.000Z</Time>
            <Position>
              <LatitudeDegrees>38.91603548079729</LatitudeDegrees>
              <LongitudeDegrees>-6.355990469455719</LongitudeDegrees>
            </Position>
            <AltitudeMeters>208.1999969482422</AltitudeMeters>
            <DistanceMeters>3493.159912109375</DistanceMeters>
            <HeartRateBpm>
              <Value>133</Value>
            </HeartRateBpm>
            <Extensions>
              <ns3:TPX>
                <ns3:Speed>2.7709999084472656</ns3:Speed>
                <ns3:RunCadence>81</ns3:RunCadence>
              </ns3:TPX>
            </Extensions>
          </Trackpoint>
          <Trackpoint>
            <Time>2026-01-11T09:29:29.000Z</Time>
            <Position>
              <LatitudeDegrees>38.91600480303168</LatitudeDegrees>
              <LongitudeDegrees>-6.3559608813375235</LongitudeDegrees>
            </Position>
            <AltitudeMeters>208.1999969482422</AltitudeMeters>
            <DistanceMeters>3497.35009765625</DistanceMeters>
            <HeartRateBpm>
              <Value>133</Value>
            </HeartRateBpm>
            <Extensions>
              <ns3:TPX>
                <ns3:Speed>2.7149999141693115</ns3:Speed>
                <ns3:RunCadence>81</ns3:RunCadence>
              </ns3:TPX>
            </Extensions>
          </Trackpoint>
          <Trackpoint>
            <Time>2026-01-11T09:29:31.000Z</Time>
            <Position>
              <LatitudeDegrees>38.91595954075456</LatitudeDegrees>
              <LongitudeDegrees>-6.355947973206639</LongitudeDegrees>
            </Position>
            <AltitudeMeters>208.60000610351562</AltitudeMeters>
            <DistanceMeters>3502.5</DistanceMeters>
            <HeartRateBpm>
              <Value>132</Value>
            </HeartRateBpm>
            <Extensions>
              <ns3:TPX>
                <ns3:Speed>2.575000047683716</ns3:Speed>
                <ns3:RunCadence>83</ns3:RunCadence>
              </ns3:TPX>
            </Extensions>
          </Trackpoint>
          <Trackpoint>
            <Time>2026-01-11T09:29:39.000Z</Time>
            <Position>
              <LatitudeDegrees>38.91576080583036</LatitudeDegrees>
              <LongitudeDegrees>-6.355893071740866</LongitudeDegrees>
            </Position>
            <AltitudeMeters>207.39999389648438</AltitudeMeters>
            <DistanceMeters>3525.090087890625</DistanceMeters>
            <HeartRateBpm>
              <Value>132</Value>
            </HeartRateBpm>
            <Extensions>
              <ns3:TPX>
                <ns3:Speed>2.6410000324249268</ns3:Speed>
                <ns3:RunCadence>84</ns3:RunCadence>
              </ns3:TPX>
            </Extensions>
          </Trackpoint>
          <Trackpoint>
            <Time>2026-01-11T09:29:47.000Z</Time>
            <Position>
              <LatitudeDegrees>38.915568022057414</LatitudeDegrees>
              <LongitudeDegrees>-6.355872536078095</LongitudeDegrees>
            </Position>
            <AltitudeMeters>207.39999389648438</AltitudeMeters>
            <DistanceMeters>3546.580078125</DistanceMeters>
            <HeartRateBpm>
              <Value>132</Value>
            </HeartRateBpm>
            <Extensions>
              <ns3:TPX>
                <ns3:Speed>2.63100004196167</ns3:Speed>
                <ns3:RunCadence>84</ns3:RunCadence>
              </ns3:TPX>
            </Extensions>
          </Trackpoint>
          <Trackpoint>
            <Time>2026-01-11T09:29:48.000Z</Time>
            <Position>
              <LatitudeDegrees>38.915545139461756</LatitudeDegrees>
              <LongitudeDegrees>-6.355869183316827</LongitudeDegrees>
            </Position>
            <AltitudeMeters>207.39999389648438</AltitudeMeters>
            <DistanceMeters>3549.1298828125</DistanceMeters>
            <HeartRateBpm>
              <Value>132</Value>
            </HeartRateBpm>
            <Extensions>
              <ns3:TPX>
                <ns3:Speed>2.6500000953674316</ns3:Speed>
                <ns3:RunCadence>84</ns3:RunCadence>
              </ns3:TPX>
            </Extensions>
          </Trackpoint>
          <Trackpoint>
            <Time>2026-01-11T09:29:56.000Z</Time>
            <Position>
              <LatitudeDegrees>38.915352607145905</LatitudeDegrees>
              <LongitudeDegrees>-6.3558395113796</LongitudeDegrees>
            </Position>
            <AltitudeMeters>206.39999389648438</AltitudeMeters>
            <DistanceMeters>3570.669921875</DistanceMeters>
            <HeartRateBpm>
              <Value>134</Value>
            </HeartRateBpm>
            <Extensions>
              <ns3:TPX>
                <ns3:Speed>2.6500000953674316</ns3:Speed>
                <ns3:RunCadence>84</ns3:RunCadence>
              </ns3:TPX>
            </Extensions>
          </Trackpoint>
          <Trackpoint>
            <Time>2026-01-11T09:30:01.000Z</Time>
            <Position>
              <LatitudeDegrees>38.91523609869182</LatitudeDegrees>
              <LongitudeDegrees>-6.355783687904477</LongitudeDegrees>
            </Position>
            <AltitudeMeters>206.0</AltitudeMeters>
            <DistanceMeters>3584.52001953125</DistanceMeters>
            <HeartRateBpm>
              <Value>135</Value>
            </HeartRateBpm>
            <Extensions>
              <ns3:TPX>
                <ns3:Speed>2.575000047683716</ns3:Speed>
                <ns3:RunCadence>84</ns3:RunCadence>
              </ns3:TPX>
            </Extensions>
          </Trackpoint>
          <Trackpoint>
            <Time>2026-01-11T09:30:08.000Z</Time>
            <Position>
              <LatitudeDegrees>38.915067287161946</LatitudeDegrees>
              <LongitudeDegrees>-6.35568855330348</LongitudeDegrees>
            </Position>
            <AltitudeMeters>204.8000030517578</AltitudeMeters>
            <DistanceMeters>3605.050048828125</DistanceMeters>
            <HeartRateBpm>
              <Value>134</Value>
            </HeartRateBpm>
            <Extensions>
              <ns3:TPX>
                <ns3:Speed>2.6029999256134033</ns3:Speed>
                <ns3:RunCadence>84</ns3:RunCadence>
              </ns3:TPX>
            </Extensions>
          </Trackpoint>
          <Trackpoint>
            <Time>2026-01-11T09:30:10.000Z</Time>
            <Position>
              <LatitudeDegrees>38.915018839761615</LatitudeDegrees>
              <LongitudeDegrees>-6.355666341260076</LongitudeDegrees>
            </Position>
            <AltitudeMeters>204.60000610351562</AltitudeMeters>
            <DistanceMeters>3610.77001953125</DistanceMeters>
            <HeartRateBpm>
              <Value>137</Value>
            </HeartRateBpm>
            <Extensions>
              <ns3:TPX>
                <ns3:Speed>2.61299991607666</ns3:Speed>
                <ns3:RunCadence>84</ns3:RunCadence>
              </ns3:TPX>
            </Extensions>
          </Trackpoint>
          <Trackpoint>
            <Time>2026-01-11T09:30:14.000Z</Time>
            <Position>
              <LatitudeDegrees>38.91492680646479</LatitudeDegrees>
              <LongitudeDegrees>-6.355626778677106</LongitudeDegrees>
            </Position>
            <AltitudeMeters>204.1999969482422</AltitudeMeters>
            <DistanceMeters>3621.56005859375</DistanceMeters>
            <HeartRateBpm>
              <Value>137</Value>
            </HeartRateBpm>
            <Extensions>
              <ns3:TPX>
                <ns3:Speed>2.621999979019165</ns3:Speed>
                <ns3:RunCadence>82</ns3:RunCadence>
              </ns3:TPX>
            </Extensions>
          </Trackpoint>
          <Trackpoint>
            <Time>2026-01-11T09:30:20.000Z</Time>
            <Position>
              <LatitudeDegrees>38.91478247009218</LatitudeDegrees>
              <LongitudeDegrees>-6.355595178902149</LongitudeDegrees>
            </Position>
            <AltitudeMeters>203.8000030517578</AltitudeMeters>
            <DistanceMeters>3637.830078125</DistanceMeters>
            <HeartRateBpm>
              <Value>136</Value>
            </HeartRateBpm>
            <Extensions>
              <ns3:TPX>
                <ns3:Speed>2.621999979019165</ns3:Speed>
                <ns3:RunCadence>82</ns3:RunCadence>
              </ns3:TPX>
            </Extensions>
          </Trackpoint>
          <Trackpoint>
            <Time>2026-01-11T09:30:28.000Z</Time>
            <Position>
              <LatitudeDegrees>38.914591362699866</LatitudeDegrees>
              <LongitudeDegrees>-6.355591909959912</LongitudeDegrees>
            </Position>
            <AltitudeMeters>203.8000030517578</AltitudeMeters>
            <DistanceMeters>3659.06005859375</DistanceMeters>
            <HeartRateBpm>
              <Value>139</Value>
            </HeartRateBpm>
            <Extensions>
              <ns3:TPX>
                <ns3:Speed>2.61299991607666</ns3:Speed>
                <ns3:RunCadence>84</ns3:RunCadence>
              </ns3:TPX>
            </Extensions>
          </Trackpoint>
          <Trackpoint>
            <Time>2026-01-11T09:30:29.000Z</Time>
            <Position>
              <LatitudeDegrees>38.914564959704876</LatitudeDegrees>
              <LongitudeDegrees>-6.355591742321849</LongitudeDegrees>
            </Position>
            <AltitudeMeters>203.8000030517578</AltitudeMeters>
            <DistanceMeters>3661.989990234375</DistanceMeters>
            <HeartRateBpm>
              <Value>139</Value>
            </HeartRateBpm>
            <Extensions>
              <ns3:TPX>
                <ns3:Speed>2.61299991607666</ns3:Speed>
                <ns3:RunCadence>85</ns3:RunCadence>
              </ns3:TPX>
            </Extensions>
          </Trackpoint>
          <Trackpoint>
            <Time>2026-01-11T09:30:31.000Z</Time>
            <Position>
              <LatitudeDegrees>38.91451584175229</LatitudeDegrees>
              <LongitudeDegrees>-6.355590568855405</LongitudeDegrees>
            </Position>
            <AltitudeMeters>204.0</AltitudeMeters>
            <DistanceMeters>3667.43994140625</DistanceMeters>
            <HeartRateBpm>
              <Value>136</Value>
            </HeartRateBpm>
            <Extensions>
              <ns3:TPX>
                <ns3:Speed>2.61299991607666</ns3:Speed>
                <ns3:RunCadence>84</ns3:RunCadence>
              </ns3:TPX>
            </Extensions>
          </Trackpoint>
          <Trackpoint>
            <Time>2026-01-11T09:30:38.000Z</Time>
            <Position>
              <LatitudeDegrees>38.914350885897875</LatitudeDegrees>
              <LongitudeDegrees>-6.355607500299811</LongitudeDegrees>
            </Position>
            <AltitudeMeters>205.1999969482422</AltitudeMeters>
            <DistanceMeters>3685.81005859375</DistanceMeters>
            <HeartRateBpm>
              <Value>137</Value>
            </HeartRateBpm>
            <Extensions>
              <ns3:TPX>
                <ns3:Speed>2.61299991607666</ns3:Speed>
                <ns3:RunCadence>84</ns3:RunCadence>
              </ns3:TPX>
            </Extensions>
          </Trackpoint>
          <Trackpoint>
            <Time>2026-01-11T09:30:46.000Z</Time>
            <Position>
              <LatitudeDegrees>38.91415407881141</LatitudeDegrees>
              <LongitudeDegrees>-6.355642955750227</LongitudeDegrees>
            </Position>
            <AltitudeMeters>205.39999389648438</AltitudeMeters>
            <DistanceMeters>3708.010009765625</DistanceMeters>
            <HeartRateBpm>
              <Value>136</Value>
            </HeartRateBpm>
            <Extensions>
              <ns3:TPX>
                <ns3:Speed>2.61299991607666</ns3:Speed>
                <ns3:RunCadence>83</ns3:RunCadence>
              </ns3:TPX>
            </Extensions>
          </Trackpoint>
          <Trackpoint>
            <Time>2026-01-11T09:30:47.000Z</Time>
            <Position>
              <LatitudeDegrees>38.914129100739956</LatitudeDegrees>
              <LongitudeDegrees>-6.355632562190294</LongitudeDegrees>
            </Position>
            <AltitudeMeters>205.60000610351562</AltitudeMeters>
            <DistanceMeters>3710.929931640625</DistanceMeters>
            <HeartRateBpm>
              <Value>136</Value>
            </HeartRateBpm>
            <Extensions>
              <ns3:TPX>
                <ns3:Speed>2.621999979019165</ns3:Speed>
                <ns3:RunCadence>84</ns3:RunCadence>
              </ns3:TPX>
            </Extensions>
          </Trackpoint>
          <Trackpoint>
            <Time>2026-01-11T09:30:53.000Z</Time>
            <Position>
              <LatitudeDegrees>38.91400035470724</LatitudeDegrees>
              <LongitudeDegrees>-6.355549497529864</LongitudeDegrees>
            </Position>
            <AltitudeMeters>206.0</AltitudeMeters>
            <DistanceMeters>3726.949951171875</DistanceMeters>
            <HeartRateBpm>
              <Value>136</Value>
            </HeartRateBpm>
            <Extensions>
              <ns3:TPX>
                <ns3:Speed>2.6410000324249268</ns3:Speed>
                <ns3:RunCadence>84</ns3:RunCadence>
              </ns3:TPX>
            </Extensions>
          </Trackpoint>
          <Trackpoint>
            <Time>2026-01-11T09:31:01.000Z</Time>
            <Position>
              <LatitudeDegrees>38.913818299770355</LatitudeDegrees>
              <LongitudeDegrees>-6.355454446747899</LongitudeDegrees>
            </Position>
            <AltitudeMeters>205.39999389648438</AltitudeMeters>
            <DistanceMeters>3748.739990234375</DistanceMeters>
            <HeartRateBpm>
              <Value>136</Value>
            </HeartRateBpm>
            <Extensions>
              <ns3:TPX>
                <ns3:Speed>2.6589999198913574</ns3:Speed>
                <ns3:RunCadence>84</ns3:RunCadence>
              </ns3:TPX>
            </Extensions>
          </Trackpoint>
          <Trackpoint>
            <Time>2026-01-11T09:31:02.000Z</Time>
            <Position>
              <LatitudeDegrees>38.91379617154598</LatitudeDegrees>
              <LongitudeDegrees>-6.355439694598317</LongitudeDegrees>
            </Position>
            <AltitudeMeters>205.1999969482422</AltitudeMeters>
            <DistanceMeters>3751.5</DistanceMeters>
            <HeartRateBpm>
              <Value>136</Value>
            </HeartRateBpm>
            <Extensions>
              <ns3:TPX>
                <ns3:Speed>2.6589999198913574</ns3:Speed>
                <ns3:RunCadence>84</ns3:RunCadence>
              </ns3:TPX>
            </Extensions>
          </Trackpoint>
          <Trackpoint>
            <Time>2026-01-11T09:31:10.000Z</Time>
            <Position>
              <LatitudeDegrees>38.91362694092095</LatitudeDegrees>
              <LongitudeDegrees>-6.355310613289475</LongitudeDegrees>
            </Position>
            <AltitudeMeters>204.60000610351562</AltitudeMeters>
            <DistanceMeters>3773.510009765625</DistanceMeters>
            <HeartRateBpm>
              <Value>136</Value>
            </HeartRateBpm>
            <Extensions>
              <ns3:TPX>
                <ns3:Speed>2.6689999103546143</ns3:Speed>
                <ns3:RunCadence>84</ns3:RunCadence>
              </ns3:TPX>
            </Extensions>
          </Trackpoint>
          <Trackpoint>
            <Time>2026-01-11T09:31:18.000Z</Time>
            <Position>
              <LatitudeDegrees>38.91344731673598</LatitudeDegrees>
              <LongitudeDegrees>-6.355307847261429</LongitudeDegrees>
            </Position>
            <AltitudeMeters>204.60000610351562</AltitudeMeters>
            <DistanceMeters>3793.39990234375</DistanceMeters>
            <HeartRateBpm>
              <Value>135</Value>
            </HeartRateBpm>
            <Extensions>
              <ns3:TPX>
                <ns3:Speed>2.6689999103546143</ns3:Speed>
                <ns3:RunCadence>84</ns3:RunCadence>
              </ns3:TPX>
            </Extensions>
          </Trackpoint>
          <Trackpoint>
            <Time>2026-01-11T09:31:26.000Z</Time>
            <Position>
              <LatitudeDegrees>38.91325805336237</LatitudeDegrees>
              <LongitudeDegrees>-6.355310780927539</LongitudeDegrees>
            </Position>
            <AltitudeMeters>205.60000610351562</AltitudeMeters>
            <DistanceMeters>3814.320068359375</DistanceMeters>
            <HeartRateBpm>
              <Value>135</Value>
            </HeartRateBpm>
            <Extensions>
              <ns3:TPX>
                <ns3:Speed>2.6410000324249268</ns3:Speed>
                <ns3:RunCadence>84</ns3:RunCadence>
              </ns3:TPX>
            </Extensions>
          </Trackpoint>
          <Trackpoint>
            <Time>2026-01-11T09:31:33.000Z</Time>
            <Position>
              <LatitudeDegrees>38.91307105310261</LatitudeDegrees>
              <LongitudeDegrees>-6.35531329549849</LongitudeDegrees>
            </Position>
            <AltitudeMeters>206.60000610351562</AltitudeMeters>
            <DistanceMeters>3835.110107421875</DistanceMeters>
            <HeartRateBpm>
              <Value>136</Value>
            </HeartRateBpm>
            <Extensions>
              <ns3:TPX>
                <ns3:Speed>2.6410000324249268</ns3:Speed>
                <ns3:RunCadence>84</ns3:RunCadence>
              </ns3:TPX>
            </Extensions>
          </Trackpoint>
          <Trackpoint>
            <Time>2026-01-11T09:31:35.000Z</Time>
            <Position>
              <LatitudeDegrees>38.91301221214235</LatitudeDegrees>
              <LongitudeDegrees>-6.355318408459425</LongitudeDegrees>
            </Position>
            <AltitudeMeters>206.8000030517578</AltitudeMeters>
            <DistanceMeters>3841.659912109375</DistanceMeters>
            <HeartRateBpm>
              <Value>136</Value>
            </HeartRateBpm>
            <Extensions>
              <ns3:TPX>
                <ns3:Speed>2.6500000953674316</ns3:Speed>
                <ns3:RunCadence>84</ns3:RunCadence>
              </ns3:TPX>
            </Extensions>
          </Trackpoint>
          <Trackpoint>
            <Time>2026-01-11T09:31:43.000Z</Time>
            <Position>
              <LatitudeDegrees>38.912812136113644</LatitudeDegrees>
              <LongitudeDegrees>-6.355307511985302</LongitudeDegrees>
            </Position>
            <AltitudeMeters>207.0</AltitudeMeters>
            <DistanceMeters>3863.89990234375</DistanceMeters>
            <HeartRateBpm>
              <Value>136</Value>
            </HeartRateBpm>
            <Extensions>
              <ns3:TPX>
                <ns3:Speed>2.697000026702881</ns3:Speed>
                <ns3:RunCadence>85</ns3:RunCadence>
              </ns3:TPX>
            </Extensions>
          </Trackpoint>
          <Trackpoint>
            <Time>2026-01-11T09:31:44.000Z</Time>
            <Position>
              <LatitudeDegrees>38.91278858296573</LatitudeDegrees>
              <LongitudeDegrees>-6.355303153395653</LongitudeDegrees>
            </Position>
            <AltitudeMeters>207.0</AltitudeMeters>
            <DistanceMeters>3866.530029296875</DistanceMeters>
            <HeartRateBpm>
              <Value>136</Value>
            </HeartRateBpm>
            <Extensions>
              <ns3:TPX>
                <ns3:Speed>2.697000026702881</ns3:Speed>
                <ns3:RunCadence>84</ns3:RunCadence>
              </ns3:TPX>
            </Extensions>
          </Trackpoint>
          <Trackpoint>
            <Time>2026-01-11T09:31:51.000Z</Time>
            <Position>
              <LatitudeDegrees>38.91263100318611</LatitudeDegrees>
              <LongitudeDegrees>-6.355265770107508</LongitudeDegrees>
            </Position>
            <AltitudeMeters>207.0</AltitudeMeters>
            <DistanceMeters>3884.18994140625</DistanceMeters>
            <HeartRateBpm>
              <Value>136</Value>
            </HeartRateBpm>
            <Extensions>
              <ns3:TPX>
                <ns3:Speed>2.697000026702881</ns3:Speed>
                <ns3:RunCadence>84</ns3:RunCadence>
              </ns3:TPX>
            </Extensions>
          </Trackpoint>
          <Trackpoint>
            <Time>2026-01-11T09:31:57.000Z</Time>
            <Position>
              <LatitudeDegrees>38.91249546781182</LatitudeDegrees>
              <LongitudeDegrees>-6.355226542800665</LongitudeDegrees>
            </Position>
            <AltitudeMeters>206.0</AltitudeMeters>
            <DistanceMeters>3899.6298828125</DistanceMeters>
            <HeartRateBpm>
              <Value>135</Value>
            </HeartRateBpm>
            <Extensions>
              <ns3:TPX>
                <ns3:Speed>2.687000036239624</ns3:Speed>
                <ns3:RunCadence>84</ns3:RunCadence>
              </ns3:TPX>
            </Extensions>
          </Trackpoint>
          <Trackpoint>
            <Time>2026-01-11T09:32:05.000Z</Time>
            <Position>
              <LatitudeDegrees>38.91230218112469</LatitudeDegrees>
              <LongitudeDegrees>-6.355134006589651</LongitudeDegrees>
            </Position>
            <AltitudeMeters>204.60000610351562</AltitudeMeters>
            <DistanceMeters>3922.4599609375</DistanceMeters>
            <HeartRateBpm>
              <Value>135</Value>
            </HeartRateBpm>
            <Extensions>
              <ns3:TPX>
                <ns3:Speed>2.6689999103546143</ns3:Speed>
                <ns3:RunCadence>84</ns3:RunCadence>
              </ns3:TPX>
            </Extensions>
          </Trackpoint>
          <Trackpoint>
            <Time>2026-01-11T09:32:06.000Z</Time>
            <Position>
              <LatitudeDegrees>38.91227996908128</LatitudeDegrees>
              <LongitudeDegrees>-6.355122020468116</LongitudeDegrees>
            </Position>
            <AltitudeMeters>204.39999389648438</AltitudeMeters>
            <DistanceMeters>3925.110107421875</DistanceMeters>
            <HeartRateBpm>
              <Value>135</Value>
            </HeartRateBpm>
            <Extensions>
              <ns3:TPX>
                <ns3:Speed>2.6689999103546143</ns3:Speed>
                <ns3:RunCadence>84</ns3:RunCadence>
              </ns3:TPX>
            </Extensions>
          </Trackpoint>
          <Trackpoint>
            <Time>2026-01-11T09:32:14.000Z</Time>
            <Position>
              <LatitudeDegrees>38.91210202127695</LatitudeDegrees>
              <LongitudeDegrees>-6.355032166466117</LongitudeDegrees>
            </Position>
            <AltitudeMeters>204.0</AltitudeMeters>
            <DistanceMeters>3946.340087890625</DistanceMeters>
            <HeartRateBpm>
              <Value>135</Value>
            </HeartRateBpm>
            <Extensions>
              <ns3:TPX>
                <ns3:Speed>2.6689999103546143</ns3:Speed>
                <ns3:RunCadence>84</ns3:RunCadence>
              </ns3:TPX>
            </Extensions>
          </Trackpoint>
          <Trackpoint>
            <Time>2026-01-11T09:32:15.000Z</Time>
            <Position>
              <LatitudeDegrees>38.912077797576785</LatitudeDegrees>
              <LongitudeDegrees>-6.35502546094358</LongitudeDegrees>
            </Position>
            <AltitudeMeters>204.0</AltitudeMeters>
            <DistanceMeters>3949.080078125</DistanceMeters>
            <HeartRateBpm>
              <Value>136</Value>
            </HeartRateBpm>
            <Extensions>
              <ns3:TPX>
                <ns3:Speed>2.6689999103546143</ns3:Speed>
                <ns3:RunCadence>84</ns3:RunCadence>
              </ns3:TPX>
            </Extensions>
          </Trackpoint>
          <Trackpoint>
            <Time>2026-01-11T09:32:23.000Z</Time>
            <Position>
              <LatitudeDegrees>38.91188585199416</LatitudeDegrees>
              <LongitudeDegrees>-6.355020934715867</LongitudeDegrees>
            </Position>
            <AltitudeMeters>204.0</AltitudeMeters>
            <DistanceMeters>3970.3701171875</DistanceMeters>
            <HeartRateBpm>
              <Value>137</Value>
            </HeartRateBpm>
            <Extensions>
              <ns3:TPX>
                <ns3:Speed>2.6500000953674316</ns3:Speed>
                <ns3:RunCadence>84</ns3:RunCadence>
              </ns3:TPX>
            </Extensions>
          </Trackpoint>
          <Trackpoint>
            <Time>2026-01-11T09:32:31.000Z</Time>
            <Position>
              <LatitudeDegrees>38.9116919785738</LatitudeDegrees>
              <LongitudeDegrees>-6.355055468156934</LongitudeDegrees>
            </Position>
            <AltitudeMeters>204.39999389648438</AltitudeMeters>
            <DistanceMeters>3992.10009765625</DistanceMeters>
            <HeartRateBpm>
              <Value>138</Value>
            </HeartRateBpm>
            <Extensions>
              <ns3:TPX>
                <ns3:Speed>2.6410000324249268</ns3:Speed>
                <ns3:RunCadence>84</ns3:RunCadence>
              </ns3:TPX>
            </Extensions>
          </Trackpoint>
          <Trackpoint>
            <Time>2026-01-11T09:32:35.000Z</Time>
            <Position>
              <LatitudeDegrees>38.911603298038244</LatitudeDegrees>
              <LongitudeDegrees>-6.355087570846081</LongitudeDegrees>
            </Position>
            <AltitudeMeters>204.60000610351562</AltitudeMeters>
            <DistanceMeters>4002.31005859375</DistanceMeters>
            <HeartRateBpm>
              <Value>137</Value>
            </HeartRateBpm>
            <Extensions>
              <ns3:TPX>
                <ns3:Speed>2.6410000324249268</ns3:Speed>
                <ns3:RunCadence>84</ns3:RunCadence>
              </ns3:TPX>
            </Extensions>
          </Trackpoint>
        </Track>
        <Extensions>
          <ns3:LX>
            <ns3:AvgSpeed>2.7090001106262207</ns3:AvgSpeed>
            <ns3:AvgRunCadence>83</ns3:AvgRunCadence>
            <ns3:MaxRunCadence>85</ns3:MaxRunCadence>
          </ns3:LX>
        </Extensions>
      </Lap>
      <Lap StartTime="2026-01-11T09:32:36.000Z">
        <TotalTimeSeconds>360.648</TotalTimeSeconds>
        <DistanceMeters>1000.0</DistanceMeters>
        <MaximumSpeed>2.9019999504089355</MaximumSpeed>
        <Calories>77</Calories>
        <AverageHeartRateBpm>
          <Value>139</Value>
        </AverageHeartRateBpm>
        <MaximumHeartRateBpm>
          <Value>145</Value>
        </MaximumHeartRateBpm>
        <Intensity>Active</Intensity>
        <TriggerMethod>Manual</TriggerMethod>
        <Track>
          <Trackpoint>
            <Time>2026-01-11T09:32:39.000Z</Time>
            <Position>
              <LatitudeDegrees>38.91151646152139</LatitudeDegrees>
              <LongitudeDegrees>-6.355114644393325</LongitudeDegrees>
            </Position>
            <AltitudeMeters>205.0</AltitudeMeters>
            <DistanceMeters>4012.219970703125</DistanceMeters>
            <HeartRateBpm>
              <Value>137</Value>
            </HeartRateBpm>
            <Extensions>
              <ns3:TPX>
                <ns3:Speed>2.63100004196167</ns3:Speed>
                <ns3:RunCadence>84</ns3:RunCadence>
              </ns3:TPX>
            </Extensions>
          </Trackpoint>
          <Trackpoint>
            <Time>2026-01-11T09:32:47.000Z</Time>
            <Position>
              <LatitudeDegrees>38.91134060919285</LatitudeDegrees>
              <LongitudeDegrees>-6.355180609971285</LongitudeDegrees>
            </Position>
            <AltitudeMeters>205.60000610351562</AltitudeMeters>
            <DistanceMeters>4032.5</DistanceMeters>
            <HeartRateBpm>
              <Value>136</Value>
            </HeartRateBpm>
            <Extensions>
              <ns3:TPX>
                <ns3:Speed>2.5940001010894775</ns3:Speed>
                <ns3:RunCadence>84</ns3:RunCadence>
              </ns3:TPX>
            </Extensions>
          </Trackpoint>
          <Trackpoint>
            <Time>2026-01-11T09:32:48.000Z</Time>
            <Position>
              <LatitudeDegrees>38.91131278127432</LatitudeDegrees>
              <LongitudeDegrees>-6.3551919255405664</LongitudeDegrees>
            </Position>
            <AltitudeMeters>205.60000610351562</AltitudeMeters>
            <DistanceMeters>4035.719970703125</DistanceMeters>
            <HeartRateBpm>
              <Value>136</Value>
            </HeartRateBpm>
            <Extensions>
              <ns3:TPX>
                <ns3:Speed>2.5940001010894775</ns3:Speed>
                <ns3:RunCadence>84</ns3:RunCadence>
              </ns3:TPX>
            </Extensions>
          </Trackpoint>
          <Trackpoint>
            <Time>2026-01-11T09:32:55.000Z</Time>
            <Position>
              <LatitudeDegrees>38.911126367747784</LatitudeDegrees>
              <LongitudeDegrees>-6.35522629134357</LongitudeDegrees>
            </Position>
            <AltitudeMeters>206.60000610351562</AltitudeMeters>
            <DistanceMeters>4056.5400390625</DistanceMeters>
            <HeartRateBpm>
              <Value>135</Value>
            </HeartRateBpm>
            <Extensions>
              <ns3:TPX>
                <ns3:Speed>2.6029999256134033</ns3:Speed>
                <ns3:RunCadence>84</ns3:RunCadence>
              </ns3:TPX>
            </Extensions>
          </Trackpoint>
          <Trackpoint>
            <Time>2026-01-11T09:33:03.000Z</Time>
            <Position>
              <LatitudeDegrees>38.91092863865197</LatitudeDegrees>
              <LongitudeDegrees>-6.355206174775958</LongitudeDegrees>
            </Position>
            <AltitudeMeters>208.1999969482422</AltitudeMeters>
            <DistanceMeters>4078.39990234375</DistanceMeters>
            <HeartRateBpm>
              <Value>135</Value>
            </HeartRateBpm>
            <Extensions>
              <ns3:TPX>
                <ns3:Speed>2.6410000324249268</ns3:Speed>
                <ns3:RunCadence>84</ns3:RunCadence>
              </ns3:TPX>
            </Extensions>
          </Trackpoint>
          <Trackpoint>
            <Time>2026-01-11T09:33:06.000Z</Time>
            <Position>
              <LatitudeDegrees>38.91085538081825</LatitudeDegrees>
              <LongitudeDegrees>-6.355184130370617</LongitudeDegrees>
            </Position>
            <AltitudeMeters>209.39999389648438</AltitudeMeters>
            <DistanceMeters>4086.760009765625</DistanceMeters>
            <HeartRateBpm>
              <Value>135</Value>
            </HeartRateBpm>
            <Extensions>
              <ns3:TPX>
                <ns3:Speed>2.6410000324249268</ns3:Speed>
                <ns3:RunCadence>84</ns3:RunCadence>
              </ns3:TPX>
            </Extensions>
          </Trackpoint>
          <Trackpoint>
            <Time>2026-01-11T09:33:08.000Z</Time>
            <Position>
              <LatitudeDegrees>38.91081145964563</LatitudeDegrees>
              <LongitudeDegrees>-6.355135180056095</LongitudeDegrees>
            </Position>
            <AltitudeMeters>210.0</AltitudeMeters>
            <DistanceMeters>4093.22998046875</DistanceMeters>
            <HeartRateBpm>
              <Value>135</Value>
            </HeartRateBpm>
            <Extensions>
              <ns3:TPX>
                <ns3:Speed>2.6410000324249268</ns3:Speed>
                <ns3:RunCadence>84</ns3:RunCadence>
              </ns3:TPX>
            </Extensions>
          </Trackpoint>
          <Trackpoint>
            <Time>2026-01-11T09:33:13.000Z</Time>
            <Position>
              <LatitudeDegrees>38.910724790766835</LatitudeDegrees>
              <LongitudeDegrees>-6.355009116232395</LongitudeDegrees>
            </Position>
            <AltitudeMeters>210.60000610351562</AltitudeMeters>
            <DistanceMeters>4108.18994140625</DistanceMeters>
            <HeartRateBpm>
              <Value>136</Value>
            </HeartRateBpm>
            <Extensions>
              <ns3:TPX>
                <ns3:Speed>2.6589999198913574</ns3:Speed>
                <ns3:RunCadence>84</ns3:RunCadence>
              </ns3:TPX>
            </Extensions>
          </Trackpoint>
          <Trackpoint>
            <Time>2026-01-11T09:33:18.000Z</Time>
            <Position>
              <LatitudeDegrees>38.91077583655715</LatitudeDegrees>
              <LongitudeDegrees>-6.354886908084154</LongitudeDegrees>
            </Position>
            <AltitudeMeters>209.8000030517578</AltitudeMeters>
            <DistanceMeters>4120.75</DistanceMeters>
            <HeartRateBpm>
              <Value>136</Value>
            </HeartRateBpm>
            <Extensions>
              <ns3:TPX>
                <ns3:Speed>2.677999973297119</ns3:Speed>
                <ns3:RunCadence>84</ns3:RunCadence>
              </ns3:TPX>
            </Extensions>
          </Trackpoint>
          <Trackpoint>
            <Time>2026-01-11T09:33:27.000Z</Time>
            <Position>
              <LatitudeDegrees>38.91089544631541</LatitudeDegrees>
              <LongitudeDegrees>-6.354682724922895</LongitudeDegrees>
            </Position>
            <AltitudeMeters>208.39999389648438</AltitudeMeters>
            <DistanceMeters>4142.97021484375</DistanceMeters>
            <HeartRateBpm>
              <Value>137</Value>
            </HeartRateBpm>
            <Extensions>
              <ns3:TPX>
                <ns3:Speed>2.677999973297119</ns3:Speed>
                <ns3:RunCadence>84</ns3:RunCadence>
              </ns3:TPX>
            </Extensions>
          </Trackpoint>
          <Trackpoint>
            <Time>2026-01-11T09:33:28.000Z</Time>
            <Position>
              <LatitudeDegrees>38.910912461578846</LatitudeDegrees>
              <LongitudeDegrees>-6.354663698002696</LongitudeDegrees>
            </Position>
            <AltitudeMeters>208.1999969482422</AltitudeMeters>
            <DistanceMeters>4145.47998046875</DistanceMeters>
            <HeartRateBpm>
              <Value>137</Value>
            </HeartRateBpm>
            <Extensions>
              <ns3:TPX>
                <ns3:Speed>2.677999973297119</ns3:Speed>
                <ns3:RunCadence>84</ns3:RunCadence>
              </ns3:TPX>
            </Extensions>
          </Trackpoint>
          <Trackpoint>
            <Time>2026-01-11T09:33:36.000Z</Time>
            <Position>
              <LatitudeDegrees>38.911022851243615</LatitudeDegrees>
              <LongitudeDegrees>-6.354487342759967</LongitudeDegrees>
            </Position>
            <AltitudeMeters>207.0</AltitudeMeters>
            <DistanceMeters>4165.08984375</DistanceMeters>
            <HeartRateBpm>
              <Value>137</Value>
            </HeartRateBpm>
            <Extensions>
              <ns3:TPX>
                <ns3:Speed>2.677999973297119</ns3:Speed>
                <ns3:RunCadence>83</ns3:RunCadence>
              </ns3:TPX>
            </Extensions>
          </Trackpoint>
          <Trackpoint>
            <Time>2026-01-11T09:33:45.000Z</Time>
            <Position>
              <LatitudeDegrees>38.911142125725746</LatitudeDegrees>
              <LongitudeDegrees>-6.354291373863816</LongitudeDegrees>
            </Position>
            <AltitudeMeters>205.8000030517578</AltitudeMeters>
            <DistanceMeters>4186.64990234375</DistanceMeters>
            <HeartRateBpm>
              <Value>137</Value>
            </HeartRateBpm>
            <Extensions>
              <ns3:TPX>
                <ns3:Speed>2.677999973297119</ns3:Speed>
                <ns3:RunCadence>84</ns3:RunCadence>
              </ns3:TPX>
            </Extensions>
          </Trackpoint>
          <Trackpoint>
            <Time>2026-01-11T09:33:53.000Z</Time>
            <Position>
              <LatitudeDegrees>38.911251090466976</LatitudeDegrees>
              <LongitudeDegrees>-6.354110408574343</LongitudeDegrees>
            </Position>
            <AltitudeMeters>204.8000030517578</AltitudeMeters>
            <DistanceMeters>4206.41015625</DistanceMeters>
            <HeartRateBpm>
              <Value>137</Value>
            </HeartRateBpm>
            <Extensions>
              <ns3:TPX>
                <ns3:Speed>2.6689999103546143</ns3:Speed>
                <ns3:RunCadence>82</ns3:RunCadence>
              </ns3:TPX>
            </Extensions>
          </Trackpoint>
          <Trackpoint>
            <Time>2026-01-11T09:33:55.000Z</Time>
            <Position>
              <LatitudeDegrees>38.91128218732774</LatitudeDegrees>
              <LongitudeDegrees>-6.354062547907233</LongitudeDegrees>
            </Position>
            <AltitudeMeters>204.8000030517578</AltitudeMeters>
            <DistanceMeters>4211.7998046875</DistanceMeters>
            <HeartRateBpm>
              <Value>133</Value>
            </HeartRateBpm>
            <Extensions>
              <ns3:TPX>
                <ns3:Speed>2.6689999103546143</ns3:Speed>
                <ns3:RunCadence>82</ns3:RunCadence>
              </ns3:TPX>
            </Extensions>
          </Trackpoint>
          <Trackpoint>
            <Time>2026-01-11T09:33:56.000Z</Time>
            <Position>
              <LatitudeDegrees>38.91129727475345</LatitudeDegrees>
              <LongitudeDegrees>-6.3540389109402895</LongitudeDegrees>
            </Position>
            <AltitudeMeters>204.8000030517578</AltitudeMeters>
            <DistanceMeters>4214.43994140625</DistanceMeters>
            <HeartRateBpm>
              <Value>137</Value>
            </HeartRateBpm>
            <Extensions>
              <ns3:TPX>
                <ns3:Speed>2.6689999103546143</ns3:Speed>
                <ns3:RunCadence>82</ns3:RunCadence>
              </ns3:TPX>
            </Extensions>
          </Trackpoint>
          <Trackpoint>
            <Time>2026-01-11T09:34:01.000Z</Time>
            <Position>
              <LatitudeDegrees>38.91137547791004</LatitudeDegrees>
              <LongitudeDegrees>-6.353918965905905</LongitudeDegrees>
            </Position>
            <AltitudeMeters>204.60000610351562</AltitudeMeters>
            <DistanceMeters>4227.990234375</DistanceMeters>
            <HeartRateBpm>
              <Value>140</Value>
            </HeartRateBpm>
            <Extensions>
              <ns3:TPX>
                <ns3:Speed>2.6689999103546143</ns3:Speed>
                <ns3:RunCadence>83</ns3:RunCadence>
              </ns3:TPX>
            </Extensions>
          </Trackpoint>
          <Trackpoint>
            <Time>2026-01-11T09:34:03.000Z</Time>
            <Position>
              <LatitudeDegrees>38.91140858642757</LatitudeDegrees>
              <LongitudeDegrees>-6.3538675010204315</LongitudeDegrees>
            </Position>
            <AltitudeMeters>204.60000610351562</AltitudeMeters>
            <DistanceMeters>4233.77001953125</DistanceMeters>
            <HeartRateBpm>
              <Value>137</Value>
            </HeartRateBpm>
            <Extensions>
              <ns3:TPX>
                <ns3:Speed>2.677999973297119</ns3:Speed>
                <ns3:RunCadence>84</ns3:RunCadence>
              </ns3:TPX>
            </Extensions>
          </Trackpoint>
          <Trackpoint>
            <Time>2026-01-11T09:34:06.000Z</Time>
            <Position>
              <LatitudeDegrees>38.91144982539117</LatitudeDegrees>
              <LongitudeDegrees>-6.353789297863841</LongitudeDegrees>
            </Position>
            <AltitudeMeters>204.8000030517578</AltitudeMeters>
            <DistanceMeters>4241.93017578125</DistanceMeters>
            <HeartRateBpm>
              <Value>137</Value>
            </HeartRateBpm>
            <Extensions>
              <ns3:TPX>
                <ns3:Speed>2.697000026702881</ns3:Speed>
                <ns3:RunCadence>84</ns3:RunCadence>
              </ns3:TPX>
            </Extensions>
          </Trackpoint>
          <Trackpoint>
            <Time>2026-01-11T09:34:14.000Z</Time>
            <Position>
              <LatitudeDegrees>38.911569099873304</LatitudeDegrees>
              <LongitudeDegrees>-6.35358402505517</LongitudeDegrees>
            </Position>
            <AltitudeMeters>205.60000610351562</AltitudeMeters>
            <DistanceMeters>4264.06005859375</DistanceMeters>
            <HeartRateBpm>
              <Value>140</Value>
            </HeartRateBpm>
            <Extensions>
              <ns3:TPX>
                <ns3:Speed>2.7339999675750732</ns3:Speed>
                <ns3:RunCadence>85</ns3:RunCadence>
              </ns3:TPX>
            </Extensions>
          </Trackpoint>
          <Trackpoint>
            <Time>2026-01-11T09:34:17.000Z</Time>
            <Position>
              <LatitudeDegrees>38.911611596122384</LatitudeDegrees>
              <LongitudeDegrees>-6.353502050042152</LongitudeDegrees>
            </Position>
            <AltitudeMeters>206.1999969482422</AltitudeMeters>
            <DistanceMeters>4272.58984375</DistanceMeters>
            <HeartRateBpm>
              <Value>139</Value>
            </HeartRateBpm>
            <Extensions>
              <ns3:TPX>
                <ns3:Speed>2.743000030517578</ns3:Speed>
                <ns3:RunCadence>85</ns3:RunCadence>
              </ns3:TPX>
            </Extensions>
          </Trackpoint>
          <Trackpoint>
            <Time>2026-01-11T09:34:24.000Z</Time>
            <Position>
              <LatitudeDegrees>38.91172726638615</LatitudeDegrees>
              <LongitudeDegrees>-6.35332016274333</LongitudeDegrees>
            </Position>
            <AltitudeMeters>207.0</AltitudeMeters>
            <DistanceMeters>4292.93994140625</DistanceMeters>
            <HeartRateBpm>
              <Value>138</Value>
            </HeartRateBpm>
            <Extensions>
              <ns3:TPX>
                <ns3:Speed>2.7899999618530273</ns3:Speed>
                <ns3:RunCadence>85</ns3:RunCadence>
              </ns3:TPX>
            </Extensions>
          </Trackpoint>
          <Trackpoint>
            <Time>2026-01-11T09:34:32.000Z</Time>
            <Position>
              <LatitudeDegrees>38.91185123473406</LatitudeDegrees>
              <LongitudeDegrees>-6.353112794458866</LongitudeDegrees>
            </Position>
            <AltitudeMeters>207.1999969482422</AltitudeMeters>
            <DistanceMeters>4315.60009765625</DistanceMeters>
            <HeartRateBpm>
              <Value>138</Value>
            </HeartRateBpm>
            <Extensions>
              <ns3:TPX>
                <ns3:Speed>2.8269999027252197</ns3:Speed>
                <ns3:RunCadence>84</ns3:RunCadence>
              </ns3:TPX>
            </Extensions>
          </Trackpoint>
          <Trackpoint>
            <Time>2026-01-11T09:34:39.000Z</Time>
            <Position>
              <LatitudeDegrees>38.91195885837078</LatitudeDegrees>
              <LongitudeDegrees>-6.352918669581413</LongitudeDegrees>
            </Position>
            <AltitudeMeters>206.8000030517578</AltitudeMeters>
            <DistanceMeters>4336.259765625</DistanceMeters>
            <HeartRateBpm>
              <Value>138</Value>
            </HeartRateBpm>
            <Extensions>
              <ns3:TPX>
                <ns3:Speed>2.865000009536743</ns3:Speed>
                <ns3:RunCadence>84</ns3:RunCadence>
              </ns3:TPX>
            </Extensions>
          </Trackpoint>
          <Trackpoint>
            <Time>2026-01-11T09:34:42.000Z</Time>
            <Position>
              <LatitudeDegrees>38.912008395418525</LatitudeDegrees>
              <LongitudeDegrees>-6.352849267423153</LongitudeDegrees>
            </Position>
            <AltitudeMeters>206.39999389648438</AltitudeMeters>
            <DistanceMeters>4344.41015625</DistanceMeters>
            <HeartRateBpm>
              <Value>140</Value>
            </HeartRateBpm>
            <Extensions>
              <ns3:TPX>
                <ns3:Speed>2.874000072479248</ns3:Speed>
                <ns3:RunCadence>85</ns3:RunCadence>
              </ns3:TPX>
            </Extensions>
          </Trackpoint>
          <Trackpoint>
            <Time>2026-01-11T09:34:50.000Z</Time>
            <Position>
              <LatitudeDegrees>38.91212264075875</LatitudeDegrees>
              <LongitudeDegrees>-6.352657321840525</LongitudeDegrees>
            </Position>
            <AltitudeMeters>205.1999969482422</AltitudeMeters>
            <DistanceMeters>4365.35009765625</DistanceMeters>
            <HeartRateBpm>
              <Value>139</Value>
            </HeartRateBpm>
            <Extensions>
              <ns3:TPX>
                <ns3:Speed>2.882999897003174</ns3:Speed>
                <ns3:RunCadence>84</ns3:RunCadence>
              </ns3:TPX>
            </Extensions>
          </Trackpoint>
          <Trackpoint>
            <Time>2026-01-11T09:34:58.000Z</Time>
            <Position>
              <LatitudeDegrees>38.91225691884756</LatitudeDegrees>
              <LongitudeDegrees>-6.35246068239212</LongitudeDegrees>
            </Position>
            <AltitudeMeters>203.39999389648438</AltitudeMeters>
            <DistanceMeters>4388.06005859375</DistanceMeters>
            <HeartRateBpm>
              <Value>138</Value>
            </HeartRateBpm>
            <Extensions>
              <ns3:TPX>
                <ns3:Speed>2.865000009536743</ns3:Speed>
                <ns3:RunCadence>85</ns3:RunCadence>
              </ns3:TPX>
            </Extensions>
          </Trackpoint>
          <Trackpoint>
            <Time>2026-01-11T09:35:05.000Z</Time>
            <Position>
              <LatitudeDegrees>38.91237812116742</LatitudeDegrees>
              <LongitudeDegrees>-6.352289104834199</LongitudeDegrees>
            </Position>
            <AltitudeMeters>202.1999969482422</AltitudeMeters>
            <DistanceMeters>4408.14013671875</DistanceMeters>
            <HeartRateBpm>
              <Value>139</Value>
            </HeartRateBpm>
            <Extensions>
              <ns3:TPX>
                <ns3:Speed>2.874000072479248</ns3:Speed>
                <ns3:RunCadence>86</ns3:RunCadence>
              </ns3:TPX>
            </Extensions>
          </Trackpoint>
          <Trackpoint>
            <Time>2026-01-11T09:35:06.000Z</Time>
            <Position>
              <LatitudeDegrees>38.91239597462118</LatitudeDegrees>
              <LongitudeDegrees>-6.352262869477272</LongitudeDegrees>
            </Position>
            <AltitudeMeters>202.0</AltitudeMeters>
            <DistanceMeters>4411.14990234375</DistanceMeters>
            <HeartRateBpm>
              <Value>138</Value>
            </HeartRateBpm>
            <Extensions>
              <ns3:TPX>
                <ns3:Speed>2.882999897003174</ns3:Speed>
                <ns3:RunCadence>86</ns3:RunCadence>
              </ns3:TPX>
            </Extensions>
          </Trackpoint>
          <Trackpoint>
            <Time>2026-01-11T09:35:08.000Z</Time>
            <Position>
              <LatitudeDegrees>38.912426652386785</LatitudeDegrees>
              <LongitudeDegrees>-6.35220461525023</LongitudeDegrees>
            </Position>
            <AltitudeMeters>202.0</AltitudeMeters>
            <DistanceMeters>4417.25</DistanceMeters>
            <HeartRateBpm>
              <Value>143</Value>
            </HeartRateBpm>
            <Extensions>
              <ns3:TPX>
                <ns3:Speed>2.8929998874664307</ns3:Speed>
                <ns3:RunCadence>86</ns3:RunCadence>
              </ns3:TPX>
            </Extensions>
          </Trackpoint>
          <Trackpoint>
            <Time>2026-01-11T09:35:09.000Z</Time>
            <Position>
              <LatitudeDegrees>38.91243679448962</LatitudeDegrees>
              <LongitudeDegrees>-6.352174356579781</LongitudeDegrees>
            </Position>
            <AltitudeMeters>202.0</AltitudeMeters>
            <DistanceMeters>4420.10986328125</DistanceMeters>
            <HeartRateBpm>
              <Value>138</Value>
            </HeartRateBpm>
            <Extensions>
              <ns3:TPX>
                <ns3:Speed>2.8929998874664307</ns3:Speed>
                <ns3:RunCadence>86</ns3:RunCadence>
              </ns3:TPX>
            </Extensions>
          </Trackpoint>
          <Trackpoint>
            <Time>2026-01-11T09:35:13.000Z</Time>
            <Position>
              <LatitudeDegrees>38.91249437816441</LatitudeDegrees>
              <LongitudeDegrees>-6.352071426808834</LongitudeDegrees>
            </Position>
            <AltitudeMeters>201.60000610351562</AltitudeMeters>
            <DistanceMeters>4431.06005859375</DistanceMeters>
            <HeartRateBpm>
              <Value>138</Value>
            </HeartRateBpm>
            <Extensions>
              <ns3:TPX>
                <ns3:Speed>2.9019999504089355</ns3:Speed>
                <ns3:RunCadence>84</ns3:RunCadence>
              </ns3:TPX>
            </Extensions>
          </Trackpoint>
          <Trackpoint>
            <Time>2026-01-11T09:35:21.000Z</Time>
            <Position>
              <LatitudeDegrees>38.91261449083686</LatitudeDegrees>
              <LongitudeDegrees>-6.351870344951749</LongitudeDegrees>
            </Position>
            <AltitudeMeters>201.1999969482422</AltitudeMeters>
            <DistanceMeters>4453.009765625</DistanceMeters>
            <HeartRateBpm>
              <Value>140</Value>
            </HeartRateBpm>
            <Extensions>
              <ns3:TPX>
                <ns3:Speed>2.8929998874664307</ns3:Speed>
                <ns3:RunCadence>84</ns3:RunCadence>
              </ns3:TPX>
            </Extensions>
          </Trackpoint>
          <Trackpoint>
            <Time>2026-01-11T09:35:22.000Z</Time>
            <Position>
              <LatitudeDegrees>38.91263066790998</LatitudeDegrees>
              <LongitudeDegrees>-6.351848971098661</LongitudeDegrees>
            </Position>
            <AltitudeMeters>201.1999969482422</AltitudeMeters>
            <DistanceMeters>4455.58984375</DistanceMeters>
            <HeartRateBpm>
              <Value>137</Value>
            </HeartRateBpm>
            <Extensions>
              <ns3:TPX>
                <ns3:Speed>2.8929998874664307</ns3:Speed>
                <ns3:RunCadence>84</ns3:RunCadence>
              </ns3:TPX>
            </Extensions>
          </Trackpoint>
          <Trackpoint>
            <Time>2026-01-11T09:35:24.000Z</Time>
            <Position>
              <LatitudeDegrees>38.91266503371298</LatitudeDegrees>
              <LongitudeDegrees>-6.351800691336393</LongitudeDegrees>
            </Position>
            <AltitudeMeters>201.1999969482422</AltitudeMeters>
            <DistanceMeters>4461.25</DistanceMeters>
            <HeartRateBpm>
              <Value>140</Value>
            </HeartRateBpm>
            <Extensions>
              <ns3:TPX>
                <ns3:Speed>2.8929998874664307</ns3:Speed>
                <ns3:RunCadence>85</ns3:RunCadence>
              </ns3:TPX>
            </Extensions>
          </Trackpoint>
          <Trackpoint>
            <Time>2026-01-11T09:35:32.000Z</Time>
            <Position>
              <LatitudeDegrees>38.91279084607959</LatitudeDegrees>
              <LongitudeDegrees>-6.351596005260944</LongitudeDegrees>
            </Position>
            <AltitudeMeters>201.39999389648438</AltitudeMeters>
            <DistanceMeters>4483.8701171875</DistanceMeters>
            <HeartRateBpm>
              <Value>140</Value>
            </HeartRateBpm>
            <Extensions>
              <ns3:TPX>
                <ns3:Speed>2.874000072479248</ns3:Speed>
                <ns3:RunCadence>84</ns3:RunCadence>
              </ns3:TPX>
            </Extensions>
          </Trackpoint>
          <Trackpoint>
            <Time>2026-01-11T09:35:33.000Z</Time>
            <Position>
              <LatitudeDegrees>38.912807777523994</LatitudeDegrees>
              <LongitudeDegrees>-6.351571613922715</LongitudeDegrees>
            </Position>
            <AltitudeMeters>201.39999389648438</AltitudeMeters>
            <DistanceMeters>4486.68994140625</DistanceMeters>
            <HeartRateBpm>
              <Value>140</Value>
            </HeartRateBpm>
            <Extensions>
              <ns3:TPX>
                <ns3:Speed>2.874000072479248</ns3:Speed>
                <ns3:RunCadence>84</ns3:RunCadence>
              </ns3:TPX>
            </Extensions>
          </Trackpoint>
          <Trackpoint>
            <Time>2026-01-11T09:35:41.000Z</Time>
            <Position>
              <LatitudeDegrees>38.91293182969093</LatitudeDegrees>
              <LongitudeDegrees>-6.351379668340087</LongitudeDegrees>
            </Position>
            <AltitudeMeters>201.1999969482422</AltitudeMeters>
            <DistanceMeters>4508.2900390625</DistanceMeters>
            <HeartRateBpm>
              <Value>141</Value>
            </HeartRateBpm>
            <Extensions>
              <ns3:TPX>
                <ns3:Speed>2.874000072479248</ns3:Speed>
                <ns3:RunCadence>85</ns3:RunCadence>
              </ns3:TPX>
            </Extensions>
          </Trackpoint>
          <Trackpoint>
            <Time>2026-01-11T09:35:42.000Z</Time>
            <Position>
              <LatitudeDegrees>38.912946078926325</LatitudeDegrees>
              <LongitudeDegrees>-6.351354857906699</LongitudeDegrees>
            </Position>
            <AltitudeMeters>201.1999969482422</AltitudeMeters>
            <DistanceMeters>4510.9501953125</DistanceMeters>
            <HeartRateBpm>
              <Value>142</Value>
            </HeartRateBpm>
            <Extensions>
              <ns3:TPX>
                <ns3:Speed>2.874000072479248</ns3:Speed>
                <ns3:RunCadence>84</ns3:RunCadence>
              </ns3:TPX>
            </Extensions>
          </Trackpoint>
          <Trackpoint>
            <Time>2026-01-11T09:35:50.000Z</Time>
            <Position>
              <LatitudeDegrees>38.91307205893099</LatitudeDegrees>
              <LongitudeDegrees>-6.351161822676659</LongitudeDegrees>
            </Position>
            <AltitudeMeters>201.60000610351562</AltitudeMeters>
            <DistanceMeters>4532.75</DistanceMeters>
            <HeartRateBpm>
              <Value>143</Value>
            </HeartRateBpm>
            <Extensions>
              <ns3:TPX>
                <ns3:Speed>2.8550000190734863</ns3:Speed>
                <ns3:RunCadence>84</ns3:RunCadence>
              </ns3:TPX>
            </Extensions>
          </Trackpoint>
          <Trackpoint>
            <Time>2026-01-11T09:35:52.000Z</Time>
            <Position>
              <LatitudeDegrees>38.913102988153696</LatitudeDegrees>
              <LongitudeDegrees>-6.351117147132754</LongitudeDegrees>
            </Position>
            <AltitudeMeters>201.8000030517578</AltitudeMeters>
            <DistanceMeters>4537.93017578125</DistanceMeters>
            <HeartRateBpm>
              <Value>143</Value>
            </HeartRateBpm>
            <Extensions>
              <ns3:TPX>
                <ns3:Speed>2.8459999561309814</ns3:Speed>
                <ns3:RunCadence>84</ns3:RunCadence>
              </ns3:TPX>
            </Extensions>
          </Trackpoint>
          <Trackpoint>
            <Time>2026-01-11T09:36:00.000Z</Time>
            <Position>
              <LatitudeDegrees>38.913224609568715</LatitudeDegrees>
              <LongitudeDegrees>-6.350912963971496</LongitudeDegrees>
            </Position>
            <AltitudeMeters>203.0</AltitudeMeters>
            <DistanceMeters>4560.2001953125</DistanceMeters>
            <HeartRateBpm>
              <Value>142</Value>
            </HeartRateBpm>
            <Extensions>
              <ns3:TPX>
                <ns3:Speed>2.8369998931884766</ns3:Speed>
                <ns3:RunCadence>85</ns3:RunCadence>
              </ns3:TPX>
            </Extensions>
          </Trackpoint>
          <Trackpoint>
            <Time>2026-01-11T09:36:04.000Z</Time>
            <Position>
              <LatitudeDegrees>38.91328655183315</LatitudeDegrees>
              <LongitudeDegrees>-6.350808525457978</LongitudeDegrees>
            </Position>
            <AltitudeMeters>203.39999389648438</AltitudeMeters>
            <DistanceMeters>4571.56982421875</DistanceMeters>
            <HeartRateBpm>
              <Value>142</Value>
            </HeartRateBpm>
            <Extensions>
              <ns3:TPX>
                <ns3:Speed>2.8269999027252197</ns3:Speed>
                <ns3:RunCadence>85</ns3:RunCadence>
              </ns3:TPX>
            </Extensions>
          </Trackpoint>
          <Trackpoint>
            <Time>2026-01-11T09:36:08.000Z</Time>
            <Position>
              <LatitudeDegrees>38.913349164649844</LatitudeDegrees>
              <LongitudeDegrees>-6.3507045060396194</LongitudeDegrees>
            </Position>
            <AltitudeMeters>204.0</AltitudeMeters>
            <DistanceMeters>4582.93994140625</DistanceMeters>
            <HeartRateBpm>
              <Value>145</Value>
            </HeartRateBpm>
            <Extensions>
              <ns3:TPX>
                <ns3:Speed>2.8369998931884766</ns3:Speed>
                <ns3:RunCadence>84</ns3:RunCadence>
              </ns3:TPX>
            </Extensions>
          </Trackpoint>
          <Trackpoint>
            <Time>2026-01-11T09:36:09.000Z</Time>
            <Position>
              <LatitudeDegrees>38.913363413885236</LatitudeDegrees>
              <LongitudeDegrees>-6.350677432492375</LongitudeDegrees>
            </Position>
            <AltitudeMeters>204.1999969482422</AltitudeMeters>
            <DistanceMeters>4585.759765625</DistanceMeters>
            <HeartRateBpm>
              <Value>142</Value>
            </HeartRateBpm>
            <Extensions>
              <ns3:TPX>
                <ns3:Speed>2.8369998931884766</ns3:Speed>
                <ns3:RunCadence>85</ns3:RunCadence>
              </ns3:TPX>
            </Extensions>
          </Trackpoint>
          <Trackpoint>
            <Time>2026-01-11T09:36:14.000Z</Time>
            <Position>
              <LatitudeDegrees>38.91344513744116</LatitudeDegrees>
              <LongitudeDegrees>-6.350552877411246</LongitudeDegrees>
            </Position>
            <AltitudeMeters>204.8000030517578</AltitudeMeters>
            <DistanceMeters>4599.8798828125</DistanceMeters>
            <HeartRateBpm>
              <Value>141</Value>
            </HeartRateBpm>
            <Extensions>
              <ns3:TPX>
                <ns3:Speed>2.8369998931884766</ns3:Speed>
                <ns3:RunCadence>84</ns3:RunCadence>
              </ns3:TPX>
            </Extensions>
          </Trackpoint>
          <Trackpoint>
            <Time>2026-01-11T09:36:21.000Z</Time>
            <Position>
              <LatitudeDegrees>38.913566172122955</LatitudeDegrees>
              <LongitudeDegrees>-6.350378701463342</LongitudeDegrees>
            </Position>
            <AltitudeMeters>204.1999969482422</AltitudeMeters>
            <DistanceMeters>4620.1201171875</DistanceMeters>
            <HeartRateBpm>
              <Value>142</Value>
            </HeartRateBpm>
            <Extensions>
              <ns3:TPX>
                <ns3:Speed>2.8369998931884766</ns3:Speed>
                <ns3:RunCadence>84</ns3:RunCadence>
              </ns3:TPX>
            </Extensions>
          </Trackpoint>
          <Trackpoint>
            <Time>2026-01-11T09:36:23.000Z</Time>
            <Position>
              <LatitudeDegrees>38.91359441913664</LatitudeDegrees>
              <LongitudeDegrees>-6.350329415872693</LongitudeDegrees>
            </Position>
            <AltitudeMeters>204.0</AltitudeMeters>
            <DistanceMeters>4625.419921875</DistanceMeters>
            <HeartRateBpm>
              <Value>142</Value>
            </HeartRateBpm>
            <Extensions>
              <ns3:TPX>
                <ns3:Speed>2.8369998931884766</ns3:Speed>
                <ns3:RunCadence>84</ns3:RunCadence>
              </ns3:TPX>
            </Extensions>
          </Trackpoint>
          <Trackpoint>
            <Time>2026-01-11T09:36:31.000Z</Time>
            <Position>
              <LatitudeDegrees>38.913711765781045</LatitudeDegrees>
              <LongitudeDegrees>-6.3501272443681955</LongitudeDegrees>
            </Position>
            <AltitudeMeters>203.1999969482422</AltitudeMeters>
            <DistanceMeters>4647.259765625</DistanceMeters>
            <HeartRateBpm>
              <Value>141</Value>
            </HeartRateBpm>
            <Extensions>
              <ns3:TPX>
                <ns3:Speed>2.8269999027252197</ns3:Speed>
                <ns3:RunCadence>84</ns3:RunCadence>
              </ns3:TPX>
            </Extensions>
          </Trackpoint>
          <Trackpoint>
            <Time>2026-01-11T09:36:32.000Z</Time>
            <Position>
              <LatitudeDegrees>38.913724925369024</LatitudeDegrees>
              <LongitudeDegrees>-6.350101847201586</LongitudeDegrees>
            </Position>
            <AltitudeMeters>203.0</AltitudeMeters>
            <DistanceMeters>4649.89990234375</DistanceMeters>
            <HeartRateBpm>
              <Value>141</Value>
            </HeartRateBpm>
            <Extensions>
              <ns3:TPX>
                <ns3:Speed>2.8269999027252197</ns3:Speed>
                <ns3:RunCadence>84</ns3:RunCadence>
              </ns3:TPX>
            </Extensions>
          </Trackpoint>
          <Trackpoint>
            <Time>2026-01-11T09:36:39.000Z</Time>
            <Position>
              <LatitudeDegrees>38.91382626257837</LatitudeDegrees>
              <LongitudeDegrees>-6.349923899397254</LongitudeDegrees>
            </Position>
            <AltitudeMeters>203.1999969482422</AltitudeMeters>
            <DistanceMeters>4669.0</DistanceMeters>
            <HeartRateBpm>
              <Value>138</Value>
            </HeartRateBpm>
            <Extensions>
              <ns3:TPX>
                <ns3:Speed>2.818000078201294</ns3:Speed>
                <ns3:RunCadence>84</ns3:RunCadence>
              </ns3:TPX>
            </Extensions>
          </Trackpoint>
          <Trackpoint>
            <Time>2026-01-11T09:36:40.000Z</Time>
            <Position>
              <LatitudeDegrees>38.91384151764214</LatitudeDegrees>
              <LongitudeDegrees>-6.349898250773549</LongitudeDegrees>
            </Position>
            <AltitudeMeters>203.1999969482422</AltitudeMeters>
            <DistanceMeters>4671.7900390625</DistanceMeters>
            <HeartRateBpm>
              <Value>141</Value>
            </HeartRateBpm>
            <Extensions>
              <ns3:TPX>
                <ns3:Speed>2.818000078201294</ns3:Speed>
                <ns3:RunCadence>84</ns3:RunCadence>
              </ns3:TPX>
            </Extensions>
          </Trackpoint>
          <Trackpoint>
            <Time>2026-01-11T09:36:42.000Z</Time>
            <Position>
              <LatitudeDegrees>38.913870519027114</LatitudeDegrees>
              <LongitudeDegrees>-6.349848210811615</LongitudeDegrees>
            </Position>
            <AltitudeMeters>203.39999389648438</AltitudeMeters>
            <DistanceMeters>4677.2001953125</DistanceMeters>
            <HeartRateBpm>
              <Value>142</Value>
            </HeartRateBpm>
            <Extensions>
              <ns3:TPX>
                <ns3:Speed>2.818000078201294</ns3:Speed>
                <ns3:RunCadence>84</ns3:RunCadence>
              </ns3:TPX>
            </Extensions>
          </Trackpoint>
          <Trackpoint>
            <Time>2026-01-11T09:36:49.000Z</Time>
            <Position>
              <LatitudeDegrees>38.91399264335632</LatitudeDegrees>
              <LongitudeDegrees>-6.349665150046349</LongitudeDegrees>
            </Position>
            <AltitudeMeters>204.0</AltitudeMeters>
            <DistanceMeters>4698.06982421875</DistanceMeters>
            <HeartRateBpm>
              <Value>140</Value>
            </HeartRateBpm>
            <Extensions>
              <ns3:TPX>
                <ns3:Speed>2.809000015258789</ns3:Speed>
                <ns3:RunCadence>85</ns3:RunCadence>
              </ns3:TPX>
            </Extensions>
          </Trackpoint>
          <Trackpoint>
            <Time>2026-01-11T09:36:53.000Z</Time>
            <Position>
              <LatitudeDegrees>38.9140594471246</LatitudeDegrees>
              <LongitudeDegrees>-6.349562471732497</LongitudeDegrees>
            </Position>
            <AltitudeMeters>204.0</AltitudeMeters>
            <DistanceMeters>4709.66015625</DistanceMeters>
            <HeartRateBpm>
              <Value>140</Value>
            </HeartRateBpm>
            <Extensions>
              <ns3:TPX>
                <ns3:Speed>2.818000078201294</ns3:Speed>
                <ns3:RunCadence>84</ns3:RunCadence>
              </ns3:TPX>
            </Extensions>
          </Trackpoint>
          <Trackpoint>
            <Time>2026-01-11T09:37:00.000Z</Time>
            <Position>
              <LatitudeDegrees>38.91417436301708</LatitudeDegrees>
              <LongitudeDegrees>-6.3493806682527065</LongitudeDegrees>
            </Position>
            <AltitudeMeters>203.8000030517578</AltitudeMeters>
            <DistanceMeters>4729.93994140625</DistanceMeters>
            <HeartRateBpm>
              <Value>140</Value>
            </HeartRateBpm>
            <Extensions>
              <ns3:TPX>
                <ns3:Speed>2.8369998931884766</ns3:Speed>
                <ns3:RunCadence>85</ns3:RunCadence>
              </ns3:TPX>
            </Extensions>
          </Trackpoint>
          <Trackpoint>
            <Time>2026-01-11T09:37:07.000Z</Time>
            <Position>
              <LatitudeDegrees>38.91429388895631</LatitudeDegrees>
              <LongitudeDegrees>-6.349198278039694</LongitudeDegrees>
            </Position>
            <AltitudeMeters>203.0</AltitudeMeters>
            <DistanceMeters>4750.58984375</DistanceMeters>
            <HeartRateBpm>
              <Value>141</Value>
            </HeartRateBpm>
            <Extensions>
              <ns3:TPX>
                <ns3:Speed>2.8459999561309814</ns3:Speed>
                <ns3:RunCadence>85</ns3:RunCadence>
              </ns3:TPX>
            </Extensions>
          </Trackpoint>
          <Trackpoint>
            <Time>2026-01-11T09:37:09.000Z</Time>
            <Position>
              <LatitudeDegrees>38.91431559808552</LatitudeDegrees>
              <LongitudeDegrees>-6.349148992449045</LongitudeDegrees>
            </Position>
            <AltitudeMeters>202.8000030517578</AltitudeMeters>
            <DistanceMeters>4755.5498046875</DistanceMeters>
            <HeartRateBpm>
              <Value>142</Value>
            </HeartRateBpm>
            <Extensions>
              <ns3:TPX>
                <ns3:Speed>2.8459999561309814</ns3:Speed>
                <ns3:RunCadence>84</ns3:RunCadence>
              </ns3:TPX>
            </Extensions>
          </Trackpoint>
          <Trackpoint>
            <Time>2026-01-11T09:37:13.000Z</Time>
            <Position>
              <LatitudeDegrees>38.91427779570222</LatitudeDegrees>
              <LongitudeDegrees>-6.349045727401972</LongitudeDegrees>
            </Position>
            <AltitudeMeters>203.0</AltitudeMeters>
            <DistanceMeters>4765.81005859375</DistanceMeters>
            <HeartRateBpm>
              <Value>141</Value>
            </HeartRateBpm>
            <Extensions>
              <ns3:TPX>
                <ns3:Speed>2.8459999561309814</ns3:Speed>
                <ns3:RunCadence>81</ns3:RunCadence>
              </ns3:TPX>
            </Extensions>
          </Trackpoint>
          <Trackpoint>
            <Time>2026-01-11T09:37:20.000Z</Time>
            <Position>
              <LatitudeDegrees>38.9141337107867</LatitudeDegrees>
              <LongitudeDegrees>-6.348900971934199</LongitudeDegrees>
            </Position>
            <AltitudeMeters>204.1999969482422</AltitudeMeters>
            <DistanceMeters>4786.14990234375</DistanceMeters>
            <HeartRateBpm>
              <Value>142</Value>
            </HeartRateBpm>
            <Extensions>
              <ns3:TPX>
                <ns3:Speed>2.753000020980835</ns3:Speed>
                <ns3:RunCadence>81</ns3:RunCadence>
              </ns3:TPX>
            </Extensions>
          </Trackpoint>
          <Trackpoint>
            <Time>2026-01-11T09:37:24.000Z</Time>
            <Position>
              <LatitudeDegrees>38.91404611989856</LatitudeDegrees>
              <LongitudeDegrees>-6.348811872303486</LongitudeDegrees>
            </Position>
            <AltitudeMeters>204.39999389648438</AltitudeMeters>
            <DistanceMeters>4798.56005859375</DistanceMeters>
            <HeartRateBpm>
              <Value>144</Value>
            </HeartRateBpm>
            <Extensions>
              <ns3:TPX>
                <ns3:Speed>2.743000030517578</ns3:Speed>
                <ns3:RunCadence>79</ns3:RunCadence>
              </ns3:TPX>
            </Extensions>
          </Trackpoint>
          <Trackpoint>
            <Time>2026-01-11T09:37:31.000Z</Time>
            <Position>
              <LatitudeDegrees>38.91387957148254</LatitudeDegrees>
              <LongitudeDegrees>-6.348660746589303</LongitudeDegrees>
            </Position>
            <AltitudeMeters>203.8000030517578</AltitudeMeters>
            <DistanceMeters>4821.2099609375</DistanceMeters>
            <HeartRateBpm>
              <Value>144</Value>
            </HeartRateBpm>
            <Extensions>
              <ns3:TPX>
                <ns3:Speed>2.7899999618530273</ns3:Speed>
                <ns3:RunCadence>85</ns3:RunCadence>
              </ns3:TPX>
            </Extensions>
          </Trackpoint>
          <Trackpoint>
            <Time>2026-01-11T09:37:35.000Z</Time>
            <Position>
              <LatitudeDegrees>38.91379659064114</LatitudeDegrees>
              <LongitudeDegrees>-6.348570557311177</LongitudeDegrees>
            </Position>
            <AltitudeMeters>204.39999389648438</AltitudeMeters>
            <DistanceMeters>4833.2998046875</DistanceMeters>
            <HeartRateBpm>
              <Value>142</Value>
            </HeartRateBpm>
            <Extensions>
              <ns3:TPX>
                <ns3:Speed>2.8369998931884766</ns3:Speed>
                <ns3:RunCadence>84</ns3:RunCadence>
              </ns3:TPX>
            </Extensions>
          </Trackpoint>
          <Trackpoint>
            <Time>2026-01-11T09:37:40.000Z</Time>
            <Position>
              <LatitudeDegrees>38.913766499608755</LatitudeDegrees>
              <LongitudeDegrees>-6.3484391290694475</LongitudeDegrees>
            </Position>
            <AltitudeMeters>203.8000030517578</AltitudeMeters>
            <DistanceMeters>4845.740234375</DistanceMeters>
            <HeartRateBpm>
              <Value>141</Value>
            </HeartRateBpm>
            <Extensions>
              <ns3:TPX>
                <ns3:Speed>2.874000072479248</ns3:Speed>
                <ns3:RunCadence>82</ns3:RunCadence>
              </ns3:TPX>
            </Extensions>
          </Trackpoint>
          <Trackpoint>
            <Time>2026-01-11T09:37:44.000Z</Time>
            <Position>
              <LatitudeDegrees>38.91371637582779</LatitudeDegrees>
              <LongitudeDegrees>-6.34833418764174</LongitudeDegrees>
            </Position>
            <AltitudeMeters>203.39999389648438</AltitudeMeters>
            <DistanceMeters>4856.89013671875</DistanceMeters>
            <HeartRateBpm>
              <Value>140</Value>
            </HeartRateBpm>
            <Extensions>
              <ns3:TPX>
                <ns3:Speed>2.874000072479248</ns3:Speed>
                <ns3:RunCadence>84</ns3:RunCadence>
              </ns3:TPX>
            </Extensions>
          </Trackpoint>
          <Trackpoint>
            <Time>2026-01-11T09:37:52.000Z</Time>
            <Position>
              <LatitudeDegrees>38.9135327283293</LatitudeDegrees>
              <LongitudeDegrees>-6.348221953958273</LongitudeDegrees>
            </Position>
            <AltitudeMeters>203.39999389648438</AltitudeMeters>
            <DistanceMeters>4879.56982421875</DistanceMeters>
            <HeartRateBpm>
              <Value>139</Value>
            </HeartRateBpm>
            <Extensions>
              <ns3:TPX>
                <ns3:Speed>2.8369998931884766</ns3:Speed>
                <ns3:RunCadence>83</ns3:RunCadence>
              </ns3:TPX>
            </Extensions>
          </Trackpoint>
          <Trackpoint>
            <Time>2026-01-11T09:38:00.000Z</Time>
            <Position>
              <LatitudeDegrees>38.91335084103048</LatitudeDegrees>
              <LongitudeDegrees>-6.348125813528895</LongitudeDegrees>
            </Position>
            <AltitudeMeters>202.1999969482422</AltitudeMeters>
            <DistanceMeters>4901.41015625</DistanceMeters>
            <HeartRateBpm>
              <Value>138</Value>
            </HeartRateBpm>
            <Extensions>
              <ns3:TPX>
                <ns3:Speed>2.7990000247955322</ns3:Speed>
                <ns3:RunCadence>84</ns3:RunCadence>
              </ns3:TPX>
            </Extensions>
          </Trackpoint>
          <Trackpoint>
            <Time>2026-01-11T09:38:02.000Z</Time>
            <Position>
              <LatitudeDegrees>38.91330532729626</LatitudeDegrees>
              <LongitudeDegrees>-6.3481054455041885</LongitudeDegrees>
            </Position>
            <AltitudeMeters>202.1999969482422</AltitudeMeters>
            <DistanceMeters>4906.759765625</DistanceMeters>
            <HeartRateBpm>
              <Value>138</Value>
            </HeartRateBpm>
            <Extensions>
              <ns3:TPX>
                <ns3:Speed>2.7899999618530273</ns3:Speed>
                <ns3:RunCadence>85</ns3:RunCadence>
              </ns3:TPX>
            </Extensions>
          </Trackpoint>
          <Trackpoint>
            <Time>2026-01-11T09:38:10.000Z</Time>
            <Position>
              <LatitudeDegrees>38.91312285326421</LatitudeDegrees>
              <LongitudeDegrees>-6.348008383065462</LongitudeDegrees>
            </Position>
            <AltitudeMeters>202.1999969482422</AltitudeMeters>
            <DistanceMeters>4928.7099609375</DistanceMeters>
            <HeartRateBpm>
              <Value>138</Value>
            </HeartRateBpm>
            <Extensions>
              <ns3:TPX>
                <ns3:Speed>2.76200008392334</ns3:Speed>
                <ns3:RunCadence>84</ns3:RunCadence>
              </ns3:TPX>
            </Extensions>
          </Trackpoint>
          <Trackpoint>
            <Time>2026-01-11T09:38:11.000Z</Time>
            <Position>
              <LatitudeDegrees>38.91309980303049</LatitudeDegrees>
              <LongitudeDegrees>-6.347997570410371</LongitudeDegrees>
            </Position>
            <AltitudeMeters>202.1999969482422</AltitudeMeters>
            <DistanceMeters>4931.43017578125</DistanceMeters>
            <HeartRateBpm>
              <Value>138</Value>
            </HeartRateBpm>
            <Extensions>
              <ns3:TPX>
                <ns3:Speed>2.753000020980835</ns3:Speed>
                <ns3:RunCadence>84</ns3:RunCadence>
              </ns3:TPX>
            </Extensions>
          </Trackpoint>
          <Trackpoint>
            <Time>2026-01-11T09:38:19.000Z</Time>
            <Position>
              <LatitudeDegrees>38.912916155532</LatitudeDegrees>
              <LongitudeDegrees>-6.347892712801695</LongitudeDegrees>
            </Position>
            <AltitudeMeters>202.39999389648438</AltitudeMeters>
            <DistanceMeters>4953.7099609375</DistanceMeters>
            <HeartRateBpm>
              <Value>138</Value>
            </HeartRateBpm>
            <Extensions>
              <ns3:TPX>
                <ns3:Speed>2.7339999675750732</ns3:Speed>
                <ns3:RunCadence>85</ns3:RunCadence>
              </ns3:TPX>
            </Extensions>
          </Trackpoint>
          <Trackpoint>
            <Time>2026-01-11T09:38:21.000Z</Time>
            <Position>
              <LatitudeDegrees>38.91286720521748</LatitudeDegrees>
              <LongitudeDegrees>-6.3478651363402605</LongitudeDegrees>
            </Position>
            <AltitudeMeters>202.60000610351562</AltitudeMeters>
            <DistanceMeters>4959.6298828125</DistanceMeters>
            <HeartRateBpm>
              <Value>138</Value>
            </HeartRateBpm>
            <Extensions>
              <ns3:TPX>
                <ns3:Speed>2.7249999046325684</ns3:Speed>
                <ns3:RunCadence>85</ns3:RunCadence>
              </ns3:TPX>
            </Extensions>
          </Trackpoint>
          <Trackpoint>
            <Time>2026-01-11T09:38:28.000Z</Time>
            <Position>
              <LatitudeDegrees>38.91269822604954</LatitudeDegrees>
              <LongitudeDegrees>-6.34777276776731</LongitudeDegrees>
            </Position>
            <AltitudeMeters>203.39999389648438</AltitudeMeters>
            <DistanceMeters>4979.93994140625</DistanceMeters>
            <HeartRateBpm>
              <Value>137</Value>
            </HeartRateBpm>
            <Extensions>
              <ns3:TPX>
                <ns3:Speed>2.7339999675750732</ns3:Speed>
                <ns3:RunCadence>86</ns3:RunCadence>
              </ns3:TPX>
            </Extensions>
          </Trackpoint>
          <Trackpoint>
            <Time>2026-01-11T09:38:29.000Z</Time>
            <Position>
              <LatitudeDegrees>38.91267316415906</LatitudeDegrees>
              <LongitudeDegrees>-6.3477596919983625</LongitudeDegrees>
            </Position>
            <AltitudeMeters>203.60000610351562</AltitudeMeters>
            <DistanceMeters>4982.93994140625</DistanceMeters>
            <HeartRateBpm>
              <Value>137</Value>
            </HeartRateBpm>
            <Extensions>
              <ns3:TPX>
                <ns3:Speed>2.7339999675750732</ns3:Speed>
                <ns3:RunCadence>85</ns3:RunCadence>
              </ns3:TPX>
            </Extensions>
          </Trackpoint>
          <Trackpoint>
            <Time>2026-01-11T09:38:35.000Z</Time>
            <Position>
              <LatitudeDegrees>38.912520948797464</LatitudeDegrees>
              <LongitudeDegrees>-6.347690960392356</LongitudeDegrees>
            </Position>
            <AltitudeMeters>204.39999389648438</AltitudeMeters>
            <DistanceMeters>5000.77978515625</DistanceMeters>
            <HeartRateBpm>
              <Value>138</Value>
            </HeartRateBpm>
            <Extensions>
              <ns3:TPX>
                <ns3:Speed>2.743000030517578</ns3:Speed>
                <ns3:RunCadence>86</ns3:RunCadence>
              </ns3:TPX>
            </Extensions>
          </Trackpoint>
        </Track>
        <Extensions>
          <ns3:LX>
            <ns3:AvgSpeed>2.7730000019073486</ns3:AvgSpeed>
            <ns3:AvgRunCadence>84</ns3:AvgRunCadence>
            <ns3:MaxRunCadence>86</ns3:MaxRunCadence>
          </ns3:LX>
        </Extensions>
      </Lap>
      <Lap StartTime="2026-01-11T09:38:36.000Z">
        <TotalTimeSeconds>368.67</TotalTimeSeconds>
        <DistanceMeters>1000.0</DistanceMeters>
        <MaximumSpeed>2.865000009536743</MaximumSpeed>
        <Calories>74</Calories>
        <AverageHeartRateBpm>
          <Value>138</Value>
        </AverageHeartRateBpm>
        <MaximumHeartRateBpm>
          <Value>144</Value>
        </MaximumHeartRateBpm>
        <Intensity>Active</Intensity>
        <TriggerMethod>Manual</TriggerMethod>
        <Track>
          <Trackpoint>
            <Time>2026-01-11T09:38:38.000Z</Time>
            <Position>
              <LatitudeDegrees>38.91244794242084</LatitudeDegrees>
              <LongitudeDegrees>-6.347684087231755</LongitudeDegrees>
            </Position>
            <AltitudeMeters>204.60000610351562</AltitudeMeters>
            <DistanceMeters>5008.990234375</DistanceMeters>
            <HeartRateBpm>
              <Value>139</Value>
            </HeartRateBpm>
            <Extensions>
              <ns3:TPX>
                <ns3:Speed>2.753000020980835</ns3:Speed>
                <ns3:RunCadence>85</ns3:RunCadence>
              </ns3:TPX>
            </Extensions>
          </Trackpoint>
          <Trackpoint>
            <Time>2026-01-11T09:38:44.000Z</Time>
            <Position>
              <LatitudeDegrees>38.912332355976105</LatitudeDegrees>
              <LongitudeDegrees>-6.3477429281920195</LongitudeDegrees>
            </Position>
            <AltitudeMeters>205.0</AltitudeMeters>
            <DistanceMeters>5022.81005859375</DistanceMeters>
            <HeartRateBpm>
              <Value>139</Value>
            </HeartRateBpm>
            <Extensions>
              <ns3:TPX>
                <ns3:Speed>2.76200008392334</ns3:Speed>
                <ns3:RunCadence>85</ns3:RunCadence>
              </ns3:TPX>
            </Extensions>
          </Trackpoint>
          <Trackpoint>
            <Time>2026-01-11T09:38:50.000Z</Time>
            <Position>
              <LatitudeDegrees>38.912198999896646</LatitudeDegrees>
              <LongitudeDegrees>-6.347699761390686</LongitudeDegrees>
            </Position>
            <AltitudeMeters>204.8000030517578</AltitudeMeters>
            <DistanceMeters>5038.60009765625</DistanceMeters>
            <HeartRateBpm>
              <Value>139</Value>
            </HeartRateBpm>
            <Extensions>
              <ns3:TPX>
                <ns3:Speed>2.7060000896453857</ns3:Speed>
                <ns3:RunCadence>84</ns3:RunCadence>
              </ns3:TPX>
            </Extensions>
          </Trackpoint>
          <Trackpoint>
            <Time>2026-01-11T09:38:58.000Z</Time>
            <Position>
              <LatitudeDegrees>38.91204091720283</LatitudeDegrees>
              <LongitudeDegrees>-6.3475479651242495</LongitudeDegrees>
            </Position>
            <AltitudeMeters>205.0</AltitudeMeters>
            <DistanceMeters>5060.56005859375</DistanceMeters>
            <HeartRateBpm>
              <Value>140</Value>
            </HeartRateBpm>
            <Extensions>
              <ns3:TPX>
                <ns3:Speed>2.6689999103546143</ns3:Speed>
                <ns3:RunCadence>84</ns3:RunCadence>
              </ns3:TPX>
            </Extensions>
          </Trackpoint>
          <Trackpoint>
            <Time>2026-01-11T09:39:01.000Z</Time>
            <Position>
              <LatitudeDegrees>38.91197771765292</LatitudeDegrees>
              <LongitudeDegrees>-6.347491135820746</LongitudeDegrees>
            </Position>
            <AltitudeMeters>204.60000610351562</AltitudeMeters>
            <DistanceMeters>5069.1298828125</DistanceMeters>
            <HeartRateBpm>
              <Value>140</Value>
            </HeartRateBpm>
            <Extensions>
              <ns3:TPX>
                <ns3:Speed>2.6589999198913574</ns3:Speed>
                <ns3:RunCadence>83</ns3:RunCadence>
              </ns3:TPX>
            </Extensions>
          </Trackpoint>
          <Trackpoint>
            <Time>2026-01-11T09:39:09.000Z</Time>
            <Position>
              <LatitudeDegrees>38.91181946732104</LatitudeDegrees>
              <LongitudeDegrees>-6.347334980964661</LongitudeDegrees>
            </Position>
            <AltitudeMeters>203.0</AltitudeMeters>
            <DistanceMeters>5091.31982421875</DistanceMeters>
            <HeartRateBpm>
              <Value>139</Value>
            </HeartRateBpm>
            <Extensions>
              <ns3:TPX>
                <ns3:Speed>2.6500000953674316</ns3:Speed>
                <ns3:RunCadence>84</ns3:RunCadence>
              </ns3:TPX>
            </Extensions>
          </Trackpoint>
          <Trackpoint>
            <Time>2026-01-11T09:39:11.000Z</Time>
            <Position>
              <LatitudeDegrees>38.91177571378648</LatitudeDegrees>
              <LongitudeDegrees>-6.347301537171006</LongitudeDegrees>
            </Position>
            <AltitudeMeters>203.0</AltitudeMeters>
            <DistanceMeters>5096.97021484375</DistanceMeters>
            <HeartRateBpm>
              <Value>140</Value>
            </HeartRateBpm>
            <Extensions>
              <ns3:TPX>
                <ns3:Speed>2.6500000953674316</ns3:Speed>
                <ns3:RunCadence>84</ns3:RunCadence>
              </ns3:TPX>
            </Extensions>
          </Trackpoint>
          <Trackpoint>
            <Time>2026-01-11T09:39:18.000Z</Time>
            <Position>
              <LatitudeDegrees>38.9116161223501</LatitudeDegrees>
              <LongitudeDegrees>-6.347175808623433</LongitudeDegrees>
            </Position>
            <AltitudeMeters>202.39999389648438</AltitudeMeters>
            <DistanceMeters>5117.75</DistanceMeters>
            <HeartRateBpm>
              <Value>139</Value>
            </HeartRateBpm>
            <Extensions>
              <ns3:TPX>
                <ns3:Speed>2.6589999198913574</ns3:Speed>
                <ns3:RunCadence>86</ns3:RunCadence>
              </ns3:TPX>
            </Extensions>
          </Trackpoint>
          <Trackpoint>
            <Time>2026-01-11T09:39:20.000Z</Time>
            <Position>
              <LatitudeDegrees>38.91156951896846</LatitudeDegrees>
              <LongitudeDegrees>-6.34713364765048</LongitudeDegrees>
            </Position>
            <AltitudeMeters>202.1999969482422</AltitudeMeters>
            <DistanceMeters>5124.08984375</DistanceMeters>
            <HeartRateBpm>
              <Value>139</Value>
            </HeartRateBpm>
            <Extensions>
              <ns3:TPX>
                <ns3:Speed>2.6589999198913574</ns3:Speed>
                <ns3:RunCadence>85</ns3:RunCadence>
              </ns3:TPX>
            </Extensions>
          </Trackpoint>
          <Trackpoint>
            <Time>2026-01-11T09:39:27.000Z</Time>
            <Position>
              <LatitudeDegrees>38.911405485123396</LatitudeDegrees>
              <LongitudeDegrees>-6.347000123932958</LongitudeDegrees>
            </Position>
            <AltitudeMeters>203.60000610351562</AltitudeMeters>
            <DistanceMeters>5145.7099609375</DistanceMeters>
            <HeartRateBpm>
              <Value>139</Value>
            </HeartRateBpm>
            <Extensions>
              <ns3:TPX>
                <ns3:Speed>2.7060000896453857</ns3:Speed>
                <ns3:RunCadence>86</ns3:RunCadence>
              </ns3:TPX>
            </Extensions>
          </Trackpoint>
          <Trackpoint>
            <Time>2026-01-11T09:39:28.000Z</Time>
            <Position>
              <LatitudeDegrees>38.911381931975484</LatitudeDegrees>
              <LongitudeDegrees>-6.346978163346648</LongitudeDegrees>
            </Position>
            <AltitudeMeters>203.8000030517578</AltitudeMeters>
            <DistanceMeters>5148.9501953125</DistanceMeters>
            <HeartRateBpm>
              <Value>139</Value>
            </HeartRateBpm>
            <Extensions>
              <ns3:TPX>
                <ns3:Speed>2.7149999141693115</ns3:Speed>
                <ns3:RunCadence>86</ns3:RunCadence>
              </ns3:TPX>
            </Extensions>
          </Trackpoint>
          <Trackpoint>
            <Time>2026-01-11T09:39:36.000Z</Time>
            <Position>
              <LatitudeDegrees>38.911228124052286</LatitudeDegrees>
              <LongitudeDegrees>-6.346818068996072</LongitudeDegrees>
            </Position>
            <AltitudeMeters>204.0</AltitudeMeters>
            <DistanceMeters>5170.93017578125</DistanceMeters>
            <HeartRateBpm>
              <Value>140</Value>
            </HeartRateBpm>
            <Extensions>
              <ns3:TPX>
                <ns3:Speed>2.753000020980835</ns3:Speed>
                <ns3:RunCadence>84</ns3:RunCadence>
              </ns3:TPX>
            </Extensions>
          </Trackpoint>
          <Trackpoint>
            <Time>2026-01-11T09:39:44.000Z</Time>
            <Position>
              <LatitudeDegrees>38.911092588678</LatitudeDegrees>
              <LongitudeDegrees>-6.346647497266531</LongitudeDegrees>
            </Position>
            <AltitudeMeters>202.60000610351562</AltitudeMeters>
            <DistanceMeters>5192.02001953125</DistanceMeters>
            <HeartRateBpm>
              <Value>139</Value>
            </HeartRateBpm>
            <Extensions>
              <ns3:TPX>
                <ns3:Speed>2.753000020980835</ns3:Speed>
                <ns3:RunCadence>84</ns3:RunCadence>
              </ns3:TPX>
            </Extensions>
          </Trackpoint>
          <Trackpoint>
            <Time>2026-01-11T09:39:45.000Z</Time>
            <Position>
              <LatitudeDegrees>38.9110772497952</LatitudeDegrees>
              <LongitudeDegrees>-6.346626542508602</LongitudeDegrees>
            </Position>
            <AltitudeMeters>202.39999389648438</AltitudeMeters>
            <DistanceMeters>5194.5</DistanceMeters>
            <HeartRateBpm>
              <Value>139</Value>
            </HeartRateBpm>
            <Extensions>
              <ns3:TPX>
                <ns3:Speed>2.743000030517578</ns3:Speed>
                <ns3:RunCadence>84</ns3:RunCadence>
              </ns3:TPX>
            </Extensions>
          </Trackpoint>
          <Trackpoint>
            <Time>2026-01-11T09:39:51.000Z</Time>
            <Position>
              <LatitudeDegrees>38.91098588705063</LatitudeDegrees>
              <LongitudeDegrees>-6.346494611352682</LongitudeDegrees>
            </Position>
            <AltitudeMeters>201.1999969482422</AltitudeMeters>
            <DistanceMeters>5209.81005859375</DistanceMeters>
            <HeartRateBpm>
              <Value>144</Value>
            </HeartRateBpm>
            <Extensions>
              <ns3:TPX>
                <ns3:Speed>2.7249999046325684</ns3:Speed>
                <ns3:RunCadence>84</ns3:RunCadence>
              </ns3:TPX>
            </Extensions>
          </Trackpoint>
          <Trackpoint>
            <Time>2026-01-11T09:39:54.000Z</Time>
            <Position>
              <LatitudeDegrees>38.91093760728836</LatitudeDegrees>
              <LongitudeDegrees>-6.3464314956218</LongitudeDegrees>
            </Position>
            <AltitudeMeters>201.0</AltitudeMeters>
            <DistanceMeters>5217.4599609375</DistanceMeters>
            <HeartRateBpm>
              <Value>141</Value>
            </HeartRateBpm>
            <Extensions>
              <ns3:TPX>
                <ns3:Speed>2.7060000896453857</ns3:Speed>
                <ns3:RunCadence>84</ns3:RunCadence>
              </ns3:TPX>
            </Extensions>
          </Trackpoint>
          <Trackpoint>
            <Time>2026-01-11T09:40:03.000Z</Time>
            <Position>
              <LatitudeDegrees>38.910829313099384</LatitudeDegrees>
              <LongitudeDegrees>-6.34622136130929</LongitudeDegrees>
            </Position>
            <AltitudeMeters>200.60000610351562</AltitudeMeters>
            <DistanceMeters>5239.27978515625</DistanceMeters>
            <HeartRateBpm>
              <Value>139</Value>
            </HeartRateBpm>
            <Extensions>
              <ns3:TPX>
                <ns3:Speed>2.677999973297119</ns3:Speed>
                <ns3:RunCadence>84</ns3:RunCadence>
              </ns3:TPX>
            </Extensions>
          </Trackpoint>
          <Trackpoint>
            <Time>2026-01-11T09:40:11.000Z</Time>
            <Position>
              <LatitudeDegrees>38.9107196778059</LatitudeDegrees>
              <LongitudeDegrees>-6.346044419333339</LongitudeDegrees>
            </Position>
            <AltitudeMeters>200.1999969482422</AltitudeMeters>
            <DistanceMeters>5258.93017578125</DistanceMeters>
            <HeartRateBpm>
              <Value>138</Value>
            </HeartRateBpm>
            <Extensions>
              <ns3:TPX>
                <ns3:Speed>2.63100004196167</ns3:Speed>
                <ns3:RunCadence>84</ns3:RunCadence>
              </ns3:TPX>
            </Extensions>
          </Trackpoint>
          <Trackpoint>
            <Time>2026-01-11T09:40:19.000Z</Time>
            <Position>
              <LatitudeDegrees>38.9106073603034</LatitudeDegrees>
              <LongitudeDegrees>-6.345872757956386</LongitudeDegrees>
            </Position>
            <AltitudeMeters>200.0</AltitudeMeters>
            <DistanceMeters>5278.330078125</DistanceMeters>
            <HeartRateBpm>
              <Value>137</Value>
            </HeartRateBpm>
            <Extensions>
              <ns3:TPX>
                <ns3:Speed>2.6029999256134033</ns3:Speed>
                <ns3:RunCadence>84</ns3:RunCadence>
              </ns3:TPX>
            </Extensions>
          </Trackpoint>
          <Trackpoint>
            <Time>2026-01-11T09:40:24.000Z</Time>
            <Position>
              <LatitudeDegrees>38.9105505309999</LatitudeDegrees>
              <LongitudeDegrees>-6.345763877034187</LongitudeDegrees>
            </Position>
            <AltitudeMeters>201.1999969482422</AltitudeMeters>
            <DistanceMeters>5289.72021484375</DistanceMeters>
            <HeartRateBpm>
              <Value>138</Value>
            </HeartRateBpm>
            <Extensions>
              <ns3:TPX>
                <ns3:Speed>2.5940001010894775</ns3:Speed>
                <ns3:RunCadence>85</ns3:RunCadence>
              </ns3:TPX>
            </Extensions>
          </Trackpoint>
          <Trackpoint>
            <Time>2026-01-11T09:40:31.000Z</Time>
            <Position>
              <LatitudeDegrees>38.91045170836151</LatitudeDegrees>
              <LongitudeDegrees>-6.345570087432861</LongitudeDegrees>
            </Position>
            <AltitudeMeters>203.39999389648438</AltitudeMeters>
            <DistanceMeters>5309.830078125</DistanceMeters>
            <HeartRateBpm>
              <Value>137</Value>
            </HeartRateBpm>
            <Extensions>
              <ns3:TPX>
                <ns3:Speed>2.575000047683716</ns3:Speed>
                <ns3:RunCadence>85</ns3:RunCadence>
              </ns3:TPX>
            </Extensions>
          </Trackpoint>
          <Trackpoint>
            <Time>2026-01-11T09:40:37.000Z</Time>
            <Position>
              <LatitudeDegrees>38.91033545136452</LatitudeDegrees>
              <LongitudeDegrees>-6.345474952831864</LongitudeDegrees>
            </Position>
            <AltitudeMeters>204.1999969482422</AltitudeMeters>
            <DistanceMeters>5326.080078125</DistanceMeters>
            <HeartRateBpm>
              <Value>137</Value>
            </HeartRateBpm>
            <Extensions>
              <ns3:TPX>
                <ns3:Speed>2.5940001010894775</ns3:Speed>
                <ns3:RunCadence>85</ns3:RunCadence>
              </ns3:TPX>
            </Extensions>
          </Trackpoint>
          <Trackpoint>
            <Time>2026-01-11T09:40:43.000Z</Time>
            <Position>
              <LatitudeDegrees>38.910184828564525</LatitudeDegrees>
              <LongitudeDegrees>-6.345497164875269</LongitudeDegrees>
            </Position>
            <AltitudeMeters>204.8000030517578</AltitudeMeters>
            <DistanceMeters>5342.75</DistanceMeters>
            <HeartRateBpm>
              <Value>137</Value>
            </HeartRateBpm>
            <Extensions>
              <ns3:TPX>
                <ns3:Speed>2.61299991607666</ns3:Speed>
                <ns3:RunCadence>85</ns3:RunCadence>
              </ns3:TPX>
            </Extensions>
          </Trackpoint>
          <Trackpoint>
            <Time>2026-01-11T09:40:50.000Z</Time>
            <Position>
              <LatitudeDegrees>38.91003839671612</LatitudeDegrees>
              <LongitudeDegrees>-6.345572853460908</LongitudeDegrees>
            </Position>
            <AltitudeMeters>204.60000610351562</AltitudeMeters>
            <DistanceMeters>5360.330078125</DistanceMeters>
            <HeartRateBpm>
              <Value>135</Value>
            </HeartRateBpm>
            <Extensions>
              <ns3:TPX>
                <ns3:Speed>2.621999979019165</ns3:Speed>
                <ns3:RunCadence>84</ns3:RunCadence>
              </ns3:TPX>
            </Extensions>
          </Trackpoint>
          <Trackpoint>
            <Time>2026-01-11T09:40:57.000Z</Time>
            <Position>
              <LatitudeDegrees>38.90987033955753</LatitudeDegrees>
              <LongitudeDegrees>-6.345588443800807</LongitudeDegrees>
            </Position>
            <AltitudeMeters>203.8000030517578</AltitudeMeters>
            <DistanceMeters>5379.47021484375</DistanceMeters>
            <HeartRateBpm>
              <Value>136</Value>
            </HeartRateBpm>
            <Extensions>
              <ns3:TPX>
                <ns3:Speed>2.63100004196167</ns3:Speed>
                <ns3:RunCadence>85</ns3:RunCadence>
              </ns3:TPX>
            </Extensions>
          </Trackpoint>
          <Trackpoint>
            <Time>2026-01-11T09:41:04.000Z</Time>
            <Position>
              <LatitudeDegrees>38.90970328822732</LatitudeDegrees>
              <LongitudeDegrees>-6.345517449080944</LongitudeDegrees>
            </Position>
            <AltitudeMeters>204.39999389648438</AltitudeMeters>
            <DistanceMeters>5398.97021484375</DistanceMeters>
            <HeartRateBpm>
              <Value>136</Value>
            </HeartRateBpm>
            <Extensions>
              <ns3:TPX>
                <ns3:Speed>2.6500000953674316</ns3:Speed>
                <ns3:RunCadence>85</ns3:RunCadence>
              </ns3:TPX>
            </Extensions>
          </Trackpoint>
          <Trackpoint>
            <Time>2026-01-11T09:41:11.000Z</Time>
            <Position>
              <LatitudeDegrees>38.90954436734319</LatitudeDegrees>
              <LongitudeDegrees>-6.345484592020512</LongitudeDegrees>
            </Position>
            <AltitudeMeters>205.0</AltitudeMeters>
            <DistanceMeters>5416.85986328125</DistanceMeters>
            <HeartRateBpm>
              <Value>134</Value>
            </HeartRateBpm>
            <Extensions>
              <ns3:TPX>
                <ns3:Speed>2.6589999198913574</ns3:Speed>
                <ns3:RunCadence>87</ns3:RunCadence>
              </ns3:TPX>
            </Extensions>
          </Trackpoint>
          <Trackpoint>
            <Time>2026-01-11T09:41:12.000Z</Time>
            <Position>
              <LatitudeDegrees>38.90952165238559</LatitudeDegrees>
              <LongitudeDegrees>-6.345476293936372</LongitudeDegrees>
            </Position>
            <AltitudeMeters>205.0</AltitudeMeters>
            <DistanceMeters>5419.47998046875</DistanceMeters>
            <HeartRateBpm>
              <Value>137</Value>
            </HeartRateBpm>
            <Extensions>
              <ns3:TPX>
                <ns3:Speed>2.6589999198913574</ns3:Speed>
                <ns3:RunCadence>88</ns3:RunCadence>
              </ns3:TPX>
            </Extensions>
          </Trackpoint>
          <Trackpoint>
            <Time>2026-01-11T09:41:18.000Z</Time>
            <Position>
              <LatitudeDegrees>38.9094088319689</LatitudeDegrees>
              <LongitudeDegrees>-6.345445616170764</LongitudeDegrees>
            </Position>
            <AltitudeMeters>205.0</AltitudeMeters>
            <DistanceMeters>5432.2099609375</DistanceMeters>
            <HeartRateBpm>
              <Value>137</Value>
            </HeartRateBpm>
            <Extensions>
              <ns3:TPX>
                <ns3:Speed>2.621999979019165</ns3:Speed>
                <ns3:RunCadence>87</ns3:RunCadence>
              </ns3:TPX>
            </Extensions>
          </Trackpoint>
          <Trackpoint>
            <Time>2026-01-11T09:41:26.000Z</Time>
            <Position>
              <LatitudeDegrees>38.90922183170915</LatitudeDegrees>
              <LongitudeDegrees>-6.345361713320017</LongitudeDegrees>
            </Position>
            <AltitudeMeters>204.0</AltitudeMeters>
            <DistanceMeters>5454.009765625</DistanceMeters>
            <HeartRateBpm>
              <Value>137</Value>
            </HeartRateBpm>
            <Extensions>
              <ns3:TPX>
                <ns3:Speed>2.556999921798706</ns3:Speed>
                <ns3:RunCadence>86</ns3:RunCadence>
              </ns3:TPX>
            </Extensions>
          </Trackpoint>
          <Trackpoint>
            <Time>2026-01-11T09:41:33.000Z</Time>
            <Position>
              <LatitudeDegrees>38.9090618211776</LatitudeDegrees>
              <LongitudeDegrees>-6.345307985320687</LongitudeDegrees>
            </Position>
            <AltitudeMeters>202.60000610351562</AltitudeMeters>
            <DistanceMeters>5472.740234375</DistanceMeters>
            <HeartRateBpm>
              <Value>136</Value>
            </HeartRateBpm>
            <Extensions>
              <ns3:TPX>
                <ns3:Speed>2.575000047683716</ns3:Speed>
                <ns3:RunCadence>87</ns3:RunCadence>
              </ns3:TPX>
            </Extensions>
          </Trackpoint>
          <Trackpoint>
            <Time>2026-01-11T09:41:34.000Z</Time>
            <Position>
              <LatitudeDegrees>38.90905385836959</LatitudeDegrees>
              <LongitudeDegrees>-6.345287701115012</LongitudeDegrees>
            </Position>
            <AltitudeMeters>202.60000610351562</AltitudeMeters>
            <DistanceMeters>5474.68994140625</DistanceMeters>
            <HeartRateBpm>
              <Value>135</Value>
            </HeartRateBpm>
            <Extensions>
              <ns3:TPX>
                <ns3:Speed>2.575000047683716</ns3:Speed>
                <ns3:RunCadence>87</ns3:RunCadence>
              </ns3:TPX>
            </Extensions>
          </Trackpoint>
          <Trackpoint>
            <Time>2026-01-11T09:41:37.000Z</Time>
            <Position>
              <LatitudeDegrees>38.90901588834822</LatitudeDegrees>
              <LongitudeDegrees>-6.345218550413847</LongitudeDegrees>
            </Position>
            <AltitudeMeters>202.0</AltitudeMeters>
            <DistanceMeters>5482.02978515625</DistanceMeters>
            <HeartRateBpm>
              <Value>135</Value>
            </HeartRateBpm>
            <Extensions>
              <ns3:TPX>
                <ns3:Speed>2.5380001068115234</ns3:Speed>
                <ns3:RunCadence>86</ns3:RunCadence>
              </ns3:TPX>
            </Extensions>
          </Trackpoint>
          <Trackpoint>
            <Time>2026-01-11T09:41:44.000Z</Time>
            <Position>
              <LatitudeDegrees>38.90893952921033</LatitudeDegrees>
              <LongitudeDegrees>-6.344982348382473</LongitudeDegrees>
            </Position>
            <AltitudeMeters>202.1999969482422</AltitudeMeters>
            <DistanceMeters>5504.31982421875</DistanceMeters>
            <HeartRateBpm>
              <Value>136</Value>
            </HeartRateBpm>
            <Extensions>
              <ns3:TPX>
                <ns3:Speed>2.5290000438690186</ns3:Speed>
                <ns3:RunCadence>85</ns3:RunCadence>
              </ns3:TPX>
            </Extensions>
          </Trackpoint>
          <Trackpoint>
            <Time>2026-01-11T09:41:52.000Z</Time>
            <Position>
              <LatitudeDegrees>38.908892422914505</LatitudeDegrees>
              <LongitudeDegrees>-6.34473105892539</LongitudeDegrees>
            </Position>
            <AltitudeMeters>202.39999389648438</AltitudeMeters>
            <DistanceMeters>5526.75</DistanceMeters>
            <HeartRateBpm>
              <Value>136</Value>
            </HeartRateBpm>
            <Extensions>
              <ns3:TPX>
                <ns3:Speed>2.6500000953674316</ns3:Speed>
                <ns3:RunCadence>85</ns3:RunCadence>
              </ns3:TPX>
            </Extensions>
          </Trackpoint>
          <Trackpoint>
            <Time>2026-01-11T09:41:54.000Z</Time>
            <Position>
              <LatitudeDegrees>38.90887121669948</LatitudeDegrees>
              <LongitudeDegrees>-6.344674229621887</LongitudeDegrees>
            </Position>
            <AltitudeMeters>202.39999389648438</AltitudeMeters>
            <DistanceMeters>5532.2099609375</DistanceMeters>
            <HeartRateBpm>
              <Value>137</Value>
            </HeartRateBpm>
            <Extensions>
              <ns3:TPX>
                <ns3:Speed>2.697000026702881</ns3:Speed>
                <ns3:RunCadence>85</ns3:RunCadence>
              </ns3:TPX>
            </Extensions>
          </Trackpoint>
          <Trackpoint>
            <Time>2026-01-11T09:42:02.000Z</Time>
            <Position>
              <LatitudeDegrees>38.9087494276464</LatitudeDegrees>
              <LongitudeDegrees>-6.344467615708709</LongitudeDegrees>
            </Position>
            <AltitudeMeters>201.60000610351562</AltitudeMeters>
            <DistanceMeters>5554.8701171875</DistanceMeters>
            <HeartRateBpm>
              <Value>138</Value>
            </HeartRateBpm>
            <Extensions>
              <ns3:TPX>
                <ns3:Speed>2.7709999084472656</ns3:Speed>
                <ns3:RunCadence>86</ns3:RunCadence>
              </ns3:TPX>
            </Extensions>
          </Trackpoint>
          <Trackpoint>
            <Time>2026-01-11T09:42:03.000Z</Time>
            <Position>
              <LatitudeDegrees>38.90873081982136</LatitudeDegrees>
              <LongitudeDegrees>-6.344444062560797</LongitudeDegrees>
            </Position>
            <AltitudeMeters>201.39999389648438</AltitudeMeters>
            <DistanceMeters>5557.77978515625</DistanceMeters>
            <HeartRateBpm>
              <Value>138</Value>
            </HeartRateBpm>
            <Extensions>
              <ns3:TPX>
                <ns3:Speed>2.7809998989105225</ns3:Speed>
                <ns3:RunCadence>86</ns3:RunCadence>
              </ns3:TPX>
            </Extensions>
          </Trackpoint>
          <Trackpoint>
            <Time>2026-01-11T09:42:11.000Z</Time>
            <Position>
              <LatitudeDegrees>38.90857013873756</LatitudeDegrees>
              <LongitudeDegrees>-6.34428296238184</LongitudeDegrees>
            </Position>
            <AltitudeMeters>202.60000610351562</AltitudeMeters>
            <DistanceMeters>5580.43994140625</DistanceMeters>
            <HeartRateBpm>
              <Value>138</Value>
            </HeartRateBpm>
            <Extensions>
              <ns3:TPX>
                <ns3:Speed>2.8269999027252197</ns3:Speed>
                <ns3:RunCadence>85</ns3:RunCadence>
              </ns3:TPX>
            </Extensions>
          </Trackpoint>
          <Trackpoint>
            <Time>2026-01-11T09:42:19.000Z</Time>
            <Position>
              <LatitudeDegrees>38.90841004438698</LatitudeDegrees>
              <LongitudeDegrees>-6.344132758677006</LongitudeDegrees>
            </Position>
            <AltitudeMeters>202.1999969482422</AltitudeMeters>
            <DistanceMeters>5602.4599609375</DistanceMeters>
            <HeartRateBpm>
              <Value>138</Value>
            </HeartRateBpm>
            <Extensions>
              <ns3:TPX>
                <ns3:Speed>2.809000015258789</ns3:Speed>
                <ns3:RunCadence>85</ns3:RunCadence>
              </ns3:TPX>
            </Extensions>
          </Trackpoint>
          <Trackpoint>
            <Time>2026-01-11T09:42:21.000Z</Time>
            <Position>
              <LatitudeDegrees>38.90837224200368</LatitudeDegrees>
              <LongitudeDegrees>-6.3440939504653215</LongitudeDegrees>
            </Position>
            <AltitudeMeters>202.39999389648438</AltitudeMeters>
            <DistanceMeters>5607.85009765625</DistanceMeters>
            <HeartRateBpm>
              <Value>138</Value>
            </HeartRateBpm>
            <Extensions>
              <ns3:TPX>
                <ns3:Speed>2.7899999618530273</ns3:Speed>
                <ns3:RunCadence>85</ns3:RunCadence>
              </ns3:TPX>
            </Extensions>
          </Trackpoint>
          <Trackpoint>
            <Time>2026-01-11T09:42:28.000Z</Time>
            <Position>
              <LatitudeDegrees>38.908223547041416</LatitudeDegrees>
              <LongitudeDegrees>-6.343958750367165</LongitudeDegrees>
            </Position>
            <AltitudeMeters>203.60000610351562</AltitudeMeters>
            <DistanceMeters>5628.169921875</DistanceMeters>
            <HeartRateBpm>
              <Value>137</Value>
            </HeartRateBpm>
            <Extensions>
              <ns3:TPX>
                <ns3:Speed>2.8269999027252197</ns3:Speed>
                <ns3:RunCadence>86</ns3:RunCadence>
              </ns3:TPX>
            </Extensions>
          </Trackpoint>
          <Trackpoint>
            <Time>2026-01-11T09:42:30.000Z</Time>
            <Position>
              <LatitudeDegrees>38.90818138606846</LatitudeDegrees>
              <LongitudeDegrees>-6.343927988782525</LongitudeDegrees>
            </Position>
            <AltitudeMeters>203.8000030517578</AltitudeMeters>
            <DistanceMeters>5633.56005859375</DistanceMeters>
            <HeartRateBpm>
              <Value>138</Value>
            </HeartRateBpm>
            <Extensions>
              <ns3:TPX>
                <ns3:Speed>2.8269999027252197</ns3:Speed>
                <ns3:RunCadence>86</ns3:RunCadence>
              </ns3:TPX>
            </Extensions>
          </Trackpoint>
          <Trackpoint>
            <Time>2026-01-11T09:42:38.000Z</Time>
            <Position>
              <LatitudeDegrees>38.90803202055395</LatitudeDegrees>
              <LongitudeDegrees>-6.343795973807573</LongitudeDegrees>
            </Position>
            <AltitudeMeters>203.8000030517578</AltitudeMeters>
            <DistanceMeters>5653.7099609375</DistanceMeters>
            <HeartRateBpm>
              <Value>138</Value>
            </HeartRateBpm>
            <Extensions>
              <ns3:TPX>
                <ns3:Speed>2.809000015258789</ns3:Speed>
                <ns3:RunCadence>85</ns3:RunCadence>
              </ns3:TPX>
            </Extensions>
          </Trackpoint>
          <Trackpoint>
            <Time>2026-01-11T09:42:47.000Z</Time>
            <Position>
              <LatitudeDegrees>38.907875614240766</LatitudeDegrees>
              <LongitudeDegrees>-6.3436409085989</LongitudeDegrees>
            </Position>
            <AltitudeMeters>204.39999389648438</AltitudeMeters>
            <DistanceMeters>5675.7001953125</DistanceMeters>
            <HeartRateBpm>
              <Value>138</Value>
            </HeartRateBpm>
            <Extensions>
              <ns3:TPX>
                <ns3:Speed>2.7060000896453857</ns3:Speed>
                <ns3:RunCadence>85</ns3:RunCadence>
              </ns3:TPX>
            </Extensions>
          </Trackpoint>
          <Trackpoint>
            <Time>2026-01-11T09:42:56.000Z</Time>
            <Position>
              <LatitudeDegrees>38.90771074220538</LatitudeDegrees>
              <LongitudeDegrees>-6.34350067935884</LongitudeDegrees>
            </Position>
            <AltitudeMeters>202.8000030517578</AltitudeMeters>
            <DistanceMeters>5697.66015625</DistanceMeters>
            <HeartRateBpm>
              <Value>137</Value>
            </HeartRateBpm>
            <Extensions>
              <ns3:TPX>
                <ns3:Speed>2.63100004196167</ns3:Speed>
                <ns3:RunCadence>86</ns3:RunCadence>
              </ns3:TPX>
            </Extensions>
          </Trackpoint>
          <Trackpoint>
            <Time>2026-01-11T09:42:58.000Z</Time>
            <Position>
              <LatitudeDegrees>38.90767101198435</LatitudeDegrees>
              <LongitudeDegrees>-6.343465643003583</LongitudeDegrees>
            </Position>
            <AltitudeMeters>202.60000610351562</AltitudeMeters>
            <DistanceMeters>5703.009765625</DistanceMeters>
            <HeartRateBpm>
              <Value>137</Value>
            </HeartRateBpm>
            <Extensions>
              <ns3:TPX>
                <ns3:Speed>2.621999979019165</ns3:Speed>
                <ns3:RunCadence>86</ns3:RunCadence>
              </ns3:TPX>
            </Extensions>
          </Trackpoint>
          <Trackpoint>
            <Time>2026-01-11T09:43:07.000Z</Time>
            <Position>
              <LatitudeDegrees>38.90749960206449</LatitudeDegrees>
              <LongitudeDegrees>-6.343331448733807</LongitudeDegrees>
            </Position>
            <AltitudeMeters>202.60000610351562</AltitudeMeters>
            <DistanceMeters>5725.27001953125</DistanceMeters>
            <HeartRateBpm>
              <Value>137</Value>
            </HeartRateBpm>
            <Extensions>
              <ns3:TPX>
                <ns3:Speed>2.6029999256134033</ns3:Speed>
                <ns3:RunCadence>86</ns3:RunCadence>
              </ns3:TPX>
            </Extensions>
          </Trackpoint>
          <Trackpoint>
            <Time>2026-01-11T09:43:14.000Z</Time>
            <Position>
              <LatitudeDegrees>38.90734378248453</LatitudeDegrees>
              <LongitudeDegrees>-6.343207731842995</LongitudeDegrees>
            </Position>
            <AltitudeMeters>202.1999969482422</AltitudeMeters>
            <DistanceMeters>5745.580078125</DistanceMeters>
            <HeartRateBpm>
              <Value>137</Value>
            </HeartRateBpm>
            <Extensions>
              <ns3:TPX>
                <ns3:Speed>2.61299991607666</ns3:Speed>
                <ns3:RunCadence>85</ns3:RunCadence>
              </ns3:TPX>
            </Extensions>
          </Trackpoint>
          <Trackpoint>
            <Time>2026-01-11T09:43:15.000Z</Time>
            <Position>
              <LatitudeDegrees>38.90732081606984</LatitudeDegrees>
              <LongitudeDegrees>-6.343188034370542</LongitudeDegrees>
            </Position>
            <AltitudeMeters>202.39999389648438</AltitudeMeters>
            <DistanceMeters>5748.64990234375</DistanceMeters>
            <HeartRateBpm>
              <Value>137</Value>
            </HeartRateBpm>
            <Extensions>
              <ns3:TPX>
                <ns3:Speed>2.621999979019165</ns3:Speed>
                <ns3:RunCadence>85</ns3:RunCadence>
              </ns3:TPX>
            </Extensions>
          </Trackpoint>
          <Trackpoint>
            <Time>2026-01-11T09:43:22.000Z</Time>
            <Position>
              <LatitudeDegrees>38.907165080308914</LatitudeDegrees>
              <LongitudeDegrees>-6.343059288337827</LongitudeDegrees>
            </Position>
            <AltitudeMeters>202.39999389648438</AltitudeMeters>
            <DistanceMeters>5769.2001953125</DistanceMeters>
            <HeartRateBpm>
              <Value>137</Value>
            </HeartRateBpm>
            <Extensions>
              <ns3:TPX>
                <ns3:Speed>2.6589999198913574</ns3:Speed>
                <ns3:RunCadence>86</ns3:RunCadence>
              </ns3:TPX>
            </Extensions>
          </Trackpoint>
          <Trackpoint>
            <Time>2026-01-11T09:43:26.000Z</Time>
            <Position>
              <LatitudeDegrees>38.90707681886852</LatitudeDegrees>
              <LongitudeDegrees>-6.342989969998598</LongitudeDegrees>
            </Position>
            <AltitudeMeters>202.1999969482422</AltitudeMeters>
            <DistanceMeters>5780.669921875</DistanceMeters>
            <HeartRateBpm>
              <Value>136</Value>
            </HeartRateBpm>
            <Extensions>
              <ns3:TPX>
                <ns3:Speed>2.677999973297119</ns3:Speed>
                <ns3:RunCadence>86</ns3:RunCadence>
              </ns3:TPX>
            </Extensions>
          </Trackpoint>
          <Trackpoint>
            <Time>2026-01-11T09:43:34.000Z</Time>
            <Position>
              <LatitudeDegrees>38.90689551830292</LatitudeDegrees>
              <LongitudeDegrees>-6.342868851497769</LongitudeDegrees>
            </Position>
            <AltitudeMeters>203.39999389648438</AltitudeMeters>
            <DistanceMeters>5803.31005859375</DistanceMeters>
            <HeartRateBpm>
              <Value>138</Value>
            </HeartRateBpm>
            <Extensions>
              <ns3:TPX>
                <ns3:Speed>2.7060000896453857</ns3:Speed>
                <ns3:RunCadence>86</ns3:RunCadence>
              </ns3:TPX>
            </Extensions>
          </Trackpoint>
          <Trackpoint>
            <Time>2026-01-11T09:43:36.000Z</Time>
            <Position>
              <LatitudeDegrees>38.906847070902586</LatitudeDegrees>
              <LongitudeDegrees>-6.342845465987921</LongitudeDegrees>
            </Position>
            <AltitudeMeters>203.0</AltitudeMeters>
            <DistanceMeters>5809.0498046875</DistanceMeters>
            <HeartRateBpm>
              <Value>138</Value>
            </HeartRateBpm>
            <Extensions>
              <ns3:TPX>
                <ns3:Speed>2.7060000896453857</ns3:Speed>
                <ns3:RunCadence>86</ns3:RunCadence>
              </ns3:TPX>
            </Extensions>
          </Trackpoint>
          <Trackpoint>
            <Time>2026-01-11T09:43:43.000Z</Time>
            <Position>
              <LatitudeDegrees>38.90667138621211</LatitudeDegrees>
              <LongitudeDegrees>-6.342781009152532</LongitudeDegrees>
            </Position>
            <AltitudeMeters>202.60000610351562</AltitudeMeters>
            <DistanceMeters>5829.27001953125</DistanceMeters>
            <HeartRateBpm>
              <Value>138</Value>
            </HeartRateBpm>
            <Extensions>
              <ns3:TPX>
                <ns3:Speed>2.7249999046325684</ns3:Speed>
                <ns3:RunCadence>86</ns3:RunCadence>
              </ns3:TPX>
            </Extensions>
          </Trackpoint>
          <Trackpoint>
            <Time>2026-01-11T09:43:50.000Z</Time>
            <Position>
              <LatitudeDegrees>38.90651925466955</LatitudeDegrees>
              <LongitudeDegrees>-6.342696435749531</LongitudeDegrees>
            </Position>
            <AltitudeMeters>202.1999969482422</AltitudeMeters>
            <DistanceMeters>5847.68017578125</DistanceMeters>
            <HeartRateBpm>
              <Value>138</Value>
            </HeartRateBpm>
            <Extensions>
              <ns3:TPX>
                <ns3:Speed>2.7339999675750732</ns3:Speed>
                <ns3:RunCadence>86</ns3:RunCadence>
              </ns3:TPX>
            </Extensions>
          </Trackpoint>
          <Trackpoint>
            <Time>2026-01-11T09:43:56.000Z</Time>
            <Position>
              <LatitudeDegrees>38.90645002014935</LatitudeDegrees>
              <LongitudeDegrees>-6.342553272843361</LongitudeDegrees>
            </Position>
            <AltitudeMeters>202.60000610351562</AltitudeMeters>
            <DistanceMeters>5863.0400390625</DistanceMeters>
            <HeartRateBpm>
              <Value>138</Value>
            </HeartRateBpm>
            <Extensions>
              <ns3:TPX>
                <ns3:Speed>2.7249999046325684</ns3:Speed>
                <ns3:RunCadence>85</ns3:RunCadence>
              </ns3:TPX>
            </Extensions>
          </Trackpoint>
          <Trackpoint>
            <Time>2026-01-11T09:44:01.000Z</Time>
            <Position>
              <LatitudeDegrees>38.906528474763036</LatitudeDegrees>
              <LongitudeDegrees>-6.3424379378557205</LongitudeDegrees>
            </Position>
            <AltitudeMeters>203.0</AltitudeMeters>
            <DistanceMeters>5876.81982421875</DistanceMeters>
            <HeartRateBpm>
              <Value>139</Value>
            </HeartRateBpm>
            <Extensions>
              <ns3:TPX>
                <ns3:Speed>2.7060000896453857</ns3:Speed>
                <ns3:RunCadence>85</ns3:RunCadence>
              </ns3:TPX>
            </Extensions>
          </Trackpoint>
          <Trackpoint>
            <Time>2026-01-11T09:44:07.000Z</Time>
            <Position>
              <LatitudeDegrees>38.90668069012463</LatitudeDegrees>
              <LongitudeDegrees>-6.3423575554043055</LongitudeDegrees>
            </Position>
            <AltitudeMeters>203.0</AltitudeMeters>
            <DistanceMeters>5895.0400390625</DistanceMeters>
            <HeartRateBpm>
              <Value>138</Value>
            </HeartRateBpm>
            <Extensions>
              <ns3:TPX>
                <ns3:Speed>2.7149999141693115</ns3:Speed>
                <ns3:RunCadence>86</ns3:RunCadence>
              </ns3:TPX>
            </Extensions>
          </Trackpoint>
          <Trackpoint>
            <Time>2026-01-11T09:44:15.000Z</Time>
            <Position>
              <LatitudeDegrees>38.90686777420342</LatitudeDegrees>
              <LongitudeDegrees>-6.342257056385279</LongitudeDegrees>
            </Position>
            <AltitudeMeters>203.39999389648438</AltitudeMeters>
            <DistanceMeters>5917.6298828125</DistanceMeters>
            <HeartRateBpm>
              <Value>138</Value>
            </HeartRateBpm>
            <Extensions>
              <ns3:TPX>
                <ns3:Speed>2.743000030517578</ns3:Speed>
                <ns3:RunCadence>86</ns3:RunCadence>
              </ns3:TPX>
            </Extensions>
          </Trackpoint>
          <Trackpoint>
            <Time>2026-01-11T09:44:17.000Z</Time>
            <Position>
              <LatitudeDegrees>38.906911527737975</LatitudeDegrees>
              <LongitudeDegrees>-6.342240292578936</LongitudeDegrees>
            </Position>
            <AltitudeMeters>203.39999389648438</AltitudeMeters>
            <DistanceMeters>5922.7001953125</DistanceMeters>
            <HeartRateBpm>
              <Value>138</Value>
            </HeartRateBpm>
            <Extensions>
              <ns3:TPX>
                <ns3:Speed>2.753000020980835</ns3:Speed>
                <ns3:RunCadence>86</ns3:RunCadence>
              </ns3:TPX>
            </Extensions>
          </Trackpoint>
          <Trackpoint>
            <Time>2026-01-11T09:44:25.000Z</Time>
            <Position>
              <LatitudeDegrees>38.9071087539196</LatitudeDegrees>
              <LongitudeDegrees>-6.342216907069087</LongitudeDegrees>
            </Position>
            <AltitudeMeters>204.8000030517578</AltitudeMeters>
            <DistanceMeters>5944.85986328125</DistanceMeters>
            <HeartRateBpm>
              <Value>139</Value>
            </HeartRateBpm>
            <Extensions>
              <ns3:TPX>
                <ns3:Speed>2.7709999084472656</ns3:Speed>
                <ns3:RunCadence>86</ns3:RunCadence>
              </ns3:TPX>
            </Extensions>
          </Trackpoint>
          <Trackpoint>
            <Time>2026-01-11T09:44:26.000Z</Time>
            <Position>
              <LatitudeDegrees>38.907133312895894</LatitudeDegrees>
              <LongitudeDegrees>-6.34222436696291</LongitudeDegrees>
            </Position>
            <AltitudeMeters>205.1999969482422</AltitudeMeters>
            <DistanceMeters>5947.66015625</DistanceMeters>
            <HeartRateBpm>
              <Value>139</Value>
            </HeartRateBpm>
            <Extensions>
              <ns3:TPX>
                <ns3:Speed>2.7709999084472656</ns3:Speed>
                <ns3:RunCadence>86</ns3:RunCadence>
              </ns3:TPX>
            </Extensions>
          </Trackpoint>
          <Trackpoint>
            <Time>2026-01-11T09:44:33.000Z</Time>
            <Position>
              <LatitudeDegrees>38.90731377527118</LatitudeDegrees>
              <LongitudeDegrees>-6.342325787991285</LongitudeDegrees>
            </Position>
            <AltitudeMeters>206.39999389648438</AltitudeMeters>
            <DistanceMeters>5969.56982421875</DistanceMeters>
            <HeartRateBpm>
              <Value>140</Value>
            </HeartRateBpm>
            <Extensions>
              <ns3:TPX>
                <ns3:Speed>2.7899999618530273</ns3:Speed>
                <ns3:RunCadence>87</ns3:RunCadence>
              </ns3:TPX>
            </Extensions>
          </Trackpoint>
          <Trackpoint>
            <Time>2026-01-11T09:44:34.000Z</Time>
            <Position>
              <LatitudeDegrees>38.9073386695236</LatitudeDegrees>
              <LongitudeDegrees>-6.342340372502804</LongitudeDegrees>
            </Position>
            <AltitudeMeters>206.39999389648438</AltitudeMeters>
            <DistanceMeters>5972.60986328125</DistanceMeters>
            <HeartRateBpm>
              <Value>140</Value>
            </HeartRateBpm>
            <Extensions>
              <ns3:TPX>
                <ns3:Speed>2.7990000247955322</ns3:Speed>
                <ns3:RunCadence>87</ns3:RunCadence>
              </ns3:TPX>
            </Extensions>
          </Trackpoint>
          <Trackpoint>
            <Time>2026-01-11T09:44:41.000Z</Time>
            <Position>
              <LatitudeDegrees>38.9074906334281</LatitudeDegrees>
              <LongitudeDegrees>-6.3424671068787575</LongitudeDegrees>
            </Position>
            <AltitudeMeters>205.39999389648438</AltitudeMeters>
            <DistanceMeters>5992.7998046875</DistanceMeters>
            <HeartRateBpm>
              <Value>139</Value>
            </HeartRateBpm>
            <Extensions>
              <ns3:TPX>
                <ns3:Speed>2.8550000190734863</ns3:Speed>
                <ns3:RunCadence>86</ns3:RunCadence>
              </ns3:TPX>
            </Extensions>
          </Trackpoint>
          <Trackpoint>
            <Time>2026-01-11T09:44:42.000Z</Time>
            <Position>
              <LatitudeDegrees>38.9075094088912</LatitudeDegrees>
              <LongitudeDegrees>-6.3424930069595575</LongitudeDegrees>
            </Position>
            <AltitudeMeters>205.1999969482422</AltitudeMeters>
            <DistanceMeters>5995.85986328125</DistanceMeters>
            <HeartRateBpm>
              <Value>142</Value>
            </HeartRateBpm>
            <Extensions>
              <ns3:TPX>
                <ns3:Speed>2.8550000190734863</ns3:Speed>
                <ns3:RunCadence>86</ns3:RunCadence>
              </ns3:TPX>
            </Extensions>
          </Trackpoint>
          <Trackpoint>
            <Time>2026-01-11T09:44:44.000Z</Time>
            <Position>
              <LatitudeDegrees>38.90754268504679</LatitudeDegrees>
              <LongitudeDegrees>-6.342545058578253</LongitudeDegrees>
            </Position>
            <AltitudeMeters>204.8000030517578</AltitudeMeters>
            <DistanceMeters>6001.68017578125</DistanceMeters>
            <HeartRateBpm>
              <Value>142</Value>
            </HeartRateBpm>
            <Extensions>
              <ns3:TPX>
                <ns3:Speed>2.865000009536743</ns3:Speed>
                <ns3:RunCadence>86</ns3:RunCadence>
              </ns3:TPX>
            </Extensions>
          </Trackpoint>
        </Track>
        <Extensions>
          <ns3:LX>
            <ns3:AvgSpeed>2.711999893188476</ns3:AvgSpeed>
            <ns3:AvgRunCadence>85</ns3:AvgRunCadence>
            <ns3:MaxRunCadence>88</ns3:MaxRunCadence>
          </ns3:LX>
        </Extensions>
      </Lap>
      <Lap StartTime="2026-01-11T09:44:45.000Z">
        <TotalTimeSeconds>336.605</TotalTimeSeconds>
        <DistanceMeters>1000.0</DistanceMeters>
        <MaximumSpeed>3.38700008392334</MaximumSpeed>
        <Calories>74</Calories>
        <AverageHeartRateBpm>
          <Value>145</Value>
        </AverageHeartRateBpm>
        <MaximumHeartRateBpm>
          <Value>157</Value>
        </MaximumHeartRateBpm>
        <Intensity>Active</Intensity>
        <TriggerMethod>Manual</TriggerMethod>
        <Track>
          <Trackpoint>
            <Time>2026-01-11T09:44:49.000Z</Time>
            <Position>
              <LatitudeDegrees>38.90763245522976</LatitudeDegrees>
              <LongitudeDegrees>-6.342678749933839</LongitudeDegrees>
            </Position>
            <AltitudeMeters>203.1999969482422</AltitudeMeters>
            <DistanceMeters>6016.97021484375</DistanceMeters>
            <HeartRateBpm>
              <Value>142</Value>
            </HeartRateBpm>
            <Extensions>
              <ns3:TPX>
                <ns3:Speed>2.882999897003174</ns3:Speed>
                <ns3:RunCadence>87</ns3:RunCadence>
              </ns3:TPX>
            </Extensions>
          </Trackpoint>
          <Trackpoint>
            <Time>2026-01-11T09:44:55.000Z</Time>
            <Position>
              <LatitudeDegrees>38.90775399282575</LatitudeDegrees>
              <LongitudeDegrees>-6.342805065214634</LongitudeDegrees>
            </Position>
            <AltitudeMeters>203.0</AltitudeMeters>
            <DistanceMeters>6034.490234375</DistanceMeters>
            <HeartRateBpm>
              <Value>142</Value>
            </HeartRateBpm>
            <Extensions>
              <ns3:TPX>
                <ns3:Speed>2.9110000133514404</ns3:Speed>
                <ns3:RunCadence>87</ns3:RunCadence>
              </ns3:TPX>
            </Extensions>
          </Trackpoint>
          <Trackpoint>
            <Time>2026-01-11T09:45:03.000Z</Time>
            <Position>
              <LatitudeDegrees>38.90794191509485</LatitudeDegrees>
              <LongitudeDegrees>-6.342905480414629</LongitudeDegrees>
            </Position>
            <AltitudeMeters>203.0</AltitudeMeters>
            <DistanceMeters>6057.10009765625</DistanceMeters>
            <HeartRateBpm>
              <Value>142</Value>
            </HeartRateBpm>
            <Extensions>
              <ns3:TPX>
                <ns3:Speed>2.9210000038146973</ns3:Speed>
                <ns3:RunCadence>85</ns3:RunCadence>
              </ns3:TPX>
            </Extensions>
          </Trackpoint>
          <Trackpoint>
            <Time>2026-01-11T09:45:04.000Z</Time>
            <Position>
              <LatitudeDegrees>38.90796245075762</LatitudeDegrees>
              <LongitudeDegrees>-6.342922830954194</LongitudeDegrees>
            </Position>
            <AltitudeMeters>203.0</AltitudeMeters>
            <DistanceMeters>6059.83984375</DistanceMeters>
            <HeartRateBpm>
              <Value>142</Value>
            </HeartRateBpm>
            <Extensions>
              <ns3:TPX>
                <ns3:Speed>2.9210000038146973</ns3:Speed>
                <ns3:RunCadence>84</ns3:RunCadence>
              </ns3:TPX>
            </Extensions>
          </Trackpoint>
          <Trackpoint>
            <Time>2026-01-11T09:45:12.000Z</Time>
            <Position>
              <LatitudeDegrees>38.90812883153558</LatitudeDegrees>
              <LongitudeDegrees>-6.343067502602935</LongitudeDegrees>
            </Position>
            <AltitudeMeters>204.1999969482422</AltitudeMeters>
            <DistanceMeters>6082.169921875</DistanceMeters>
            <HeartRateBpm>
              <Value>142</Value>
            </HeartRateBpm>
            <Extensions>
              <ns3:TPX>
                <ns3:Speed>2.9019999504089355</ns3:Speed>
                <ns3:RunCadence>84</ns3:RunCadence>
              </ns3:TPX>
            </Extensions>
          </Trackpoint>
          <Trackpoint>
            <Time>2026-01-11T09:45:15.000Z</Time>
            <Position>
              <LatitudeDegrees>38.90819647349417</LatitudeDegrees>
              <LongitudeDegrees>-6.343114944174886</LongitudeDegrees>
            </Position>
            <AltitudeMeters>205.0</AltitudeMeters>
            <DistanceMeters>6090.72998046875</DistanceMeters>
            <HeartRateBpm>
              <Value>143</Value>
            </HeartRateBpm>
            <Extensions>
              <ns3:TPX>
                <ns3:Speed>2.8929998874664307</ns3:Speed>
                <ns3:RunCadence>84</ns3:RunCadence>
              </ns3:TPX>
            </Extensions>
          </Trackpoint>
          <Trackpoint>
            <Time>2026-01-11T09:45:23.000Z</Time>
            <Position>
              <LatitudeDegrees>38.90837433747947</LatitudeDegrees>
              <LongitudeDegrees>-6.34323044680059</LongitudeDegrees>
            </Position>
            <AltitudeMeters>205.39999389648438</AltitudeMeters>
            <DistanceMeters>6112.8701171875</DistanceMeters>
            <HeartRateBpm>
              <Value>143</Value>
            </HeartRateBpm>
            <Extensions>
              <ns3:TPX>
                <ns3:Speed>2.882999897003174</ns3:Speed>
                <ns3:RunCadence>84</ns3:RunCadence>
              </ns3:TPX>
            </Extensions>
          </Trackpoint>
          <Trackpoint>
            <Time>2026-01-11T09:45:27.000Z</Time>
            <Position>
              <LatitudeDegrees>38.9084679633379</LatitudeDegrees>
              <LongitudeDegrees>-6.343294316902757</LongitudeDegrees>
            </Position>
            <AltitudeMeters>205.0</AltitudeMeters>
            <DistanceMeters>6124.66015625</DistanceMeters>
            <HeartRateBpm>
              <Value>140</Value>
            </HeartRateBpm>
            <Extensions>
              <ns3:TPX>
                <ns3:Speed>2.882999897003174</ns3:Speed>
                <ns3:RunCadence>84</ns3:RunCadence>
              </ns3:TPX>
            </Extensions>
          </Trackpoint>
          <Trackpoint>
            <Time>2026-01-11T09:45:31.000Z</Time>
            <Position>
              <LatitudeDegrees>38.90855664387345</LatitudeDegrees>
              <LongitudeDegrees>-6.343367239460349</LongitudeDegrees>
            </Position>
            <AltitudeMeters>204.60000610351562</AltitudeMeters>
            <DistanceMeters>6136.35986328125</DistanceMeters>
            <HeartRateBpm>
              <Value>143</Value>
            </HeartRateBpm>
            <Extensions>
              <ns3:TPX>
                <ns3:Speed>2.882999897003174</ns3:Speed>
                <ns3:RunCadence>85</ns3:RunCadence>
              </ns3:TPX>
            </Extensions>
          </Trackpoint>
          <Trackpoint>
            <Time>2026-01-11T09:45:37.000Z</Time>
            <Position>
              <LatitudeDegrees>38.90868145041168</LatitudeDegrees>
              <LongitudeDegrees>-6.343478048220277</LongitudeDegrees>
            </Position>
            <AltitudeMeters>204.60000610351562</AltitudeMeters>
            <DistanceMeters>6153.22021484375</DistanceMeters>
            <HeartRateBpm>
              <Value>143</Value>
            </HeartRateBpm>
            <Extensions>
              <ns3:TPX>
                <ns3:Speed>2.8929998874664307</ns3:Speed>
                <ns3:RunCadence>85</ns3:RunCadence>
              </ns3:TPX>
            </Extensions>
          </Trackpoint>
          <Trackpoint>
            <Time>2026-01-11T09:45:45.000Z</Time>
            <Position>
              <LatitudeDegrees>38.90885503962636</LatitudeDegrees>
              <LongitudeDegrees>-6.343590449541807</LongitudeDegrees>
            </Position>
            <AltitudeMeters>206.0</AltitudeMeters>
            <DistanceMeters>6174.81982421875</DistanceMeters>
            <HeartRateBpm>
              <Value>142</Value>
            </HeartRateBpm>
            <Extensions>
              <ns3:TPX>
                <ns3:Speed>2.9019999504089355</ns3:Speed>
                <ns3:RunCadence>85</ns3:RunCadence>
              </ns3:TPX>
            </Extensions>
          </Trackpoint>
          <Trackpoint>
            <Time>2026-01-11T09:45:47.000Z</Time>
            <Position>
              <LatitudeDegrees>38.90889862552285</LatitudeDegrees>
              <LongitudeDegrees>-6.343616098165512</LongitudeDegrees>
            </Position>
            <AltitudeMeters>206.1999969482422</AltitudeMeters>
            <DistanceMeters>6180.14013671875</DistanceMeters>
            <HeartRateBpm>
              <Value>142</Value>
            </HeartRateBpm>
            <Extensions>
              <ns3:TPX>
                <ns3:Speed>2.8929998874664307</ns3:Speed>
                <ns3:RunCadence>85</ns3:RunCadence>
              </ns3:TPX>
            </Extensions>
          </Trackpoint>
          <Trackpoint>
            <Time>2026-01-11T09:45:55.000Z</Time>
            <Position>
              <LatitudeDegrees>38.90907942317426</LatitudeDegrees>
              <LongitudeDegrees>-6.343731516972184</LongitudeDegrees>
            </Position>
            <AltitudeMeters>205.8000030517578</AltitudeMeters>
            <DistanceMeters>6202.58984375</DistanceMeters>
            <HeartRateBpm>
              <Value>142</Value>
            </HeartRateBpm>
            <Extensions>
              <ns3:TPX>
                <ns3:Speed>2.865000009536743</ns3:Speed>
                <ns3:RunCadence>86</ns3:RunCadence>
              </ns3:TPX>
            </Extensions>
          </Trackpoint>
          <Trackpoint>
            <Time>2026-01-11T09:45:57.000Z</Time>
            <Position>
              <LatitudeDegrees>38.909122506156564</LatitudeDegrees>
              <LongitudeDegrees>-6.343761943280697</LongitudeDegrees>
            </Position>
            <AltitudeMeters>205.8000030517578</AltitudeMeters>
            <DistanceMeters>6208.0498046875</DistanceMeters>
            <HeartRateBpm>
              <Value>142</Value>
            </HeartRateBpm>
            <Extensions>
              <ns3:TPX>
                <ns3:Speed>2.865000009536743</ns3:Speed>
                <ns3:RunCadence>85</ns3:RunCadence>
              </ns3:TPX>
            </Extensions>
          </Trackpoint>
          <Trackpoint>
            <Time>2026-01-11T09:46:05.000Z</Time>
            <Position>
              <LatitudeDegrees>38.909295089542866</LatitudeDegrees>
              <LongitudeDegrees>-6.343895634636283</LongitudeDegrees>
            </Position>
            <AltitudeMeters>206.0</AltitudeMeters>
            <DistanceMeters>6230.47998046875</DistanceMeters>
            <HeartRateBpm>
              <Value>142</Value>
            </HeartRateBpm>
            <Extensions>
              <ns3:TPX>
                <ns3:Speed>2.8550000190734863</ns3:Speed>
                <ns3:RunCadence>85</ns3:RunCadence>
              </ns3:TPX>
            </Extensions>
          </Trackpoint>
          <Trackpoint>
            <Time>2026-01-11T09:46:07.000Z</Time>
            <Position>
              <LatitudeDegrees>38.90933590941131</LatitudeDegrees>
              <LongitudeDegrees>-6.343937208876014</LongitudeDegrees>
            </Position>
            <AltitudeMeters>206.0</AltitudeMeters>
            <DistanceMeters>6236.27001953125</DistanceMeters>
            <HeartRateBpm>
              <Value>142</Value>
            </HeartRateBpm>
            <Extensions>
              <ns3:TPX>
                <ns3:Speed>2.8550000190734863</ns3:Speed>
                <ns3:RunCadence>86</ns3:RunCadence>
              </ns3:TPX>
            </Extensions>
          </Trackpoint>
          <Trackpoint>
            <Time>2026-01-11T09:46:15.000Z</Time>
            <Position>
              <LatitudeDegrees>38.90946306288242</LatitudeDegrees>
              <LongitudeDegrees>-6.344127142801881</LongitudeDegrees>
            </Position>
            <AltitudeMeters>207.39999389648438</AltitudeMeters>
            <DistanceMeters>6258.0</DistanceMeters>
            <HeartRateBpm>
              <Value>141</Value>
            </HeartRateBpm>
            <Extensions>
              <ns3:TPX>
                <ns3:Speed>2.8550000190734863</ns3:Speed>
                <ns3:RunCadence>85</ns3:RunCadence>
              </ns3:TPX>
            </Extensions>
          </Trackpoint>
          <Trackpoint>
            <Time>2026-01-11T09:46:23.000Z</Time>
            <Position>
              <LatitudeDegrees>38.90959926880896</LatitudeDegrees>
              <LongitudeDegrees>-6.344303162768483</LongitudeDegrees>
            </Position>
            <AltitudeMeters>208.0</AltitudeMeters>
            <DistanceMeters>6279.5400390625</DistanceMeters>
            <HeartRateBpm>
              <Value>141</Value>
            </HeartRateBpm>
            <Extensions>
              <ns3:TPX>
                <ns3:Speed>2.8369998931884766</ns3:Speed>
                <ns3:RunCadence>86</ns3:RunCadence>
              </ns3:TPX>
            </Extensions>
          </Trackpoint>
          <Trackpoint>
            <Time>2026-01-11T09:46:24.000Z</Time>
            <Position>
              <LatitudeDegrees>38.90962173230946</LatitudeDegrees>
              <LongitudeDegrees>-6.344325542449951</LongitudeDegrees>
            </Position>
            <AltitudeMeters>208.0</AltitudeMeters>
            <DistanceMeters>6282.68017578125</DistanceMeters>
            <HeartRateBpm>
              <Value>141</Value>
            </HeartRateBpm>
            <Extensions>
              <ns3:TPX>
                <ns3:Speed>2.8369998931884766</ns3:Speed>
                <ns3:RunCadence>86</ns3:RunCadence>
              </ns3:TPX>
            </Extensions>
          </Trackpoint>
          <Trackpoint>
            <Time>2026-01-11T09:46:31.000Z</Time>
            <Position>
              <LatitudeDegrees>38.90978149138391</LatitudeDegrees>
              <LongitudeDegrees>-6.344451941549778</LongitudeDegrees>
            </Position>
            <AltitudeMeters>207.8000030517578</AltitudeMeters>
            <DistanceMeters>6303.490234375</DistanceMeters>
            <HeartRateBpm>
              <Value>140</Value>
            </HeartRateBpm>
            <Extensions>
              <ns3:TPX>
                <ns3:Speed>2.8369998931884766</ns3:Speed>
                <ns3:RunCadence>86</ns3:RunCadence>
              </ns3:TPX>
            </Extensions>
          </Trackpoint>
          <Trackpoint>
            <Time>2026-01-11T09:46:32.000Z</Time>
            <Position>
              <LatitudeDegrees>38.9098044577986</LatitudeDegrees>
              <LongitudeDegrees>-6.34447013027966</LongitudeDegrees>
            </Position>
            <AltitudeMeters>207.60000610351562</AltitudeMeters>
            <DistanceMeters>6306.490234375</DistanceMeters>
            <HeartRateBpm>
              <Value>140</Value>
            </HeartRateBpm>
            <Extensions>
              <ns3:TPX>
                <ns3:Speed>2.8369998931884766</ns3:Speed>
                <ns3:RunCadence>86</ns3:RunCadence>
              </ns3:TPX>
            </Extensions>
          </Trackpoint>
          <Trackpoint>
            <Time>2026-01-11T09:46:40.000Z</Time>
            <Position>
              <LatitudeDegrees>38.90998441725969</LatitudeDegrees>
              <LongitudeDegrees>-6.344592589884996</LongitudeDegrees>
            </Position>
            <AltitudeMeters>205.60000610351562</AltitudeMeters>
            <DistanceMeters>6329.1298828125</DistanceMeters>
            <HeartRateBpm>
              <Value>140</Value>
            </HeartRateBpm>
            <Extensions>
              <ns3:TPX>
                <ns3:Speed>2.8369998931884766</ns3:Speed>
                <ns3:RunCadence>86</ns3:RunCadence>
              </ns3:TPX>
            </Extensions>
          </Trackpoint>
          <Trackpoint>
            <Time>2026-01-11T09:46:47.000Z</Time>
            <Position>
              <LatitudeDegrees>38.910132022574544</LatitudeDegrees>
              <LongitudeDegrees>-6.344726532697678</LongitudeDegrees>
            </Position>
            <AltitudeMeters>203.8000030517578</AltitudeMeters>
            <DistanceMeters>6349.240234375</DistanceMeters>
            <HeartRateBpm>
              <Value>140</Value>
            </HeartRateBpm>
            <Extensions>
              <ns3:TPX>
                <ns3:Speed>2.8459999561309814</ns3:Speed>
                <ns3:RunCadence>88</ns3:RunCadence>
              </ns3:TPX>
            </Extensions>
          </Trackpoint>
          <Trackpoint>
            <Time>2026-01-11T09:46:54.000Z</Time>
            <Position>
              <LatitudeDegrees>38.910275772213936</LatitudeDegrees>
              <LongitudeDegrees>-6.344892326742411</LongitudeDegrees>
            </Position>
            <AltitudeMeters>203.60000610351562</AltitudeMeters>
            <DistanceMeters>6370.759765625</DistanceMeters>
            <HeartRateBpm>
              <Value>142</Value>
            </HeartRateBpm>
            <Extensions>
              <ns3:TPX>
                <ns3:Speed>2.865000009536743</ns3:Speed>
                <ns3:RunCadence>85</ns3:RunCadence>
              </ns3:TPX>
            </Extensions>
          </Trackpoint>
          <Trackpoint>
            <Time>2026-01-11T09:46:55.000Z</Time>
            <Position>
              <LatitudeDegrees>38.91029370948672</LatitudeDegrees>
              <LongitudeDegrees>-6.344917891547084</LongitudeDegrees>
            </Position>
            <AltitudeMeters>203.60000610351562</AltitudeMeters>
            <DistanceMeters>6373.740234375</DistanceMeters>
            <HeartRateBpm>
              <Value>142</Value>
            </HeartRateBpm>
            <Extensions>
              <ns3:TPX>
                <ns3:Speed>2.865000009536743</ns3:Speed>
                <ns3:RunCadence>85</ns3:RunCadence>
              </ns3:TPX>
            </Extensions>
          </Trackpoint>
          <Trackpoint>
            <Time>2026-01-11T09:47:02.000Z</Time>
            <Position>
              <LatitudeDegrees>38.91039781272411</LatitudeDegrees>
              <LongitudeDegrees>-6.345095755532384</LongitudeDegrees>
            </Position>
            <AltitudeMeters>204.0</AltitudeMeters>
            <DistanceMeters>6393.10009765625</DistanceMeters>
            <HeartRateBpm>
              <Value>142</Value>
            </HeartRateBpm>
            <Extensions>
              <ns3:TPX>
                <ns3:Speed>2.8929998874664307</ns3:Speed>
                <ns3:RunCadence>85</ns3:RunCadence>
              </ns3:TPX>
            </Extensions>
          </Trackpoint>
          <Trackpoint>
            <Time>2026-01-11T09:47:09.000Z</Time>
            <Position>
              <LatitudeDegrees>38.91049638390541</LatitudeDegrees>
              <LongitudeDegrees>-6.345291389152408</LongitudeDegrees>
            </Position>
            <AltitudeMeters>204.0</AltitudeMeters>
            <DistanceMeters>6413.2998046875</DistanceMeters>
            <HeartRateBpm>
              <Value>142</Value>
            </HeartRateBpm>
            <Extensions>
              <ns3:TPX>
                <ns3:Speed>2.882999897003174</ns3:Speed>
                <ns3:RunCadence>85</ns3:RunCadence>
              </ns3:TPX>
            </Extensions>
          </Trackpoint>
          <Trackpoint>
            <Time>2026-01-11T09:47:14.000Z</Time>
            <Position>
              <LatitudeDegrees>38.910566959530115</LatitudeDegrees>
              <LongitudeDegrees>-6.345424158498645</LongitudeDegrees>
            </Position>
            <AltitudeMeters>203.60000610351562</AltitudeMeters>
            <DistanceMeters>6427.240234375</DistanceMeters>
            <HeartRateBpm>
              <Value>142</Value>
            </HeartRateBpm>
            <Extensions>
              <ns3:TPX>
                <ns3:Speed>2.874000072479248</ns3:Speed>
                <ns3:RunCadence>85</ns3:RunCadence>
              </ns3:TPX>
            </Extensions>
          </Trackpoint>
          <Trackpoint>
            <Time>2026-01-11T09:47:22.000Z</Time>
            <Position>
              <LatitudeDegrees>38.91070148907602</LatitudeDegrees>
              <LongitudeDegrees>-6.345601184293628</LongitudeDegrees>
            </Position>
            <AltitudeMeters>202.0</AltitudeMeters>
            <DistanceMeters>6448.669921875</DistanceMeters>
            <HeartRateBpm>
              <Value>142</Value>
            </HeartRateBpm>
            <Extensions>
              <ns3:TPX>
                <ns3:Speed>2.8550000190734863</ns3:Speed>
                <ns3:RunCadence>85</ns3:RunCadence>
              </ns3:TPX>
            </Extensions>
          </Trackpoint>
          <Trackpoint>
            <Time>2026-01-11T09:47:23.000Z</Time>
            <Position>
              <LatitudeDegrees>38.91072160564363</LatitudeDegrees>
              <LongitudeDegrees>-6.3456224743276834</LongitudeDegrees>
            </Position>
            <AltitudeMeters>201.60000610351562</AltitudeMeters>
            <DistanceMeters>6451.56982421875</DistanceMeters>
            <HeartRateBpm>
              <Value>142</Value>
            </HeartRateBpm>
            <Extensions>
              <ns3:TPX>
                <ns3:Speed>2.8459999561309814</ns3:Speed>
                <ns3:RunCadence>85</ns3:RunCadence>
              </ns3:TPX>
            </Extensions>
          </Trackpoint>
          <Trackpoint>
            <Time>2026-01-11T09:47:31.000Z</Time>
            <Position>
              <LatitudeDegrees>38.91088580712676</LatitudeDegrees>
              <LongitudeDegrees>-6.345768989995122</LongitudeDegrees>
            </Position>
            <AltitudeMeters>200.8000030517578</AltitudeMeters>
            <DistanceMeters>6473.81982421875</DistanceMeters>
            <HeartRateBpm>
              <Value>142</Value>
            </HeartRateBpm>
            <Extensions>
              <ns3:TPX>
                <ns3:Speed>2.818000078201294</ns3:Speed>
                <ns3:RunCadence>84</ns3:RunCadence>
              </ns3:TPX>
            </Extensions>
          </Trackpoint>
          <Trackpoint>
            <Time>2026-01-11T09:47:33.000Z</Time>
            <Position>
              <LatitudeDegrees>38.910922184586525</LatitudeDegrees>
              <LongitudeDegrees>-6.345805199816823</LongitudeDegrees>
            </Position>
            <AltitudeMeters>201.0</AltitudeMeters>
            <DistanceMeters>6478.93994140625</DistanceMeters>
            <HeartRateBpm>
              <Value>142</Value>
            </HeartRateBpm>
            <Extensions>
              <ns3:TPX>
                <ns3:Speed>2.818000078201294</ns3:Speed>
                <ns3:RunCadence>85</ns3:RunCadence>
              </ns3:TPX>
            </Extensions>
          </Trackpoint>
          <Trackpoint>
            <Time>2026-01-11T09:47:40.000Z</Time>
            <Position>
              <LatitudeDegrees>38.911052104085684</LatitudeDegrees>
              <LongitudeDegrees>-6.345908548682928</LongitudeDegrees>
            </Position>
            <AltitudeMeters>201.0</AltitudeMeters>
            <DistanceMeters>6495.9501953125</DistanceMeters>
            <HeartRateBpm>
              <Value>141</Value>
            </HeartRateBpm>
            <Extensions>
              <ns3:TPX>
                <ns3:Speed>2.7990000247955322</ns3:Speed>
                <ns3:RunCadence>84</ns3:RunCadence>
              </ns3:TPX>
            </Extensions>
          </Trackpoint>
          <Trackpoint>
            <Time>2026-01-11T09:47:43.000Z</Time>
            <Position>
              <LatitudeDegrees>38.911115638911724</LatitudeDegrees>
              <LongitudeDegrees>-6.345960684120655</LongitudeDegrees>
            </Position>
            <AltitudeMeters>201.0</AltitudeMeters>
            <DistanceMeters>6504.31982421875</DistanceMeters>
            <HeartRateBpm>
              <Value>138</Value>
            </HeartRateBpm>
            <Extensions>
              <ns3:TPX>
                <ns3:Speed>2.7709999084472656</ns3:Speed>
                <ns3:RunCadence>85</ns3:RunCadence>
              </ns3:TPX>
            </Extensions>
          </Trackpoint>
          <Trackpoint>
            <Time>2026-01-11T09:47:45.000Z</Time>
            <Position>
              <LatitudeDegrees>38.91115218400955</LatitudeDegrees>
              <LongitudeDegrees>-6.3459941279143095</LongitudeDegrees>
            </Position>
            <AltitudeMeters>201.0</AltitudeMeters>
            <DistanceMeters>6509.31005859375</DistanceMeters>
            <HeartRateBpm>
              <Value>142</Value>
            </HeartRateBpm>
            <Extensions>
              <ns3:TPX>
                <ns3:Speed>2.76200008392334</ns3:Speed>
                <ns3:RunCadence>86</ns3:RunCadence>
              </ns3:TPX>
            </Extensions>
          </Trackpoint>
          <Trackpoint>
            <Time>2026-01-11T09:47:50.000Z</Time>
            <Position>
              <LatitudeDegrees>38.91125754453242</LatitudeDegrees>
              <LongitudeDegrees>-6.346088340505958</LongitudeDegrees>
            </Position>
            <AltitudeMeters>201.1999969482422</AltitudeMeters>
            <DistanceMeters>6523.580078125</DistanceMeters>
            <HeartRateBpm>
              <Value>141</Value>
            </HeartRateBpm>
            <Extensions>
              <ns3:TPX>
                <ns3:Speed>2.743000030517578</ns3:Speed>
                <ns3:RunCadence>85</ns3:RunCadence>
              </ns3:TPX>
            </Extensions>
          </Trackpoint>
          <Trackpoint>
            <Time>2026-01-11T09:47:58.000Z</Time>
            <Position>
              <LatitudeDegrees>38.91142166219652</LatitudeDegrees>
              <LongitudeDegrees>-6.346242483705282</LongitudeDegrees>
            </Position>
            <AltitudeMeters>202.60000610351562</AltitudeMeters>
            <DistanceMeters>6546.18994140625</DistanceMeters>
            <HeartRateBpm>
              <Value>142</Value>
            </HeartRateBpm>
            <Extensions>
              <ns3:TPX>
                <ns3:Speed>2.7339999675750732</ns3:Speed>
                <ns3:RunCadence>87</ns3:RunCadence>
              </ns3:TPX>
            </Extensions>
          </Trackpoint>
          <Trackpoint>
            <Time>2026-01-11T09:48:00.000Z</Time>
            <Position>
              <LatitudeDegrees>38.91146491281688</LatitudeDegrees>
              <LongitudeDegrees>-6.346283555030823</LongitudeDegrees>
            </Position>
            <AltitudeMeters>202.8000030517578</AltitudeMeters>
            <DistanceMeters>6552.16015625</DistanceMeters>
            <HeartRateBpm>
              <Value>143</Value>
            </HeartRateBpm>
            <Extensions>
              <ns3:TPX>
                <ns3:Speed>2.7339999675750732</ns3:Speed>
                <ns3:RunCadence>87</ns3:RunCadence>
              </ns3:TPX>
            </Extensions>
          </Trackpoint>
          <Trackpoint>
            <Time>2026-01-11T09:48:06.000Z</Time>
            <Position>
              <LatitudeDegrees>38.91161042265594</LatitudeDegrees>
              <LongitudeDegrees>-6.3464241195470095</LongitudeDegrees>
            </Position>
            <AltitudeMeters>202.8000030517578</AltitudeMeters>
            <DistanceMeters>6572.39013671875</DistanceMeters>
            <HeartRateBpm>
              <Value>144</Value>
            </HeartRateBpm>
            <Extensions>
              <ns3:TPX>
                <ns3:Speed>2.76200008392334</ns3:Speed>
                <ns3:RunCadence>87</ns3:RunCadence>
              </ns3:TPX>
            </Extensions>
          </Trackpoint>
          <Trackpoint>
            <Time>2026-01-11T09:48:12.000Z</Time>
            <Position>
              <LatitudeDegrees>38.91174185089767</LatitudeDegrees>
              <LongitudeDegrees>-6.346582286059856</LongitudeDegrees>
            </Position>
            <AltitudeMeters>203.0</AltitudeMeters>
            <DistanceMeters>6592.39013671875</DistanceMeters>
            <HeartRateBpm>
              <Value>145</Value>
            </HeartRateBpm>
            <Extensions>
              <ns3:TPX>
                <ns3:Speed>2.882999897003174</ns3:Speed>
                <ns3:RunCadence>87</ns3:RunCadence>
              </ns3:TPX>
            </Extensions>
          </Trackpoint>
          <Trackpoint>
            <Time>2026-01-11T09:48:18.000Z</Time>
            <Position>
              <LatitudeDegrees>38.9118870254606</LatitudeDegrees>
              <LongitudeDegrees>-6.34672025218606</LongitudeDegrees>
            </Position>
            <AltitudeMeters>202.60000610351562</AltitudeMeters>
            <DistanceMeters>6612.490234375</DistanceMeters>
            <HeartRateBpm>
              <Value>146</Value>
            </HeartRateBpm>
            <Extensions>
              <ns3:TPX>
                <ns3:Speed>3.0510001182556152</ns3:Speed>
                <ns3:RunCadence>87</ns3:RunCadence>
              </ns3:TPX>
            </Extensions>
          </Trackpoint>
          <Trackpoint>
            <Time>2026-01-11T09:48:21.000Z</Time>
            <Position>
              <LatitudeDegrees>38.91196036711335</LatitudeDegrees>
              <LongitudeDegrees>-6.346792336553335</LongitudeDegrees>
            </Position>
            <AltitudeMeters>202.60000610351562</AltitudeMeters>
            <DistanceMeters>6622.77001953125</DistanceMeters>
            <HeartRateBpm>
              <Value>147</Value>
            </HeartRateBpm>
            <Extensions>
              <ns3:TPX>
                <ns3:Speed>3.0789999961853027</ns3:Speed>
                <ns3:RunCadence>86</ns3:RunCadence>
              </ns3:TPX>
            </Extensions>
          </Trackpoint>
          <Trackpoint>
            <Time>2026-01-11T09:48:27.000Z</Time>
            <Position>
              <LatitudeDegrees>38.912108140066266</LatitudeDegrees>
              <LongitudeDegrees>-6.346925524994731</LongitudeDegrees>
            </Position>
            <AltitudeMeters>202.8000030517578</AltitudeMeters>
            <DistanceMeters>6642.83984375</DistanceMeters>
            <HeartRateBpm>
              <Value>147</Value>
            </HeartRateBpm>
            <Extensions>
              <ns3:TPX>
                <ns3:Speed>3.190999984741211</ns3:Speed>
                <ns3:RunCadence>86</ns3:RunCadence>
              </ns3:TPX>
            </Extensions>
          </Trackpoint>
          <Trackpoint>
            <Time>2026-01-11T09:48:33.000Z</Time>
            <Position>
              <LatitudeDegrees>38.912241999059916</LatitudeDegrees>
              <LongitudeDegrees>-6.347043793648481</LongitudeDegrees>
            </Position>
            <AltitudeMeters>202.60000610351562</AltitudeMeters>
            <DistanceMeters>6660.91015625</DistanceMeters>
            <HeartRateBpm>
              <Value>146</Value>
            </HeartRateBpm>
            <Extensions>
              <ns3:TPX>
                <ns3:Speed>3.1440000534057617</ns3:Speed>
                <ns3:RunCadence>85</ns3:RunCadence>
              </ns3:TPX>
            </Extensions>
          </Trackpoint>
          <Trackpoint>
            <Time>2026-01-11T09:48:40.000Z</Time>
            <Position>
              <LatitudeDegrees>38.91238574869931</LatitudeDegrees>
              <LongitudeDegrees>-6.347187124192715</LongitudeDegrees>
            </Position>
            <AltitudeMeters>202.8000030517578</AltitudeMeters>
            <DistanceMeters>6681.14013671875</DistanceMeters>
            <HeartRateBpm>
              <Value>146</Value>
            </HeartRateBpm>
            <Extensions>
              <ns3:TPX>
                <ns3:Speed>3.1540000438690186</ns3:Speed>
                <ns3:RunCadence>87</ns3:RunCadence>
              </ns3:TPX>
            </Extensions>
          </Trackpoint>
          <Trackpoint>
            <Time>2026-01-11T09:48:42.000Z</Time>
            <Position>
              <LatitudeDegrees>38.912433944642544</LatitudeDegrees>
              <LongitudeDegrees>-6.347231632098556</LongitudeDegrees>
            </Position>
            <AltitudeMeters>202.8000030517578</AltitudeMeters>
            <DistanceMeters>6687.740234375</DistanceMeters>
            <HeartRateBpm>
              <Value>146</Value>
            </HeartRateBpm>
            <Extensions>
              <ns3:TPX>
                <ns3:Speed>3.125999927520752</ns3:Speed>
                <ns3:RunCadence>88</ns3:RunCadence>
              </ns3:TPX>
            </Extensions>
          </Trackpoint>
          <Trackpoint>
            <Time>2026-01-11T09:48:48.000Z</Time>
            <Position>
              <LatitudeDegrees>38.91259244643152</LatitudeDegrees>
              <LongitudeDegrees>-6.347372867166996</LongitudeDegrees>
            </Position>
            <AltitudeMeters>203.39999389648438</AltitudeMeters>
            <DistanceMeters>6709.169921875</DistanceMeters>
            <HeartRateBpm>
              <Value>149</Value>
            </HeartRateBpm>
            <Extensions>
              <ns3:TPX>
                <ns3:Speed>3.1440000534057617</ns3:Speed>
                <ns3:RunCadence>88</ns3:RunCadence>
              </ns3:TPX>
            </Extensions>
          </Trackpoint>
          <Trackpoint>
            <Time>2026-01-11T09:48:52.000Z</Time>
            <Position>
              <LatitudeDegrees>38.912690095603466</LatitudeDegrees>
              <LongitudeDegrees>-6.347456183284521</LongitudeDegrees>
            </Position>
            <AltitudeMeters>203.39999389648438</AltitudeMeters>
            <DistanceMeters>6722.2001953125</DistanceMeters>
            <HeartRateBpm>
              <Value>149</Value>
            </HeartRateBpm>
            <Extensions>
              <ns3:TPX>
                <ns3:Speed>3.181999921798706</ns3:Speed>
                <ns3:RunCadence>87</ns3:RunCadence>
              </ns3:TPX>
            </Extensions>
          </Trackpoint>
          <Trackpoint>
            <Time>2026-01-11T09:48:59.000Z</Time>
            <Position>
              <LatitudeDegrees>38.91285262070596</LatitudeDegrees>
              <LongitudeDegrees>-6.347604626789689</LongitudeDegrees>
            </Position>
            <AltitudeMeters>202.1999969482422</AltitudeMeters>
            <DistanceMeters>6744.419921875</DistanceMeters>
            <HeartRateBpm>
              <Value>149</Value>
            </HeartRateBpm>
            <Extensions>
              <ns3:TPX>
                <ns3:Speed>3.2279999256134033</ns3:Speed>
                <ns3:RunCadence>87</ns3:RunCadence>
              </ns3:TPX>
            </Extensions>
          </Trackpoint>
          <Trackpoint>
            <Time>2026-01-11T09:49:06.000Z</Time>
            <Position>
              <LatitudeDegrees>38.913022270426154</LatitudeDegrees>
              <LongitudeDegrees>-6.347747286781669</LongitudeDegrees>
            </Position>
            <AltitudeMeters>201.1999969482422</AltitudeMeters>
            <DistanceMeters>6766.93994140625</DistanceMeters>
            <HeartRateBpm>
              <Value>150</Value>
            </HeartRateBpm>
            <Extensions>
              <ns3:TPX>
                <ns3:Speed>3.23799991607666</ns3:Speed>
                <ns3:RunCadence>88</ns3:RunCadence>
              </ns3:TPX>
            </Extensions>
          </Trackpoint>
          <Trackpoint>
            <Time>2026-01-11T09:49:10.000Z</Time>
            <Position>
              <LatitudeDegrees>38.913117572665215</LatitudeDegrees>
              <LongitudeDegrees>-6.347827836871147</LongitudeDegrees>
            </Position>
            <AltitudeMeters>200.8000030517578</AltitudeMeters>
            <DistanceMeters>6779.6298828125</DistanceMeters>
            <HeartRateBpm>
              <Value>150</Value>
            </HeartRateBpm>
            <Extensions>
              <ns3:TPX>
                <ns3:Speed>3.246999979019165</ns3:Speed>
                <ns3:RunCadence>88</ns3:RunCadence>
              </ns3:TPX>
            </Extensions>
          </Trackpoint>
          <Trackpoint>
            <Time>2026-01-11T09:49:17.000Z</Time>
            <Position>
              <LatitudeDegrees>38.91329166479409</LatitudeDegrees>
              <LongitudeDegrees>-6.347971418872476</LongitudeDegrees>
            </Position>
            <AltitudeMeters>201.39999389648438</AltitudeMeters>
            <DistanceMeters>6802.509765625</DistanceMeters>
            <HeartRateBpm>
              <Value>149</Value>
            </HeartRateBpm>
            <Extensions>
              <ns3:TPX>
                <ns3:Speed>3.23799991607666</ns3:Speed>
                <ns3:RunCadence>87</ns3:RunCadence>
              </ns3:TPX>
            </Extensions>
          </Trackpoint>
          <Trackpoint>
            <Time>2026-01-11T09:49:21.000Z</Time>
            <Position>
              <LatitudeDegrees>38.91338545829058</LatitudeDegrees>
              <LongitudeDegrees>-6.348062111064792</LongitudeDegrees>
            </Position>
            <AltitudeMeters>201.60000610351562</AltitudeMeters>
            <DistanceMeters>6815.56005859375</DistanceMeters>
            <HeartRateBpm>
              <Value>150</Value>
            </HeartRateBpm>
            <Extensions>
              <ns3:TPX>
                <ns3:Speed>3.23799991607666</ns3:Speed>
                <ns3:RunCadence>87</ns3:RunCadence>
              </ns3:TPX>
            </Extensions>
          </Trackpoint>
          <Trackpoint>
            <Time>2026-01-11T09:49:27.000Z</Time>
            <Position>
              <LatitudeDegrees>38.91355074942112</LatitudeDegrees>
              <LongitudeDegrees>-6.348181301727891</LongitudeDegrees>
            </Position>
            <AltitudeMeters>203.1999969482422</AltitudeMeters>
            <DistanceMeters>6836.580078125</DistanceMeters>
            <HeartRateBpm>
              <Value>150</Value>
            </HeartRateBpm>
            <Extensions>
              <ns3:TPX>
                <ns3:Speed>3.246999979019165</ns3:Speed>
                <ns3:RunCadence>87</ns3:RunCadence>
              </ns3:TPX>
            </Extensions>
          </Trackpoint>
          <Trackpoint>
            <Time>2026-01-11T09:49:31.000Z</Time>
            <Position>
              <LatitudeDegrees>38.91363431699574</LatitudeDegrees>
              <LongitudeDegrees>-6.34828339330852</LongitudeDegrees>
            </Position>
            <AltitudeMeters>203.39999389648438</AltitudeMeters>
            <DistanceMeters>6849.56982421875</DistanceMeters>
            <HeartRateBpm>
              <Value>150</Value>
            </HeartRateBpm>
            <Extensions>
              <ns3:TPX>
                <ns3:Speed>3.25600004196167</ns3:Speed>
                <ns3:RunCadence>87</ns3:RunCadence>
              </ns3:TPX>
            </Extensions>
          </Trackpoint>
          <Trackpoint>
            <Time>2026-01-11T09:49:37.000Z</Time>
            <Position>
              <LatitudeDegrees>38.91376909799874</LatitudeDegrees>
              <LongitudeDegrees>-6.348462430760264</LongitudeDegrees>
            </Position>
            <AltitudeMeters>204.0</AltitudeMeters>
            <DistanceMeters>6871.240234375</DistanceMeters>
            <HeartRateBpm>
              <Value>151</Value>
            </HeartRateBpm>
            <Extensions>
              <ns3:TPX>
                <ns3:Speed>3.2839999198913574</ns3:Speed>
                <ns3:RunCadence>87</ns3:RunCadence>
              </ns3:TPX>
            </Extensions>
          </Trackpoint>
          <Trackpoint>
            <Time>2026-01-11T09:49:39.000Z</Time>
            <Position>
              <LatitudeDegrees>38.913782592862844</LatitudeDegrees>
              <LongitudeDegrees>-6.3485366106033325</LongitudeDegrees>
            </Position>
            <AltitudeMeters>204.39999389648438</AltitudeMeters>
            <DistanceMeters>6877.85986328125</DistanceMeters>
            <HeartRateBpm>
              <Value>151</Value>
            </HeartRateBpm>
            <Extensions>
              <ns3:TPX>
                <ns3:Speed>3.302999973297119</ns3:Speed>
                <ns3:RunCadence>87</ns3:RunCadence>
              </ns3:TPX>
            </Extensions>
          </Trackpoint>
          <Trackpoint>
            <Time>2026-01-11T09:49:44.000Z</Time>
            <Position>
              <LatitudeDegrees>38.91387479379773</LatitudeDegrees>
              <LongitudeDegrees>-6.348679102957249</LongitudeDegrees>
            </Position>
            <AltitudeMeters>204.0</AltitudeMeters>
            <DistanceMeters>6894.31982421875</DistanceMeters>
            <HeartRateBpm>
              <Value>152</Value>
            </HeartRateBpm>
            <Extensions>
              <ns3:TPX>
                <ns3:Speed>3.3399999141693115</ns3:Speed>
                <ns3:RunCadence>86</ns3:RunCadence>
              </ns3:TPX>
            </Extensions>
          </Trackpoint>
          <Trackpoint>
            <Time>2026-01-11T09:49:50.000Z</Time>
            <Position>
              <LatitudeDegrees>38.91403455287218</LatitudeDegrees>
              <LongitudeDegrees>-6.34881941601634</LongitudeDegrees>
            </Position>
            <AltitudeMeters>204.60000610351562</AltitudeMeters>
            <DistanceMeters>6915.81005859375</DistanceMeters>
            <HeartRateBpm>
              <Value>153</Value>
            </HeartRateBpm>
            <Extensions>
              <ns3:TPX>
                <ns3:Speed>3.368000030517578</ns3:Speed>
                <ns3:RunCadence>84</ns3:RunCadence>
              </ns3:TPX>
            </Extensions>
          </Trackpoint>
          <Trackpoint>
            <Time>2026-01-11T09:49:53.000Z</Time>
            <Position>
              <LatitudeDegrees>38.914096327498555</LatitudeDegrees>
              <LongitudeDegrees>-6.348888147622347</LongitudeDegrees>
            </Position>
            <AltitudeMeters>204.39999389648438</AltitudeMeters>
            <DistanceMeters>6924.91015625</DistanceMeters>
            <HeartRateBpm>
              <Value>154</Value>
            </HeartRateBpm>
            <Extensions>
              <ns3:TPX>
                <ns3:Speed>3.378000020980835</ns3:Speed>
                <ns3:RunCadence>84</ns3:RunCadence>
              </ns3:TPX>
            </Extensions>
          </Trackpoint>
          <Trackpoint>
            <Time>2026-01-11T09:50:00.000Z</Time>
            <Position>
              <LatitudeDegrees>38.91423873603344</LatitudeDegrees>
              <LongitudeDegrees>-6.349033322185278</LongitudeDegrees>
            </Position>
            <AltitudeMeters>203.39999389648438</AltitudeMeters>
            <DistanceMeters>6945.14013671875</DistanceMeters>
            <HeartRateBpm>
              <Value>157</Value>
            </HeartRateBpm>
            <Extensions>
              <ns3:TPX>
                <ns3:Speed>3.378000020980835</ns3:Speed>
                <ns3:RunCadence>85</ns3:RunCadence>
              </ns3:TPX>
            </Extensions>
          </Trackpoint>
          <Trackpoint>
            <Time>2026-01-11T09:50:02.000Z</Time>
            <Position>
              <LatitudeDegrees>38.914275113493204</LatitudeDegrees>
              <LongitudeDegrees>-6.349067101255059</LongitudeDegrees>
            </Position>
            <AltitudeMeters>203.0</AltitudeMeters>
            <DistanceMeters>6950.1298828125</DistanceMeters>
            <HeartRateBpm>
              <Value>156</Value>
            </HeartRateBpm>
            <Extensions>
              <ns3:TPX>
                <ns3:Speed>3.368000030517578</ns3:Speed>
                <ns3:RunCadence>85</ns3:RunCadence>
              </ns3:TPX>
            </Extensions>
          </Trackpoint>
          <Trackpoint>
            <Time>2026-01-11T09:50:05.000Z</Time>
            <Position>
              <LatitudeDegrees>38.91432708129287</LatitudeDegrees>
              <LongitudeDegrees>-6.349107166752219</LongitudeDegrees>
            </Position>
            <AltitudeMeters>202.60000610351562</AltitudeMeters>
            <DistanceMeters>6956.9599609375</DistanceMeters>
            <HeartRateBpm>
              <Value>153</Value>
            </HeartRateBpm>
            <Extensions>
              <ns3:TPX>
                <ns3:Speed>3.25600004196167</ns3:Speed>
                <ns3:RunCadence>83</ns3:RunCadence>
              </ns3:TPX>
            </Extensions>
          </Trackpoint>
          <Trackpoint>
            <Time>2026-01-11T09:50:06.000Z</Time>
            <Position>
              <LatitudeDegrees>38.914348874241114</LatitudeDegrees>
              <LongitudeDegrees>-6.34909643791616</LongitudeDegrees>
            </Position>
            <AltitudeMeters>202.60000610351562</AltitudeMeters>
            <DistanceMeters>6959.5400390625</DistanceMeters>
            <HeartRateBpm>
              <Value>151</Value>
            </HeartRateBpm>
            <Extensions>
              <ns3:TPX>
                <ns3:Speed>3.1630001068115234</ns3:Speed>
                <ns3:RunCadence>82</ns3:RunCadence>
              </ns3:TPX>
            </Extensions>
          </Trackpoint>
          <Trackpoint>
            <Time>2026-01-11T09:50:07.000Z</Time>
            <Position>
              <LatitudeDegrees>38.914369409903884</LatitudeDegrees>
              <LongitudeDegrees>-6.349076488986611</LongitudeDegrees>
            </Position>
            <AltitudeMeters>202.39999389648438</AltitudeMeters>
            <DistanceMeters>6962.39990234375</DistanceMeters>
            <HeartRateBpm>
              <Value>150</Value>
            </HeartRateBpm>
            <Extensions>
              <ns3:TPX>
                <ns3:Speed>3.0510001182556152</ns3:Speed>
                <ns3:RunCadence>82</ns3:RunCadence>
              </ns3:TPX>
            </Extensions>
          </Trackpoint>
          <Trackpoint>
            <Time>2026-01-11T09:50:14.000Z</Time>
            <Position>
              <LatitudeDegrees>38.91448172740638</LatitudeDegrees>
              <LongitudeDegrees>-6.348889237269759</LongitudeDegrees>
            </Position>
            <AltitudeMeters>201.60000610351562</AltitudeMeters>
            <DistanceMeters>6982.89013671875</DistanceMeters>
            <HeartRateBpm>
              <Value>150</Value>
            </HeartRateBpm>
            <Extensions>
              <ns3:TPX>
                <ns3:Speed>2.809000015258789</ns3:Speed>
                <ns3:RunCadence>83</ns3:RunCadence>
              </ns3:TPX>
            </Extensions>
          </Trackpoint>
          <Trackpoint>
            <Time>2026-01-11T09:50:18.000Z</Time>
            <Position>
              <LatitudeDegrees>38.91454417258501</LatitudeDegrees>
              <LongitudeDegrees>-6.348786978051066</LongitudeDegrees>
            </Position>
            <AltitudeMeters>201.39999389648438</AltitudeMeters>
            <DistanceMeters>6994.1298828125</DistanceMeters>
            <HeartRateBpm>
              <Value>153</Value>
            </HeartRateBpm>
            <Extensions>
              <ns3:TPX>
                <ns3:Speed>2.76200008392334</ns3:Speed>
                <ns3:RunCadence>83</ns3:RunCadence>
              </ns3:TPX>
            </Extensions>
          </Trackpoint>
          <Trackpoint>
            <Time>2026-01-11T09:50:21.000Z</Time>
            <Position>
              <LatitudeDegrees>38.914596224203706</LatitudeDegrees>
              <LongitudeDegrees>-6.3487121276557446</LongitudeDegrees>
            </Position>
            <AltitudeMeters>201.60000610351562</AltitudeMeters>
            <DistanceMeters>7002.81982421875</DistanceMeters>
            <HeartRateBpm>
              <Value>155</Value>
            </HeartRateBpm>
            <Extensions>
              <ns3:TPX>
                <ns3:Speed>2.7899999618530273</ns3:Speed>
                <ns3:RunCadence>83</ns3:RunCadence>
              </ns3:TPX>
            </Extensions>
          </Trackpoint>
        </Track>
        <Extensions>
          <ns3:LX>
            <ns3:AvgSpeed>2.970999956130981</ns3:AvgSpeed>
            <ns3:AvgRunCadence>85</ns3:AvgRunCadence>
            <ns3:MaxRunCadence>88</ns3:MaxRunCadence>
          </ns3:LX>
        </Extensions>
      </Lap>
      <Lap StartTime="2026-01-11T09:50:22.000Z">
        <TotalTimeSeconds>353.081</TotalTimeSeconds>
        <DistanceMeters>1000.0</DistanceMeters>
        <MaximumSpeed>3.013999938964844</MaximumSpeed>
        <Calories>71</Calories>
        <AverageHeartRateBpm>
          <Value>141</Value>
        </AverageHeartRateBpm>
        <MaximumHeartRateBpm>
          <Value>157</Value>
        </MaximumHeartRateBpm>
        <Intensity>Active</Intensity>
        <TriggerMethod>Manual</TriggerMethod>
        <Track>
          <Trackpoint>
            <Time>2026-01-11T09:50:23.000Z</Time>
            <Position>
              <LatitudeDegrees>38.91462933272123</LatitudeDegrees>
              <LongitudeDegrees>-6.34866158477962</LongitudeDegrees>
            </Position>
            <AltitudeMeters>202.0</AltitudeMeters>
            <DistanceMeters>7008.5400390625</DistanceMeters>
            <HeartRateBpm>
              <Value>155</Value>
            </HeartRateBpm>
            <Extensions>
              <ns3:TPX>
                <ns3:Speed>2.8269999027252197</ns3:Speed>
                <ns3:RunCadence>84</ns3:RunCadence>
              </ns3:TPX>
            </Extensions>
          </Trackpoint>
          <Trackpoint>
            <Time>2026-01-11T09:50:30.000Z</Time>
            <Position>
              <LatitudeDegrees>38.91474357806146</LatitudeDegrees>
              <LongitudeDegrees>-6.3484729919582605</LongitudeDegrees>
            </Position>
            <AltitudeMeters>203.0</AltitudeMeters>
            <DistanceMeters>7029.240234375</DistanceMeters>
            <HeartRateBpm>
              <Value>157</Value>
            </HeartRateBpm>
            <Extensions>
              <ns3:TPX>
                <ns3:Speed>2.9110000133514404</ns3:Speed>
                <ns3:RunCadence>85</ns3:RunCadence>
              </ns3:TPX>
            </Extensions>
          </Trackpoint>
          <Trackpoint>
            <Time>2026-01-11T09:50:36.000Z</Time>
            <Position>
              <LatitudeDegrees>38.91484030522406</LatitudeDegrees>
              <LongitudeDegrees>-6.348314071074128</LongitudeDegrees>
            </Position>
            <AltitudeMeters>204.0</AltitudeMeters>
            <DistanceMeters>7046.7099609375</DistanceMeters>
            <HeartRateBpm>
              <Value>155</Value>
            </HeartRateBpm>
            <Extensions>
              <ns3:TPX>
                <ns3:Speed>2.9579999446868896</ns3:Speed>
                <ns3:RunCadence>84</ns3:RunCadence>
              </ns3:TPX>
            </Extensions>
          </Trackpoint>
          <Trackpoint>
            <Time>2026-01-11T09:50:43.000Z</Time>
            <Position>
              <LatitudeDegrees>38.91494776122272</LatitudeDegrees>
              <LongitudeDegrees>-6.348130004480481</LongitudeDegrees>
            </Position>
            <AltitudeMeters>205.39999389648438</AltitudeMeters>
            <DistanceMeters>7066.669921875</DistanceMeters>
            <HeartRateBpm>
              <Value>155</Value>
            </HeartRateBpm>
            <Extensions>
              <ns3:TPX>
                <ns3:Speed>2.947999954223633</ns3:Speed>
                <ns3:RunCadence>84</ns3:RunCadence>
              </ns3:TPX>
            </Extensions>
          </Trackpoint>
          <Trackpoint>
            <Time>2026-01-11T09:50:50.000Z</Time>
            <Position>
              <LatitudeDegrees>38.91506996937096</LatitudeDegrees>
              <LongitudeDegrees>-6.3479637913405895</LongitudeDegrees>
            </Position>
            <AltitudeMeters>207.0</AltitudeMeters>
            <DistanceMeters>7086.72021484375</DistanceMeters>
            <HeartRateBpm>
              <Value>155</Value>
            </HeartRateBpm>
            <Extensions>
              <ns3:TPX>
                <ns3:Speed>2.9670000076293945</ns3:Speed>
                <ns3:RunCadence>83</ns3:RunCadence>
              </ns3:TPX>
            </Extensions>
          </Trackpoint>
          <Trackpoint>
            <Time>2026-01-11T09:50:54.000Z</Time>
            <Position>
              <LatitudeDegrees>38.915169797837734</LatitudeDegrees>
              <LongitudeDegrees>-6.347951553761959</LongitudeDegrees>
            </Position>
            <AltitudeMeters>208.39999389648438</AltitudeMeters>
            <DistanceMeters>7098.10009765625</DistanceMeters>
            <HeartRateBpm>
              <Value>154</Value>
            </HeartRateBpm>
            <Extensions>
              <ns3:TPX>
                <ns3:Speed>2.9579999446868896</ns3:Speed>
                <ns3:RunCadence>84</ns3:RunCadence>
              </ns3:TPX>
            </Extensions>
          </Trackpoint>
          <Trackpoint>
            <Time>2026-01-11T09:50:55.000Z</Time>
            <Position>
              <LatitudeDegrees>38.915190836414695</LatitudeDegrees>
              <LongitudeDegrees>-6.347971251234412</LongitudeDegrees>
            </Position>
            <AltitudeMeters>208.60000610351562</AltitudeMeters>
            <DistanceMeters>7100.97998046875</DistanceMeters>
            <HeartRateBpm>
              <Value>154</Value>
            </HeartRateBpm>
            <Extensions>
              <ns3:TPX>
                <ns3:Speed>2.9579999446868896</ns3:Speed>
                <ns3:RunCadence>84</ns3:RunCadence>
              </ns3:TPX>
            </Extensions>
          </Trackpoint>
          <Trackpoint>
            <Time>2026-01-11T09:51:02.000Z</Time>
            <Position>
              <LatitudeDegrees>38.915354115888476</LatitudeDegrees>
              <LongitudeDegrees>-6.348127070814371</LongitudeDegrees>
            </Position>
            <AltitudeMeters>209.0</AltitudeMeters>
            <DistanceMeters>7123.68994140625</DistanceMeters>
            <HeartRateBpm>
              <Value>154</Value>
            </HeartRateBpm>
            <Extensions>
              <ns3:TPX>
                <ns3:Speed>2.938999891281128</ns3:Speed>
                <ns3:RunCadence>85</ns3:RunCadence>
              </ns3:TPX>
            </Extensions>
          </Trackpoint>
          <Trackpoint>
            <Time>2026-01-11T09:51:08.000Z</Time>
            <Position>
              <LatitudeDegrees>38.915445394814014</LatitudeDegrees>
              <LongitudeDegrees>-6.348312059417367</LongitudeDegrees>
            </Position>
            <AltitudeMeters>207.8000030517578</AltitudeMeters>
            <DistanceMeters>7142.75</DistanceMeters>
            <HeartRateBpm>
              <Value>154</Value>
            </HeartRateBpm>
            <Extensions>
              <ns3:TPX>
                <ns3:Speed>2.9670000076293945</ns3:Speed>
                <ns3:RunCadence>85</ns3:RunCadence>
              </ns3:TPX>
            </Extensions>
          </Trackpoint>
          <Trackpoint>
            <Time>2026-01-11T09:51:15.000Z</Time>
            <Position>
              <LatitudeDegrees>38.91555603593588</LatitudeDegrees>
              <LongitudeDegrees>-6.348518673330545</LongitudeDegrees>
            </Position>
            <AltitudeMeters>207.8000030517578</AltitudeMeters>
            <DistanceMeters>7164.4599609375</DistanceMeters>
            <HeartRateBpm>
              <Value>155</Value>
            </HeartRateBpm>
            <Extensions>
              <ns3:TPX>
                <ns3:Speed>2.994999885559082</ns3:Speed>
                <ns3:RunCadence>86</ns3:RunCadence>
              </ns3:TPX>
            </Extensions>
          </Trackpoint>
          <Trackpoint>
            <Time>2026-01-11T09:51:17.000Z</Time>
            <Position>
              <LatitudeDegrees>38.91558378003538</LatitudeDegrees>
              <LongitudeDegrees>-6.348582208156586</LongitudeDegrees>
            </Position>
            <AltitudeMeters>208.0</AltitudeMeters>
            <DistanceMeters>7170.759765625</DistanceMeters>
            <HeartRateBpm>
              <Value>155</Value>
            </HeartRateBpm>
            <Extensions>
              <ns3:TPX>
                <ns3:Speed>3.003999948501587</ns3:Speed>
                <ns3:RunCadence>86</ns3:RunCadence>
              </ns3:TPX>
            </Extensions>
          </Trackpoint>
          <Trackpoint>
            <Time>2026-01-11T09:51:20.000Z</Time>
            <Position>
              <LatitudeDegrees>38.91564019024372</LatitudeDegrees>
              <LongitudeDegrees>-6.34866644628346</LongitudeDegrees>
            </Position>
            <AltitudeMeters>208.8000030517578</AltitudeMeters>
            <DistanceMeters>7180.3701171875</DistanceMeters>
            <HeartRateBpm>
              <Value>155</Value>
            </HeartRateBpm>
            <Extensions>
              <ns3:TPX>
                <ns3:Speed>3.0139999389648438</ns3:Speed>
                <ns3:RunCadence>85</ns3:RunCadence>
              </ns3:TPX>
            </Extensions>
          </Trackpoint>
          <Trackpoint>
            <Time>2026-01-11T09:53:56.000Z</Time>
            <Position>
              <LatitudeDegrees>38.91576415859163</LatitudeDegrees>
              <LongitudeDegrees>-6.3488243613392115</LongitudeDegrees>
            </Position>
            <AltitudeMeters>209.60000610351562</AltitudeMeters>
            <DistanceMeters>7180.3701171875</DistanceMeters>
            <HeartRateBpm>
              <Value>113</Value>
            </HeartRateBpm>
            <Extensions>
              <ns3:TPX>
                <ns3:Speed>0.0</ns3:Speed>
                <ns3:RunCadence>0</ns3:RunCadence>
              </ns3:TPX>
            </Extensions>
          </Trackpoint>
          <Trackpoint>
            <Time>2026-01-11T09:53:57.000Z</Time>
            <Position>
              <LatitudeDegrees>38.91576969064772</LatitudeDegrees>
              <LongitudeDegrees>-6.3488302286714315</LongitudeDegrees>
            </Position>
            <AltitudeMeters>209.60000610351562</AltitudeMeters>
            <DistanceMeters>7181.16015625</DistanceMeters>
            <HeartRateBpm>
              <Value>113</Value>
            </HeartRateBpm>
            <Extensions>
              <ns3:TPX>
                <ns3:Speed>0.0</ns3:Speed>
                <ns3:RunCadence>0</ns3:RunCadence>
              </ns3:TPX>
            </Extensions>
          </Trackpoint>
          <Trackpoint>
            <Time>2026-01-11T09:54:05.000Z</Time>
            <Position>
              <LatitudeDegrees>38.91584579832852</LatitudeDegrees>
              <LongitudeDegrees>-6.348895272240043</LongitudeDegrees>
            </Position>
            <AltitudeMeters>210.1999969482422</AltitudeMeters>
            <DistanceMeters>7191.35009765625</DistanceMeters>
            <HeartRateBpm>
              <Value>112</Value>
            </HeartRateBpm>
            <Extensions>
              <ns3:TPX>
                <ns3:Speed>0.0</ns3:Speed>
                <ns3:RunCadence>56</ns3:RunCadence>
              </ns3:TPX>
            </Extensions>
          </Trackpoint>
          <Trackpoint>
            <Time>2026-01-11T09:54:10.000Z</Time>
            <Position>
              <LatitudeDegrees>38.9159453753382</LatitudeDegrees>
              <LongitudeDegrees>-6.348999626934528</LongitudeDegrees>
            </Position>
            <AltitudeMeters>210.39999389648438</AltitudeMeters>
            <DistanceMeters>7205.64013671875</DistanceMeters>
            <HeartRateBpm>
              <Value>116</Value>
            </HeartRateBpm>
            <Extensions>
              <ns3:TPX>
                <ns3:Speed>1.128999948501587</ns3:Speed>
                <ns3:RunCadence>87</ns3:RunCadence>
              </ns3:TPX>
            </Extensions>
          </Trackpoint>
          <Trackpoint>
            <Time>2026-01-11T09:54:14.000Z</Time>
            <Position>
              <LatitudeDegrees>38.91603061929345</LatitudeDegrees>
              <LongitudeDegrees>-6.349087301641703</LongitudeDegrees>
            </Position>
            <AltitudeMeters>210.39999389648438</AltitudeMeters>
            <DistanceMeters>7217.77001953125</DistanceMeters>
            <HeartRateBpm>
              <Value>120</Value>
            </HeartRateBpm>
            <Extensions>
              <ns3:TPX>
                <ns3:Speed>2.6589999198913574</ns3:Speed>
                <ns3:RunCadence>86</ns3:RunCadence>
              </ns3:TPX>
            </Extensions>
          </Trackpoint>
          <Trackpoint>
            <Time>2026-01-11T09:54:16.000Z</Time>
            <Position>
              <LatitudeDegrees>38.916074791923165</LatitudeDegrees>
              <LongitudeDegrees>-6.349125690758228</LongitudeDegrees>
            </Position>
            <AltitudeMeters>210.8000030517578</AltitudeMeters>
            <DistanceMeters>7223.669921875</DistanceMeters>
            <HeartRateBpm>
              <Value>123</Value>
            </HeartRateBpm>
            <Extensions>
              <ns3:TPX>
                <ns3:Speed>2.7249999046325684</ns3:Speed>
                <ns3:RunCadence>86</ns3:RunCadence>
              </ns3:TPX>
            </Extensions>
          </Trackpoint>
          <Trackpoint>
            <Time>2026-01-11T09:54:18.000Z</Time>
            <Position>
              <LatitudeDegrees>38.91611594706774</LatitudeDegrees>
              <LongitudeDegrees>-6.3491586316376925</LongitudeDegrees>
            </Position>
            <AltitudeMeters>211.0</AltitudeMeters>
            <DistanceMeters>7229.02978515625</DistanceMeters>
            <HeartRateBpm>
              <Value>125</Value>
            </HeartRateBpm>
            <Extensions>
              <ns3:TPX>
                <ns3:Speed>2.7709999084472656</ns3:Speed>
                <ns3:RunCadence>85</ns3:RunCadence>
              </ns3:TPX>
            </Extensions>
          </Trackpoint>
          <Trackpoint>
            <Time>2026-01-11T09:54:26.000Z</Time>
            <Position>
              <LatitudeDegrees>38.91627738252282</LatitudeDegrees>
              <LongitudeDegrees>-6.3493135292083025</LongitudeDegrees>
            </Position>
            <AltitudeMeters>210.60000610351562</AltitudeMeters>
            <DistanceMeters>7251.41015625</DistanceMeters>
            <HeartRateBpm>
              <Value>125</Value>
            </HeartRateBpm>
            <Extensions>
              <ns3:TPX>
                <ns3:Speed>2.7249999046325684</ns3:Speed>
                <ns3:RunCadence>85</ns3:RunCadence>
              </ns3:TPX>
            </Extensions>
          </Trackpoint>
          <Trackpoint>
            <Time>2026-01-11T09:54:27.000Z</Time>
            <Position>
              <LatitudeDegrees>38.91629917547107</LatitudeDegrees>
              <LongitudeDegrees>-6.349333394318819</LongitudeDegrees>
            </Position>
            <AltitudeMeters>210.60000610351562</AltitudeMeters>
            <DistanceMeters>7254.3701171875</DistanceMeters>
            <HeartRateBpm>
              <Value>126</Value>
            </HeartRateBpm>
            <Extensions>
              <ns3:TPX>
                <ns3:Speed>2.7249999046325684</ns3:Speed>
                <ns3:RunCadence>85</ns3:RunCadence>
              </ns3:TPX>
            </Extensions>
          </Trackpoint>
          <Trackpoint>
            <Time>2026-01-11T09:54:33.000Z</Time>
            <Position>
              <LatitudeDegrees>38.916415348649025</LatitudeDegrees>
              <LongitudeDegrees>-6.3494395930320024</LongitudeDegrees>
            </Position>
            <AltitudeMeters>212.0</AltitudeMeters>
            <DistanceMeters>7270.2900390625</DistanceMeters>
            <HeartRateBpm>
              <Value>129</Value>
            </HeartRateBpm>
            <Extensions>
              <ns3:TPX>
                <ns3:Speed>2.7339999675750732</ns3:Speed>
                <ns3:RunCadence>85</ns3:RunCadence>
              </ns3:TPX>
            </Extensions>
          </Trackpoint>
          <Trackpoint>
            <Time>2026-01-11T09:54:35.000Z</Time>
            <Position>
              <LatitudeDegrees>38.91645583324134</LatitudeDegrees>
              <LongitudeDegrees>-6.349491057917476</LongitudeDegrees>
            </Position>
            <AltitudeMeters>212.1999969482422</AltitudeMeters>
            <DistanceMeters>7276.58984375</DistanceMeters>
            <HeartRateBpm>
              <Value>129</Value>
            </HeartRateBpm>
            <Extensions>
              <ns3:TPX>
                <ns3:Speed>2.7339999675750732</ns3:Speed>
                <ns3:RunCadence>85</ns3:RunCadence>
              </ns3:TPX>
            </Extensions>
          </Trackpoint>
          <Trackpoint>
            <Time>2026-01-11T09:54:41.000Z</Time>
            <Position>
              <LatitudeDegrees>38.91657141968608</LatitudeDegrees>
              <LongitudeDegrees>-6.349591976031661</LongitudeDegrees>
            </Position>
            <AltitudeMeters>212.60000610351562</AltitudeMeters>
            <DistanceMeters>7292.06982421875</DistanceMeters>
            <HeartRateBpm>
              <Value>131</Value>
            </HeartRateBpm>
            <Extensions>
              <ns3:TPX>
                <ns3:Speed>2.7339999675750732</ns3:Speed>
                <ns3:RunCadence>84</ns3:RunCadence>
              </ns3:TPX>
            </Extensions>
          </Trackpoint>
          <Trackpoint>
            <Time>2026-01-11T09:54:48.000Z</Time>
            <Position>
              <LatitudeDegrees>38.916691364720464</LatitudeDegrees>
              <LongitudeDegrees>-6.3496960792690516</LongitudeDegrees>
            </Position>
            <AltitudeMeters>213.60000610351562</AltitudeMeters>
            <DistanceMeters>7308.16015625</DistanceMeters>
            <HeartRateBpm>
              <Value>134</Value>
            </HeartRateBpm>
            <Extensions>
              <ns3:TPX>
                <ns3:Speed>2.687000036239624</ns3:Speed>
                <ns3:RunCadence>85</ns3:RunCadence>
              </ns3:TPX>
            </Extensions>
          </Trackpoint>
          <Trackpoint>
            <Time>2026-01-11T09:54:50.000Z</Time>
            <Position>
              <LatitudeDegrees>38.91672648489475</LatitudeDegrees>
              <LongitudeDegrees>-6.349729020148516</LongitudeDegrees>
            </Position>
            <AltitudeMeters>213.60000610351562</AltitudeMeters>
            <DistanceMeters>7312.93994140625</DistanceMeters>
            <HeartRateBpm>
              <Value>134</Value>
            </HeartRateBpm>
            <Extensions>
              <ns3:TPX>
                <ns3:Speed>2.677999973297119</ns3:Speed>
                <ns3:RunCadence>85</ns3:RunCadence>
              </ns3:TPX>
            </Extensions>
          </Trackpoint>
          <Trackpoint>
            <Time>2026-01-11T09:54:57.000Z</Time>
            <Position>
              <LatitudeDegrees>38.916880041360855</LatitudeDegrees>
              <LongitudeDegrees>-6.349863717332482</LongitudeDegrees>
            </Position>
            <AltitudeMeters>214.0</AltitudeMeters>
            <DistanceMeters>7333.64990234375</DistanceMeters>
            <HeartRateBpm>
              <Value>135</Value>
            </HeartRateBpm>
            <Extensions>
              <ns3:TPX>
                <ns3:Speed>2.6410000324249268</ns3:Speed>
                <ns3:RunCadence>84</ns3:RunCadence>
              </ns3:TPX>
            </Extensions>
          </Trackpoint>
          <Trackpoint>
            <Time>2026-01-11T09:55:03.000Z</Time>
            <Position>
              <LatitudeDegrees>38.916977774351835</LatitudeDegrees>
              <LongitudeDegrees>-6.349998749792576</LongitudeDegrees>
            </Position>
            <AltitudeMeters>212.1999969482422</AltitudeMeters>
            <DistanceMeters>7349.3798828125</DistanceMeters>
            <HeartRateBpm>
              <Value>136</Value>
            </HeartRateBpm>
            <Extensions>
              <ns3:TPX>
                <ns3:Speed>2.6410000324249268</ns3:Speed>
                <ns3:RunCadence>85</ns3:RunCadence>
              </ns3:TPX>
            </Extensions>
          </Trackpoint>
          <Trackpoint>
            <Time>2026-01-11T09:55:11.000Z</Time>
            <Position>
              <LatitudeDegrees>38.91712697222829</LatitudeDegrees>
              <LongitudeDegrees>-6.350152976810932</LongitudeDegrees>
            </Position>
            <AltitudeMeters>210.60000610351562</AltitudeMeters>
            <DistanceMeters>7370.66015625</DistanceMeters>
            <HeartRateBpm>
              <Value>138</Value>
            </HeartRateBpm>
            <Extensions>
              <ns3:TPX>
                <ns3:Speed>2.6029999256134033</ns3:Speed>
                <ns3:RunCadence>85</ns3:RunCadence>
              </ns3:TPX>
            </Extensions>
          </Trackpoint>
          <Trackpoint>
            <Time>2026-01-11T09:55:19.000Z</Time>
            <Position>
              <LatitudeDegrees>38.91727373935282</LatitudeDegrees>
              <LongitudeDegrees>-6.350311394780874</LongitudeDegrees>
            </Position>
            <AltitudeMeters>209.8000030517578</AltitudeMeters>
            <DistanceMeters>7391.97998046875</DistanceMeters>
            <HeartRateBpm>
              <Value>140</Value>
            </HeartRateBpm>
            <Extensions>
              <ns3:TPX>
                <ns3:Speed>2.6029999256134033</ns3:Speed>
                <ns3:RunCadence>85</ns3:RunCadence>
              </ns3:TPX>
            </Extensions>
          </Trackpoint>
          <Trackpoint>
            <Time>2026-01-11T09:55:20.000Z</Time>
            <Position>
              <LatitudeDegrees>38.91729259863496</LatitudeDegrees>
              <LongitudeDegrees>-6.350329080596566</LongitudeDegrees>
            </Position>
            <AltitudeMeters>209.60000610351562</AltitudeMeters>
            <DistanceMeters>7394.580078125</DistanceMeters>
            <HeartRateBpm>
              <Value>140</Value>
            </HeartRateBpm>
            <Extensions>
              <ns3:TPX>
                <ns3:Speed>2.6029999256134033</ns3:Speed>
                <ns3:RunCadence>85</ns3:RunCadence>
              </ns3:TPX>
            </Extensions>
          </Trackpoint>
          <Trackpoint>
            <Time>2026-01-11T09:55:27.000Z</Time>
            <Position>
              <LatitudeDegrees>38.917436096817255</LatitudeDegrees>
              <LongitudeDegrees>-6.35047827847302</LongitudeDegrees>
            </Position>
            <AltitudeMeters>209.0</AltitudeMeters>
            <DistanceMeters>7415.14990234375</DistanceMeters>
            <HeartRateBpm>
              <Value>141</Value>
            </HeartRateBpm>
            <Extensions>
              <ns3:TPX>
                <ns3:Speed>2.621999979019165</ns3:Speed>
                <ns3:RunCadence>86</ns3:RunCadence>
              </ns3:TPX>
            </Extensions>
          </Trackpoint>
          <Trackpoint>
            <Time>2026-01-11T09:55:29.000Z</Time>
            <Position>
              <LatitudeDegrees>38.91746358945966</LatitudeDegrees>
              <LongitudeDegrees>-6.350537538528442</LongitudeDegrees>
            </Position>
            <AltitudeMeters>208.8000030517578</AltitudeMeters>
            <DistanceMeters>7421.1201171875</DistanceMeters>
            <HeartRateBpm>
              <Value>141</Value>
            </HeartRateBpm>
            <Extensions>
              <ns3:TPX>
                <ns3:Speed>2.6410000324249268</ns3:Speed>
                <ns3:RunCadence>86</ns3:RunCadence>
              </ns3:TPX>
            </Extensions>
          </Trackpoint>
          <Trackpoint>
            <Time>2026-01-11T09:55:37.000Z</Time>
            <Position>
              <LatitudeDegrees>38.91758537851274</LatitudeDegrees>
              <LongitudeDegrees>-6.350743900984526</LongitudeDegrees>
            </Position>
            <AltitudeMeters>208.8000030517578</AltitudeMeters>
            <DistanceMeters>7444.10009765625</DistanceMeters>
            <HeartRateBpm>
              <Value>142</Value>
            </HeartRateBpm>
            <Extensions>
              <ns3:TPX>
                <ns3:Speed>2.7060000896453857</ns3:Speed>
                <ns3:RunCadence>84</ns3:RunCadence>
              </ns3:TPX>
            </Extensions>
          </Trackpoint>
          <Trackpoint>
            <Time>2026-01-11T09:55:38.000Z</Time>
            <Position>
              <LatitudeDegrees>38.917608093470335</LatitudeDegrees>
              <LongitudeDegrees>-6.350764688104391</LongitudeDegrees>
            </Position>
            <AltitudeMeters>209.0</AltitudeMeters>
            <DistanceMeters>7447.2001953125</DistanceMeters>
            <HeartRateBpm>
              <Value>142</Value>
            </HeartRateBpm>
            <Extensions>
              <ns3:TPX>
                <ns3:Speed>2.7149999141693115</ns3:Speed>
                <ns3:RunCadence>84</ns3:RunCadence>
              </ns3:TPX>
            </Extensions>
          </Trackpoint>
          <Trackpoint>
            <Time>2026-01-11T09:55:41.000Z</Time>
            <Position>
              <LatitudeDegrees>38.91764547675848</LatitudeDegrees>
              <LongitudeDegrees>-6.350843058899045</LongitudeDegrees>
            </Position>
            <AltitudeMeters>209.0</AltitudeMeters>
            <DistanceMeters>7455.3798828125</DistanceMeters>
            <HeartRateBpm>
              <Value>142</Value>
            </HeartRateBpm>
            <Extensions>
              <ns3:TPX>
                <ns3:Speed>2.7339999675750732</ns3:Speed>
                <ns3:RunCadence>85</ns3:RunCadence>
              </ns3:TPX>
            </Extensions>
          </Trackpoint>
          <Trackpoint>
            <Time>2026-01-11T09:55:42.000Z</Time>
            <Position>
              <LatitudeDegrees>38.917646231129766</LatitudeDegrees>
              <LongitudeDegrees>-6.350872730836272</LongitudeDegrees>
            </Position>
            <AltitudeMeters>208.8000030517578</AltitudeMeters>
            <DistanceMeters>7457.93994140625</DistanceMeters>
            <HeartRateBpm>
              <Value>142</Value>
            </HeartRateBpm>
            <Extensions>
              <ns3:TPX>
                <ns3:Speed>2.743000030517578</ns3:Speed>
                <ns3:RunCadence>85</ns3:RunCadence>
              </ns3:TPX>
            </Extensions>
          </Trackpoint>
          <Trackpoint>
            <Time>2026-01-11T09:55:48.000Z</Time>
            <Position>
              <LatitudeDegrees>38.917601304128766</LatitudeDegrees>
              <LongitudeDegrees>-6.351031567901373</LongitudeDegrees>
            </Position>
            <AltitudeMeters>207.1999969482422</AltitudeMeters>
            <DistanceMeters>7472.64990234375</DistanceMeters>
            <HeartRateBpm>
              <Value>142</Value>
            </HeartRateBpm>
            <Extensions>
              <ns3:TPX>
                <ns3:Speed>2.743000030517578</ns3:Speed>
                <ns3:RunCadence>84</ns3:RunCadence>
              </ns3:TPX>
            </Extensions>
          </Trackpoint>
          <Trackpoint>
            <Time>2026-01-11T09:55:56.000Z</Time>
            <Position>
              <LatitudeDegrees>38.917529974132776</LatitudeDegrees>
              <LongitudeDegrees>-6.351261483505368</LongitudeDegrees>
            </Position>
            <AltitudeMeters>205.0</AltitudeMeters>
            <DistanceMeters>7494.10986328125</DistanceMeters>
            <HeartRateBpm>
              <Value>142</Value>
            </HeartRateBpm>
            <Extensions>
              <ns3:TPX>
                <ns3:Speed>2.7060000896453857</ns3:Speed>
                <ns3:RunCadence>85</ns3:RunCadence>
              </ns3:TPX>
            </Extensions>
          </Trackpoint>
          <Trackpoint>
            <Time>2026-01-11T09:55:58.000Z</Time>
            <Position>
              <LatitudeDegrees>38.917511366307735</LatitudeDegrees>
              <LongitudeDegrees>-6.35131923481822</LongitudeDegrees>
            </Position>
            <AltitudeMeters>204.39999389648438</AltitudeMeters>
            <DistanceMeters>7499.52001953125</DistanceMeters>
            <HeartRateBpm>
              <Value>143</Value>
            </HeartRateBpm>
            <Extensions>
              <ns3:TPX>
                <ns3:Speed>2.7060000896453857</ns3:Speed>
                <ns3:RunCadence>85</ns3:RunCadence>
              </ns3:TPX>
            </Extensions>
          </Trackpoint>
          <Trackpoint>
            <Time>2026-01-11T09:56:06.000Z</Time>
            <Position>
              <LatitudeDegrees>38.91743819229305</LatitudeDegrees>
              <LongitudeDegrees>-6.351556275039911</LongitudeDegrees>
            </Position>
            <AltitudeMeters>203.1999969482422</AltitudeMeters>
            <DistanceMeters>7521.6201171875</DistanceMeters>
            <HeartRateBpm>
              <Value>143</Value>
            </HeartRateBpm>
            <Extensions>
              <ns3:TPX>
                <ns3:Speed>2.7149999141693115</ns3:Speed>
                <ns3:RunCadence>84</ns3:RunCadence>
              </ns3:TPX>
            </Extensions>
          </Trackpoint>
          <Trackpoint>
            <Time>2026-01-11T09:56:09.000Z</Time>
            <Position>
              <LatitudeDegrees>38.91740734688938</LatitudeDegrees>
              <LongitudeDegrees>-6.351637411862612</LongitudeDegrees>
            </Position>
            <AltitudeMeters>202.8000030517578</AltitudeMeters>
            <DistanceMeters>7529.43994140625</DistanceMeters>
            <HeartRateBpm>
              <Value>143</Value>
            </HeartRateBpm>
            <Extensions>
              <ns3:TPX>
                <ns3:Speed>2.7149999141693115</ns3:Speed>
                <ns3:RunCadence>85</ns3:RunCadence>
              </ns3:TPX>
            </Extensions>
          </Trackpoint>
          <Trackpoint>
            <Time>2026-01-11T09:56:17.000Z</Time>
            <Position>
              <LatitudeDegrees>38.917337357997894</LatitudeDegrees>
              <LongitudeDegrees>-6.351870344951749</LongitudeDegrees>
            </Position>
            <AltitudeMeters>203.0</AltitudeMeters>
            <DistanceMeters>7551.08984375</DistanceMeters>
            <HeartRateBpm>
              <Value>143</Value>
            </HeartRateBpm>
            <Extensions>
              <ns3:TPX>
                <ns3:Speed>2.7249999046325684</ns3:Speed>
                <ns3:RunCadence>84</ns3:RunCadence>
              </ns3:TPX>
            </Extensions>
          </Trackpoint>
          <Trackpoint>
            <Time>2026-01-11T09:56:20.000Z</Time>
            <Position>
              <LatitudeDegrees>38.91731020063162</LatitudeDegrees>
              <LongitudeDegrees>-6.35195785202086</LongitudeDegrees>
            </Position>
            <AltitudeMeters>203.1999969482422</AltitudeMeters>
            <DistanceMeters>7559.259765625</DistanceMeters>
            <HeartRateBpm>
              <Value>143</Value>
            </HeartRateBpm>
            <Extensions>
              <ns3:TPX>
                <ns3:Speed>2.7249999046325684</ns3:Speed>
                <ns3:RunCadence>85</ns3:RunCadence>
              </ns3:TPX>
            </Extensions>
          </Trackpoint>
          <Trackpoint>
            <Time>2026-01-11T09:56:28.000Z</Time>
            <Position>
              <LatitudeDegrees>38.91724289394915</LatitudeDegrees>
              <LongitudeDegrees>-6.352188354358077</LongitudeDegrees>
            </Position>
            <AltitudeMeters>204.39999389648438</AltitudeMeters>
            <DistanceMeters>7580.60009765625</DistanceMeters>
            <HeartRateBpm>
              <Value>141</Value>
            </HeartRateBpm>
            <Extensions>
              <ns3:TPX>
                <ns3:Speed>2.7249999046325684</ns3:Speed>
                <ns3:RunCadence>84</ns3:RunCadence>
              </ns3:TPX>
            </Extensions>
          </Trackpoint>
          <Trackpoint>
            <Time>2026-01-11T09:56:32.000Z</Time>
            <Position>
              <LatitudeDegrees>38.91720559448004</LatitudeDegrees>
              <LongitudeDegrees>-6.352303186431527</LongitudeDegrees>
            </Position>
            <AltitudeMeters>206.60000610351562</AltitudeMeters>
            <DistanceMeters>7591.3798828125</DistanceMeters>
            <HeartRateBpm>
              <Value>141</Value>
            </HeartRateBpm>
            <Extensions>
              <ns3:TPX>
                <ns3:Speed>2.7249999046325684</ns3:Speed>
                <ns3:RunCadence>85</ns3:RunCadence>
              </ns3:TPX>
            </Extensions>
          </Trackpoint>
          <Trackpoint>
            <Time>2026-01-11T09:56:40.000Z</Time>
            <Position>
              <LatitudeDegrees>38.91713384538889</LatitudeDegrees>
              <LongitudeDegrees>-6.352539639919996</LongitudeDegrees>
            </Position>
            <AltitudeMeters>208.39999389648438</AltitudeMeters>
            <DistanceMeters>7613.43994140625</DistanceMeters>
            <HeartRateBpm>
              <Value>140</Value>
            </HeartRateBpm>
            <Extensions>
              <ns3:TPX>
                <ns3:Speed>2.7249999046325684</ns3:Speed>
                <ns3:RunCadence>86</ns3:RunCadence>
              </ns3:TPX>
            </Extensions>
          </Trackpoint>
          <Trackpoint>
            <Time>2026-01-11T09:56:42.000Z</Time>
            <Position>
              <LatitudeDegrees>38.91711833886802</LatitudeDegrees>
              <LongitudeDegrees>-6.352596888318658</LongitudeDegrees>
            </Position>
            <AltitudeMeters>208.8000030517578</AltitudeMeters>
            <DistanceMeters>7618.68994140625</DistanceMeters>
            <HeartRateBpm>
              <Value>140</Value>
            </HeartRateBpm>
            <Extensions>
              <ns3:TPX>
                <ns3:Speed>2.7339999675750732</ns3:Speed>
                <ns3:RunCadence>85</ns3:RunCadence>
              </ns3:TPX>
            </Extensions>
          </Trackpoint>
          <Trackpoint>
            <Time>2026-01-11T09:56:43.000Z</Time>
            <Position>
              <LatitudeDegrees>38.91711825504899</LatitudeDegrees>
              <LongitudeDegrees>-6.352630332112312</LongitudeDegrees>
            </Position>
            <AltitudeMeters>208.8000030517578</AltitudeMeters>
            <DistanceMeters>7621.580078125</DistanceMeters>
            <HeartRateBpm>
              <Value>140</Value>
            </HeartRateBpm>
            <Extensions>
              <ns3:TPX>
                <ns3:Speed>2.7339999675750732</ns3:Speed>
                <ns3:RunCadence>84</ns3:RunCadence>
              </ns3:TPX>
            </Extensions>
          </Trackpoint>
          <Trackpoint>
            <Time>2026-01-11T09:56:46.000Z</Time>
            <Position>
              <LatitudeDegrees>38.91710861586034</LatitudeDegrees>
              <LongitudeDegrees>-6.3527294062078</LongitudeDegrees>
            </Position>
            <AltitudeMeters>208.8000030517578</AltitudeMeters>
            <DistanceMeters>7630.22998046875</DistanceMeters>
            <HeartRateBpm>
              <Value>140</Value>
            </HeartRateBpm>
            <Extensions>
              <ns3:TPX>
                <ns3:Speed>2.7339999675750732</ns3:Speed>
                <ns3:RunCadence>83</ns3:RunCadence>
              </ns3:TPX>
            </Extensions>
          </Trackpoint>
          <Trackpoint>
            <Time>2026-01-11T09:56:51.000Z</Time>
            <Position>
              <LatitudeDegrees>38.91705472022295</LatitudeDegrees>
              <LongitudeDegrees>-6.352860247716308</LongitudeDegrees>
            </Position>
            <AltitudeMeters>209.60000610351562</AltitudeMeters>
            <DistanceMeters>7642.89990234375</DistanceMeters>
            <HeartRateBpm>
              <Value>141</Value>
            </HeartRateBpm>
            <Extensions>
              <ns3:TPX>
                <ns3:Speed>2.7249999046325684</ns3:Speed>
                <ns3:RunCadence>86</ns3:RunCadence>
              </ns3:TPX>
            </Extensions>
          </Trackpoint>
          <Trackpoint>
            <Time>2026-01-11T09:56:54.000Z</Time>
            <AltitudeMeters>220.39999389648438</AltitudeMeters>
            <DistanceMeters>7646.14013671875</DistanceMeters>
            <HeartRateBpm>
              <Value>142</Value>
            </HeartRateBpm>
            <Extensions>
              <ns3:TPX>
                <ns3:Speed>1.0800000429153442</ns3:Speed>
                <ns3:RunCadence>86</ns3:RunCadence>
              </ns3:TPX>
            </Extensions>
          </Trackpoint>
          <Trackpoint>
            <Time>2026-01-11T09:56:59.000Z</Time>
            <Position>
              <LatitudeDegrees>38.91696821898222</LatitudeDegrees>
              <LongitudeDegrees>-6.353099383413792</LongitudeDegrees>
            </Position>
            <AltitudeMeters>210.8000030517578</AltitudeMeters>
            <DistanceMeters>7673.89013671875</DistanceMeters>
            <HeartRateBpm>
              <Value>142</Value>
            </HeartRateBpm>
            <Extensions>
              <ns3:TPX>
                <ns3:Speed>2.7339999675750732</ns3:Speed>
                <ns3:RunCadence>85</ns3:RunCadence>
              </ns3:TPX>
            </Extensions>
          </Trackpoint>
          <Trackpoint>
            <Time>2026-01-11T09:57:01.000Z</Time>
            <Position>
              <LatitudeDegrees>38.91695614904165</LatitudeDegrees>
              <LongitudeDegrees>-6.353168115019798</LongitudeDegrees>
            </Position>
            <AltitudeMeters>210.39999389648438</AltitudeMeters>
            <DistanceMeters>7679.990234375</DistanceMeters>
            <HeartRateBpm>
              <Value>142</Value>
            </HeartRateBpm>
            <Extensions>
              <ns3:TPX>
                <ns3:Speed>2.7339999675750732</ns3:Speed>
                <ns3:RunCadence>85</ns3:RunCadence>
              </ns3:TPX>
            </Extensions>
          </Trackpoint>
          <Trackpoint>
            <Time>2026-01-11T09:57:09.000Z</Time>
            <Position>
              <LatitudeDegrees>38.916865875944495</LatitudeDegrees>
              <LongitudeDegrees>-6.353401634842157</LongitudeDegrees>
            </Position>
            <AltitudeMeters>212.0</AltitudeMeters>
            <DistanceMeters>7702.77978515625</DistanceMeters>
            <HeartRateBpm>
              <Value>143</Value>
            </HeartRateBpm>
            <Extensions>
              <ns3:TPX>
                <ns3:Speed>2.7339999675750732</ns3:Speed>
                <ns3:RunCadence>87</ns3:RunCadence>
              </ns3:TPX>
            </Extensions>
          </Trackpoint>
          <Trackpoint>
            <Time>2026-01-11T09:57:17.000Z</Time>
            <Position>
              <LatitudeDegrees>38.916810220107436</LatitudeDegrees>
              <LongitudeDegrees>-6.3536519184708595</LongitudeDegrees>
            </Position>
            <AltitudeMeters>213.39999389648438</AltitudeMeters>
            <DistanceMeters>7725.5</DistanceMeters>
            <HeartRateBpm>
              <Value>143</Value>
            </HeartRateBpm>
            <Extensions>
              <ns3:TPX>
                <ns3:Speed>2.7809998989105225</ns3:Speed>
                <ns3:RunCadence>86</ns3:RunCadence>
              </ns3:TPX>
            </Extensions>
          </Trackpoint>
          <Trackpoint>
            <Time>2026-01-11T09:57:18.000Z</Time>
            <Position>
              <LatitudeDegrees>38.91680116765201</LatitudeDegrees>
              <LongitudeDegrees>-6.35368125513196</LongitudeDegrees>
            </Position>
            <AltitudeMeters>213.39999389648438</AltitudeMeters>
            <DistanceMeters>7728.22998046875</DistanceMeters>
            <HeartRateBpm>
              <Value>144</Value>
            </HeartRateBpm>
            <Extensions>
              <ns3:TPX>
                <ns3:Speed>2.7809998989105225</ns3:Speed>
                <ns3:RunCadence>86</ns3:RunCadence>
              </ns3:TPX>
            </Extensions>
          </Trackpoint>
          <Trackpoint>
            <Time>2026-01-11T09:57:26.000Z</Time>
            <Position>
              <LatitudeDegrees>38.91672673635185</LatitudeDegrees>
              <LongitudeDegrees>-6.353916367515922</LongitudeDegrees>
            </Position>
            <AltitudeMeters>213.0</AltitudeMeters>
            <DistanceMeters>7750.22998046875</DistanceMeters>
            <HeartRateBpm>
              <Value>144</Value>
            </HeartRateBpm>
            <Extensions>
              <ns3:TPX>
                <ns3:Speed>2.7809998989105225</ns3:Speed>
                <ns3:RunCadence>86</ns3:RunCadence>
              </ns3:TPX>
            </Extensions>
          </Trackpoint>
          <Trackpoint>
            <Time>2026-01-11T09:57:30.000Z</Time>
            <Position>
              <LatitudeDegrees>38.91669362783432</LatitudeDegrees>
              <LongitudeDegrees>-6.354039581492543</LongitudeDegrees>
            </Position>
            <AltitudeMeters>211.39999389648438</AltitudeMeters>
            <DistanceMeters>7761.52001953125</DistanceMeters>
            <HeartRateBpm>
              <Value>144</Value>
            </HeartRateBpm>
            <Extensions>
              <ns3:TPX>
                <ns3:Speed>2.76200008392334</ns3:Speed>
                <ns3:RunCadence>86</ns3:RunCadence>
              </ns3:TPX>
            </Extensions>
          </Trackpoint>
          <Trackpoint>
            <Time>2026-01-11T09:57:38.000Z</Time>
            <Position>
              <LatitudeDegrees>38.91662087291479</LatitudeDegrees>
              <LongitudeDegrees>-6.354284081608057</LongitudeDegrees>
            </Position>
            <AltitudeMeters>207.60000610351562</AltitudeMeters>
            <DistanceMeters>7784.2099609375</DistanceMeters>
            <HeartRateBpm>
              <Value>144</Value>
            </HeartRateBpm>
            <Extensions>
              <ns3:TPX>
                <ns3:Speed>2.76200008392334</ns3:Speed>
                <ns3:RunCadence>86</ns3:RunCadence>
              </ns3:TPX>
            </Extensions>
          </Trackpoint>
          <Trackpoint>
            <Time>2026-01-11T09:57:43.000Z</Time>
            <Position>
              <LatitudeDegrees>38.91657586209476</LatitudeDegrees>
              <LongitudeDegrees>-6.354431100189686</LongitudeDegrees>
            </Position>
            <AltitudeMeters>206.0</AltitudeMeters>
            <DistanceMeters>7797.91015625</DistanceMeters>
            <HeartRateBpm>
              <Value>145</Value>
            </HeartRateBpm>
            <Extensions>
              <ns3:TPX>
                <ns3:Speed>2.76200008392334</ns3:Speed>
                <ns3:RunCadence>86</ns3:RunCadence>
              </ns3:TPX>
            </Extensions>
          </Trackpoint>
          <Trackpoint>
            <Time>2026-01-11T09:57:53.000Z</Time>
            <Position>
              <LatitudeDegrees>38.91648969613016</LatitudeDegrees>
              <LongitudeDegrees>-6.354760257527232</LongitudeDegrees>
            </Position>
            <AltitudeMeters>203.8000030517578</AltitudeMeters>
            <DistanceMeters>7836.5400390625</DistanceMeters>
            <HeartRateBpm>
              <Value>144</Value>
            </HeartRateBpm>
            <Extensions>
              <ns3:TPX>
                <ns3:Speed>2.753000020980835</ns3:Speed>
                <ns3:RunCadence>86</ns3:RunCadence>
              </ns3:TPX>
            </Extensions>
          </Trackpoint>
          <Trackpoint>
            <Time>2026-01-11T09:57:56.000Z</Time>
            <Position>
              <LatitudeDegrees>38.91646773554385</LatitudeDegrees>
              <LongitudeDegrees>-6.354859499260783</LongitudeDegrees>
            </Position>
            <AltitudeMeters>203.60000610351562</AltitudeMeters>
            <DistanceMeters>7845.490234375</DistanceMeters>
            <HeartRateBpm>
              <Value>144</Value>
            </HeartRateBpm>
            <Extensions>
              <ns3:TPX>
                <ns3:Speed>2.809000015258789</ns3:Speed>
                <ns3:RunCadence>86</ns3:RunCadence>
              </ns3:TPX>
            </Extensions>
          </Trackpoint>
          <Trackpoint>
            <Time>2026-01-11T09:58:03.000Z</Time>
            <Position>
              <LatitudeDegrees>38.9163891132921</LatitudeDegrees>
              <LongitudeDegrees>-6.355079943314195</LongitudeDegrees>
            </Position>
            <AltitudeMeters>204.1999969482422</AltitudeMeters>
            <DistanceMeters>7866.509765625</DistanceMeters>
            <HeartRateBpm>
              <Value>143</Value>
            </HeartRateBpm>
            <Extensions>
              <ns3:TPX>
                <ns3:Speed>2.865000009536743</ns3:Speed>
                <ns3:RunCadence>85</ns3:RunCadence>
              </ns3:TPX>
            </Extensions>
          </Trackpoint>
          <Trackpoint>
            <Time>2026-01-11T09:58:05.000Z</Time>
            <Position>
              <LatitudeDegrees>38.91637410968542</LatitudeDegrees>
              <LongitudeDegrees>-6.355140879750252</LongitudeDegrees>
            </Position>
            <AltitudeMeters>204.8000030517578</AltitudeMeters>
            <DistanceMeters>7872.0498046875</DistanceMeters>
            <HeartRateBpm>
              <Value>143</Value>
            </HeartRateBpm>
            <Extensions>
              <ns3:TPX>
                <ns3:Speed>2.8929998874664307</ns3:Speed>
                <ns3:RunCadence>86</ns3:RunCadence>
              </ns3:TPX>
            </Extensions>
          </Trackpoint>
          <Trackpoint>
            <Time>2026-01-11T09:58:13.000Z</Time>
            <Position>
              <LatitudeDegrees>38.916305461898446</LatitudeDegrees>
              <LongitudeDegrees>-6.355385212227702</LongitudeDegrees>
            </Position>
            <AltitudeMeters>205.1999969482422</AltitudeMeters>
            <DistanceMeters>7894.56982421875</DistanceMeters>
            <HeartRateBpm>
              <Value>143</Value>
            </HeartRateBpm>
            <Extensions>
              <ns3:TPX>
                <ns3:Speed>2.9210000038146973</ns3:Speed>
                <ns3:RunCadence>86</ns3:RunCadence>
              </ns3:TPX>
            </Extensions>
          </Trackpoint>
          <Trackpoint>
            <Time>2026-01-11T09:58:15.000Z</Time>
            <Position>
              <LatitudeDegrees>38.91628819517791</LatitudeDegrees>
              <LongitudeDegrees>-6.3554489985108376</LongitudeDegrees>
            </Position>
            <AltitudeMeters>205.0</AltitudeMeters>
            <DistanceMeters>7900.43017578125</DistanceMeters>
            <HeartRateBpm>
              <Value>143</Value>
            </HeartRateBpm>
            <Extensions>
              <ns3:TPX>
                <ns3:Speed>2.9110000133514404</ns3:Speed>
                <ns3:RunCadence>86</ns3:RunCadence>
              </ns3:TPX>
            </Extensions>
          </Trackpoint>
          <Trackpoint>
            <Time>2026-01-11T09:58:23.000Z</Time>
            <Position>
              <LatitudeDegrees>38.91622072085738</LatitudeDegrees>
              <LongitudeDegrees>-6.355696013197303</LongitudeDegrees>
            </Position>
            <AltitudeMeters>204.39999389648438</AltitudeMeters>
            <DistanceMeters>7923.1201171875</DistanceMeters>
            <HeartRateBpm>
              <Value>143</Value>
            </HeartRateBpm>
            <Extensions>
              <ns3:TPX>
                <ns3:Speed>2.8929998874664307</ns3:Speed>
                <ns3:RunCadence>86</ns3:RunCadence>
              </ns3:TPX>
            </Extensions>
          </Trackpoint>
          <Trackpoint>
            <Time>2026-01-11T09:58:26.000Z</Time>
            <Position>
              <LatitudeDegrees>38.916195910423994</LatitudeDegrees>
              <LongitudeDegrees>-6.35578821413219</LongitudeDegrees>
            </Position>
            <AltitudeMeters>204.39999389648438</AltitudeMeters>
            <DistanceMeters>7931.56005859375</DistanceMeters>
            <HeartRateBpm>
              <Value>144</Value>
            </HeartRateBpm>
            <Extensions>
              <ns3:TPX>
                <ns3:Speed>2.9019999504089355</ns3:Speed>
                <ns3:RunCadence>86</ns3:RunCadence>
              </ns3:TPX>
            </Extensions>
          </Trackpoint>
          <Trackpoint>
            <Time>2026-01-11T09:58:33.000Z</Time>
            <Position>
              <LatitudeDegrees>38.91612625680864</LatitudeDegrees>
              <LongitudeDegrees>-6.356003629043698</LongitudeDegrees>
            </Position>
            <AltitudeMeters>207.39999389648438</AltitudeMeters>
            <DistanceMeters>7951.77001953125</DistanceMeters>
            <HeartRateBpm>
              <Value>145</Value>
            </HeartRateBpm>
            <Extensions>
              <ns3:TPX>
                <ns3:Speed>2.9019999504089355</ns3:Speed>
                <ns3:RunCadence>87</ns3:RunCadence>
              </ns3:TPX>
            </Extensions>
          </Trackpoint>
          <Trackpoint>
            <Time>2026-01-11T09:58:35.000Z</Time>
            <Position>
              <LatitudeDegrees>38.916107984259725</LatitudeDegrees>
              <LongitudeDegrees>-6.356060625985265</LongitudeDegrees>
            </Position>
            <AltitudeMeters>208.1999969482422</AltitudeMeters>
            <DistanceMeters>7957.10986328125</DistanceMeters>
            <HeartRateBpm>
              <Value>145</Value>
            </HeartRateBpm>
            <Extensions>
              <ns3:TPX>
                <ns3:Speed>2.9019999504089355</ns3:Speed>
                <ns3:RunCadence>87</ns3:RunCadence>
              </ns3:TPX>
            </Extensions>
          </Trackpoint>
          <Trackpoint>
            <Time>2026-01-11T09:58:42.000Z</Time>
            <Position>
              <LatitudeDegrees>38.91603648662567</LatitudeDegrees>
              <LongitudeDegrees>-6.356282578781247</LongitudeDegrees>
            </Position>
            <AltitudeMeters>209.8000030517578</AltitudeMeters>
            <DistanceMeters>7977.93017578125</DistanceMeters>
            <HeartRateBpm>
              <Value>145</Value>
            </HeartRateBpm>
            <Extensions>
              <ns3:TPX>
                <ns3:Speed>2.9110000133514404</ns3:Speed>
                <ns3:RunCadence>85</ns3:RunCadence>
              </ns3:TPX>
            </Extensions>
          </Trackpoint>
          <Trackpoint>
            <Time>2026-01-11T09:58:45.000Z</Time>
            <Position>
              <LatitudeDegrees>38.916006395593286</LatitudeDegrees>
              <LongitudeDegrees>-6.356389448046684</LongitudeDegrees>
            </Position>
            <AltitudeMeters>210.60000610351562</AltitudeMeters>
            <DistanceMeters>7987.93994140625</DistanceMeters>
            <HeartRateBpm>
              <Value>145</Value>
            </HeartRateBpm>
            <Extensions>
              <ns3:TPX>
                <ns3:Speed>2.9210000038146973</ns3:Speed>
                <ns3:RunCadence>81</ns3:RunCadence>
              </ns3:TPX>
            </Extensions>
          </Trackpoint>
          <Trackpoint>
            <Time>2026-01-11T09:58:46.000Z</Time>
            <Position>
              <LatitudeDegrees>38.91601578332484</LatitudeDegrees>
              <LongitudeDegrees>-6.356417024508119</LongitudeDegrees>
            </Position>
            <AltitudeMeters>210.60000610351562</AltitudeMeters>
            <DistanceMeters>7990.52978515625</DistanceMeters>
            <HeartRateBpm>
              <Value>145</Value>
            </HeartRateBpm>
            <Extensions>
              <ns3:TPX>
                <ns3:Speed>2.930000066757202</ns3:Speed>
                <ns3:RunCadence>81</ns3:RunCadence>
              </ns3:TPX>
            </Extensions>
          </Trackpoint>
          <Trackpoint>
            <Time>2026-01-11T09:58:50.000Z</Time>
            <Position>
              <LatitudeDegrees>38.91608560457826</LatitudeDegrees>
              <LongitudeDegrees>-6.3565166015177965</LongitudeDegrees>
            </Position>
            <AltitudeMeters>210.0</AltitudeMeters>
            <DistanceMeters>8002.2001953125</DistanceMeters>
            <HeartRateBpm>
              <Value>145</Value>
            </HeartRateBpm>
            <Extensions>
              <ns3:TPX>
                <ns3:Speed>2.947999954223633</ns3:Speed>
                <ns3:RunCadence>85</ns3:RunCadence>
              </ns3:TPX>
            </Extensions>
          </Trackpoint>
        </Track>
        <Extensions>
          <ns3:LX>
            <ns3:AvgSpeed>2.8320000171661377</ns3:AvgSpeed>
            <ns3:AvgRunCadence>83</ns3:AvgRunCadence>
            <ns3:MaxRunCadence>87</ns3:MaxRunCadence>
          </ns3:LX>
        </Extensions>
      </Lap>
      <Lap StartTime="2026-01-11T09:58:51.000Z">
        <TotalTimeSeconds>375.084</TotalTimeSeconds>
        <DistanceMeters>1000.0</DistanceMeters>
        <MaximumSpeed>2.9760000705718994</MaximumSpeed>
        <Calories>76</Calories>
        <AverageHeartRateBpm>
          <Value>145</Value>
        </AverageHeartRateBpm>
        <MaximumHeartRateBpm>
          <Value>148</Value>
        </MaximumHeartRateBpm>
        <Intensity>Active</Intensity>
        <TriggerMethod>Manual</TriggerMethod>
        <Track>
          <Trackpoint>
            <Time>2026-01-11T09:58:56.000Z</Time>
            <Position>
              <LatitudeDegrees>38.91609130427241</LatitudeDegrees>
              <LongitudeDegrees>-6.356699075549841</LongitudeDegrees>
            </Position>
            <AltitudeMeters>209.39999389648438</AltitudeMeters>
            <DistanceMeters>8018.18994140625</DistanceMeters>
            <HeartRateBpm>
              <Value>145</Value>
            </HeartRateBpm>
            <Extensions>
              <ns3:TPX>
                <ns3:Speed>2.9670000076293945</ns3:Speed>
                <ns3:RunCadence>85</ns3:RunCadence>
              </ns3:TPX>
            </Extensions>
          </Trackpoint>
          <Trackpoint>
            <Time>2026-01-11T09:59:03.000Z</Time>
            <Position>
              <LatitudeDegrees>38.916083592921495</LatitudeDegrees>
              <LongitudeDegrees>-6.356945168226957</LongitudeDegrees>
            </Position>
            <AltitudeMeters>208.60000610351562</AltitudeMeters>
            <DistanceMeters>8039.77001953125</DistanceMeters>
            <HeartRateBpm>
              <Value>146</Value>
            </HeartRateBpm>
            <Extensions>
              <ns3:TPX>
                <ns3:Speed>2.947999954223633</ns3:Speed>
                <ns3:RunCadence>86</ns3:RunCadence>
              </ns3:TPX>
            </Extensions>
          </Trackpoint>
          <Trackpoint>
            <Time>2026-01-11T09:59:10.000Z</Time>
            <Position>
              <LatitudeDegrees>38.91615995205939</LatitudeDegrees>
              <LongitudeDegrees>-6.357156727463007</LongitudeDegrees>
            </Position>
            <AltitudeMeters>209.0</AltitudeMeters>
            <DistanceMeters>8060.02001953125</DistanceMeters>
            <HeartRateBpm>
              <Value>145</Value>
            </HeartRateBpm>
            <Extensions>
              <ns3:TPX>
                <ns3:Speed>2.9579999446868896</ns3:Speed>
                <ns3:RunCadence>85</ns3:RunCadence>
              </ns3:TPX>
            </Extensions>
          </Trackpoint>
          <Trackpoint>
            <Time>2026-01-11T09:59:12.000Z</Time>
            <Position>
              <LatitudeDegrees>38.91618400812149</LatitudeDegrees>
              <LongitudeDegrees>-6.357214394956827</LongitudeDegrees>
            </Position>
            <AltitudeMeters>209.1999969482422</AltitudeMeters>
            <DistanceMeters>8065.7001953125</DistanceMeters>
            <HeartRateBpm>
              <Value>145</Value>
            </HeartRateBpm>
            <Extensions>
              <ns3:TPX>
                <ns3:Speed>2.9579999446868896</ns3:Speed>
                <ns3:RunCadence>85</ns3:RunCadence>
              </ns3:TPX>
            </Extensions>
          </Trackpoint>
          <Trackpoint>
            <Time>2026-01-11T09:59:17.000Z</Time>
            <Position>
              <LatitudeDegrees>38.91629498451948</LatitudeDegrees>
              <LongitudeDegrees>-6.357303913682699</LongitudeDegrees>
            </Position>
            <AltitudeMeters>209.60000610351562</AltitudeMeters>
            <DistanceMeters>8080.31982421875</DistanceMeters>
            <HeartRateBpm>
              <Value>145</Value>
            </HeartRateBpm>
            <Extensions>
              <ns3:TPX>
                <ns3:Speed>2.947999954223633</ns3:Speed>
                <ns3:RunCadence>86</ns3:RunCadence>
              </ns3:TPX>
            </Extensions>
          </Trackpoint>
          <Trackpoint>
            <Time>2026-01-11T09:59:24.000Z</Time>
            <Position>
              <LatitudeDegrees>38.916465137153864</LatitudeDegrees>
              <LongitudeDegrees>-6.357415812090039</LongitudeDegrees>
            </Position>
            <AltitudeMeters>209.8000030517578</AltitudeMeters>
            <DistanceMeters>8101.56005859375</DistanceMeters>
            <HeartRateBpm>
              <Value>145</Value>
            </HeartRateBpm>
            <Extensions>
              <ns3:TPX>
                <ns3:Speed>2.947999954223633</ns3:Speed>
                <ns3:RunCadence>85</ns3:RunCadence>
              </ns3:TPX>
            </Extensions>
          </Trackpoint>
          <Trackpoint>
            <Time>2026-01-11T09:59:26.000Z</Time>
            <Position>
              <LatitudeDegrees>38.91650637611747</LatitudeDegrees>
              <LongitudeDegrees>-6.3574546203017235</LongitudeDegrees>
            </Position>
            <AltitudeMeters>210.0</AltitudeMeters>
            <DistanceMeters>8107.25</DistanceMeters>
            <HeartRateBpm>
              <Value>145</Value>
            </HeartRateBpm>
            <Extensions>
              <ns3:TPX>
                <ns3:Speed>2.9579999446868896</ns3:Speed>
                <ns3:RunCadence>85</ns3:RunCadence>
              </ns3:TPX>
            </Extensions>
          </Trackpoint>
          <Trackpoint>
            <Time>2026-01-11T09:59:32.000Z</Time>
            <Position>
              <LatitudeDegrees>38.91661047935486</LatitudeDegrees>
              <LongitudeDegrees>-6.357583198696375</LongitudeDegrees>
            </Position>
            <AltitudeMeters>211.0</AltitudeMeters>
            <DistanceMeters>8123.3701171875</DistanceMeters>
            <HeartRateBpm>
              <Value>145</Value>
            </HeartRateBpm>
            <Extensions>
              <ns3:TPX>
                <ns3:Speed>2.947999954223633</ns3:Speed>
                <ns3:RunCadence>84</ns3:RunCadence>
              </ns3:TPX>
            </Extensions>
          </Trackpoint>
          <Trackpoint>
            <Time>2026-01-11T09:59:40.000Z</Time>
            <Position>
              <LatitudeDegrees>38.91674702055752</LatitudeDegrees>
              <LongitudeDegrees>-6.357781179249287</LongitudeDegrees>
            </Position>
            <AltitudeMeters>211.39999389648438</AltitudeMeters>
            <DistanceMeters>8146.27001953125</DistanceMeters>
            <HeartRateBpm>
              <Value>145</Value>
            </HeartRateBpm>
            <Extensions>
              <ns3:TPX>
                <ns3:Speed>2.9210000038146973</ns3:Speed>
                <ns3:RunCadence>85</ns3:RunCadence>
              </ns3:TPX>
            </Extensions>
          </Trackpoint>
          <Trackpoint>
            <Time>2026-01-11T09:59:41.000Z</Time>
            <Position>
              <LatitudeDegrees>38.91676210798323</LatitudeDegrees>
              <LongitudeDegrees>-6.357808420434594</LongitudeDegrees>
            </Position>
            <AltitudeMeters>211.39999389648438</AltitudeMeters>
            <DistanceMeters>8149.16015625</DistanceMeters>
            <HeartRateBpm>
              <Value>146</Value>
            </HeartRateBpm>
            <Extensions>
              <ns3:TPX>
                <ns3:Speed>2.9210000038146973</ns3:Speed>
                <ns3:RunCadence>86</ns3:RunCadence>
              </ns3:TPX>
            </Extensions>
          </Trackpoint>
          <Trackpoint>
            <Time>2026-01-11T09:59:48.000Z</Time>
            <Position>
              <LatitudeDegrees>38.9168759342283</LatitudeDegrees>
              <LongitudeDegrees>-6.357990056276321</LongitudeDegrees>
            </Position>
            <AltitudeMeters>211.60000610351562</AltitudeMeters>
            <DistanceMeters>8169.35009765625</DistanceMeters>
            <HeartRateBpm>
              <Value>145</Value>
            </HeartRateBpm>
            <Extensions>
              <ns3:TPX>
                <ns3:Speed>2.9110000133514404</ns3:Speed>
                <ns3:RunCadence>84</ns3:RunCadence>
              </ns3:TPX>
            </Extensions>
          </Trackpoint>
          <Trackpoint>
            <Time>2026-01-11T09:59:53.000Z</Time>
            <Position>
              <LatitudeDegrees>38.91696033999324</LatitudeDegrees>
              <LongitudeDegrees>-6.358120394870639</LongitudeDegrees>
            </Position>
            <AltitudeMeters>211.8000030517578</AltitudeMeters>
            <DistanceMeters>8184.009765625</DistanceMeters>
            <HeartRateBpm>
              <Value>145</Value>
            </HeartRateBpm>
            <Extensions>
              <ns3:TPX>
                <ns3:Speed>2.9110000133514404</ns3:Speed>
                <ns3:RunCadence>86</ns3:RunCadence>
              </ns3:TPX>
            </Extensions>
          </Trackpoint>
          <Trackpoint>
            <Time>2026-01-11T10:00:01.000Z</Time>
            <Position>
              <LatitudeDegrees>38.91710065305233</LatitudeDegrees>
              <LongitudeDegrees>-6.35831443592906</LongitudeDegrees>
            </Position>
            <AltitudeMeters>211.0</AltitudeMeters>
            <DistanceMeters>8206.9599609375</DistanceMeters>
            <HeartRateBpm>
              <Value>145</Value>
            </HeartRateBpm>
            <Extensions>
              <ns3:TPX>
                <ns3:Speed>2.9210000038146973</ns3:Speed>
                <ns3:RunCadence>87</ns3:RunCadence>
              </ns3:TPX>
            </Extensions>
          </Trackpoint>
          <Trackpoint>
            <Time>2026-01-11T10:00:09.000Z</Time>
            <Position>
              <LatitudeDegrees>38.91726594418287</LatitudeDegrees>
              <LongitudeDegrees>-6.358464555814862</LongitudeDegrees>
            </Position>
            <AltitudeMeters>210.8000030517578</AltitudeMeters>
            <DistanceMeters>8229.6103515625</DistanceMeters>
            <HeartRateBpm>
              <Value>145</Value>
            </HeartRateBpm>
            <Extensions>
              <ns3:TPX>
                <ns3:Speed>2.930000066757202</ns3:Speed>
                <ns3:RunCadence>86</ns3:RunCadence>
              </ns3:TPX>
            </Extensions>
          </Trackpoint>
          <Trackpoint>
            <Time>2026-01-11T10:00:16.000Z</Time>
            <Position>
              <LatitudeDegrees>38.917435593903065</LatitudeDegrees>
              <LongitudeDegrees>-6.358557678759098</LongitudeDegrees>
            </Position>
            <AltitudeMeters>210.1999969482422</AltitudeMeters>
            <DistanceMeters>8250.1201171875</DistanceMeters>
            <HeartRateBpm>
              <Value>145</Value>
            </HeartRateBpm>
            <Extensions>
              <ns3:TPX>
                <ns3:Speed>2.930000066757202</ns3:Speed>
                <ns3:RunCadence>86</ns3:RunCadence>
              </ns3:TPX>
            </Extensions>
          </Trackpoint>
          <Trackpoint>
            <Time>2026-01-11T10:00:19.000Z</Time>
            <Position>
              <LatitudeDegrees>38.91750164330006</LatitudeDegrees>
              <LongitudeDegrees>-6.358600091189146</LongitudeDegrees>
            </Position>
            <AltitudeMeters>209.8000030517578</AltitudeMeters>
            <DistanceMeters>8258.3095703125</DistanceMeters>
            <HeartRateBpm>
              <Value>145</Value>
            </HeartRateBpm>
            <Extensions>
              <ns3:TPX>
                <ns3:Speed>2.930000066757202</ns3:Speed>
                <ns3:RunCadence>85</ns3:RunCadence>
              </ns3:TPX>
            </Extensions>
          </Trackpoint>
          <Trackpoint>
            <Time>2026-01-11T10:00:20.000Z</Time>
            <Position>
              <LatitudeDegrees>38.91751555725932</LatitudeDegrees>
              <LongitudeDegrees>-6.358617441728711</LongitudeDegrees>
            </Position>
            <AltitudeMeters>209.8000030517578</AltitudeMeters>
            <DistanceMeters>8260.4599609375</DistanceMeters>
            <HeartRateBpm>
              <Value>145</Value>
            </HeartRateBpm>
            <Extensions>
              <ns3:TPX>
                <ns3:Speed>2.930000066757202</ns3:Speed>
                <ns3:RunCadence>85</ns3:RunCadence>
              </ns3:TPX>
            </Extensions>
          </Trackpoint>
          <Trackpoint>
            <Time>2026-01-11T10:00:22.000Z</Time>
            <Position>
              <LatitudeDegrees>38.9175165630877</LatitudeDegrees>
              <LongitudeDegrees>-6.358664128929377</LongitudeDegrees>
            </Position>
            <AltitudeMeters>209.8000030517578</AltitudeMeters>
            <DistanceMeters>8264.5595703125</DistanceMeters>
            <HeartRateBpm>
              <Value>145</Value>
            </HeartRateBpm>
            <Extensions>
              <ns3:TPX>
                <ns3:Speed>2.930000066757202</ns3:Speed>
                <ns3:RunCadence>85</ns3:RunCadence>
              </ns3:TPX>
            </Extensions>
          </Trackpoint>
          <Trackpoint>
            <Time>2026-01-11T10:00:28.000Z</Time>
            <Position>
              <LatitudeDegrees>38.91753944568336</LatitudeDegrees>
              <LongitudeDegrees>-6.358847189694643</LongitudeDegrees>
            </Position>
            <AltitudeMeters>210.1999969482422</AltitudeMeters>
            <DistanceMeters>8281.580078125</DistanceMeters>
            <HeartRateBpm>
              <Value>145</Value>
            </HeartRateBpm>
            <Extensions>
              <ns3:TPX>
                <ns3:Speed>2.9019999504089355</ns3:Speed>
                <ns3:RunCadence>85</ns3:RunCadence>
              </ns3:TPX>
            </Extensions>
          </Trackpoint>
          <Trackpoint>
            <Time>2026-01-11T10:00:34.000Z</Time>
            <Position>
              <LatitudeDegrees>38.91766936518252</LatitudeDegrees>
              <LongitudeDegrees>-6.358958585187793</LongitudeDegrees>
            </Position>
            <AltitudeMeters>209.8000030517578</AltitudeMeters>
            <DistanceMeters>8299.1103515625</DistanceMeters>
            <HeartRateBpm>
              <Value>144</Value>
            </HeartRateBpm>
            <Extensions>
              <ns3:TPX>
                <ns3:Speed>2.8929998874664307</ns3:Speed>
                <ns3:RunCadence>84</ns3:RunCadence>
              </ns3:TPX>
            </Extensions>
          </Trackpoint>
          <Trackpoint>
            <Time>2026-01-11T10:00:42.000Z</Time>
            <Position>
              <LatitudeDegrees>38.917859802022576</LatitudeDegrees>
              <LongitudeDegrees>-6.359052127227187</LongitudeDegrees>
            </Position>
            <AltitudeMeters>209.1999969482422</AltitudeMeters>
            <DistanceMeters>8321.76953125</DistanceMeters>
            <HeartRateBpm>
              <Value>144</Value>
            </HeartRateBpm>
            <Extensions>
              <ns3:TPX>
                <ns3:Speed>2.882999897003174</ns3:Speed>
                <ns3:RunCadence>86</ns3:RunCadence>
              </ns3:TPX>
            </Extensions>
          </Trackpoint>
          <Trackpoint>
            <Time>2026-01-11T10:00:46.000Z</Time>
            <Position>
              <LatitudeDegrees>38.91795191913843</LatitudeDegrees>
              <LongitudeDegrees>-6.3590997364372015</LongitudeDegrees>
            </Position>
            <AltitudeMeters>208.8000030517578</AltitudeMeters>
            <DistanceMeters>8332.7998046875</DistanceMeters>
            <HeartRateBpm>
              <Value>144</Value>
            </HeartRateBpm>
            <Extensions>
              <ns3:TPX>
                <ns3:Speed>2.882999897003174</ns3:Speed>
                <ns3:RunCadence>86</ns3:RunCadence>
              </ns3:TPX>
            </Extensions>
          </Trackpoint>
          <Trackpoint>
            <Time>2026-01-11T10:00:53.000Z</Time>
            <Position>
              <LatitudeDegrees>38.91812190413475</LatitudeDegrees>
              <LongitudeDegrees>-6.359200906008482</LongitudeDegrees>
            </Position>
            <AltitudeMeters>208.39999389648438</AltitudeMeters>
            <DistanceMeters>8353.6103515625</DistanceMeters>
            <HeartRateBpm>
              <Value>144</Value>
            </HeartRateBpm>
            <Extensions>
              <ns3:TPX>
                <ns3:Speed>2.882999897003174</ns3:Speed>
                <ns3:RunCadence>87</ns3:RunCadence>
              </ns3:TPX>
            </Extensions>
          </Trackpoint>
          <Trackpoint>
            <Time>2026-01-11T10:00:57.000Z</Time>
            <Position>
              <LatitudeDegrees>38.918202789500356</LatitudeDegrees>
              <LongitudeDegrees>-6.3592637702822685</LongitudeDegrees>
            </Position>
            <AltitudeMeters>207.8000030517578</AltitudeMeters>
            <DistanceMeters>8364.16015625</DistanceMeters>
            <HeartRateBpm>
              <Value>143</Value>
            </HeartRateBpm>
            <Extensions>
              <ns3:TPX>
                <ns3:Speed>2.882999897003174</ns3:Speed>
                <ns3:RunCadence>85</ns3:RunCadence>
              </ns3:TPX>
            </Extensions>
          </Trackpoint>
          <Trackpoint>
            <Time>2026-01-11T10:01:04.000Z</Time>
            <Position>
              <LatitudeDegrees>38.91828116029501</LatitudeDegrees>
              <LongitudeDegrees>-6.359451524913311</LongitudeDegrees>
            </Position>
            <AltitudeMeters>207.60000610351562</AltitudeMeters>
            <DistanceMeters>8382.7099609375</DistanceMeters>
            <HeartRateBpm>
              <Value>143</Value>
            </HeartRateBpm>
            <Extensions>
              <ns3:TPX>
                <ns3:Speed>2.8550000190734863</ns3:Speed>
                <ns3:RunCadence>86</ns3:RunCadence>
              </ns3:TPX>
            </Extensions>
          </Trackpoint>
          <Trackpoint>
            <Time>2026-01-11T10:01:12.000Z</Time>
            <Position>
              <LatitudeDegrees>38.91837143339217</LatitudeDegrees>
              <LongitudeDegrees>-6.359659563750029</LongitudeDegrees>
            </Position>
            <AltitudeMeters>208.0</AltitudeMeters>
            <DistanceMeters>8403.4404296875</DistanceMeters>
            <HeartRateBpm>
              <Value>143</Value>
            </HeartRateBpm>
            <Extensions>
              <ns3:TPX>
                <ns3:Speed>2.809000015258789</ns3:Speed>
                <ns3:RunCadence>86</ns3:RunCadence>
              </ns3:TPX>
            </Extensions>
          </Trackpoint>
          <Trackpoint>
            <Time>2026-01-11T10:01:17.000Z</Time>
            <Position>
              <LatitudeDegrees>38.91834025271237</LatitudeDegrees>
              <LongitudeDegrees>-6.359767941758037</LongitudeDegrees>
            </Position>
            <AltitudeMeters>208.60000610351562</AltitudeMeters>
            <DistanceMeters>8413.6298828125</DistanceMeters>
            <HeartRateBpm>
              <Value>143</Value>
            </HeartRateBpm>
            <Extensions>
              <ns3:TPX>
                <ns3:Speed>2.7709999084472656</ns3:Speed>
                <ns3:RunCadence>85</ns3:RunCadence>
              </ns3:TPX>
            </Extensions>
          </Trackpoint>
          <Trackpoint>
            <Time>2026-01-11T10:01:24.000Z</Time>
            <Position>
              <LatitudeDegrees>38.918292224407196</LatitudeDegrees>
              <LongitudeDegrees>-6.35995963588357</LongitudeDegrees>
            </Position>
            <AltitudeMeters>209.60000610351562</AltitudeMeters>
            <DistanceMeters>8431.2900390625</DistanceMeters>
            <HeartRateBpm>
              <Value>143</Value>
            </HeartRateBpm>
            <Extensions>
              <ns3:TPX>
                <ns3:Speed>2.4630000591278076</ns3:Speed>
                <ns3:RunCadence>83</ns3:RunCadence>
              </ns3:TPX>
            </Extensions>
          </Trackpoint>
          <Trackpoint>
            <Time>2026-01-11T10:01:28.000Z</Time>
            <Position>
              <LatitudeDegrees>38.918251655995846</LatitudeDegrees>
              <LongitudeDegrees>-6.360036162659526</LongitudeDegrees>
            </Position>
            <AltitudeMeters>209.8000030517578</AltitudeMeters>
            <DistanceMeters>8439.3203125</DistanceMeters>
            <HeartRateBpm>
              <Value>143</Value>
            </HeartRateBpm>
            <Extensions>
              <ns3:TPX>
                <ns3:Speed>2.322999954223633</ns3:Speed>
                <ns3:RunCadence>84</ns3:RunCadence>
              </ns3:TPX>
            </Extensions>
          </Trackpoint>
          <Trackpoint>
            <Time>2026-01-11T10:01:30.000Z</Time>
            <Position>
              <LatitudeDegrees>38.918231036514044</LatitudeDegrees>
              <LongitudeDegrees>-6.360073797404766</LongitudeDegrees>
            </Position>
            <AltitudeMeters>209.8000030517578</AltitudeMeters>
            <DistanceMeters>8443.25</DistanceMeters>
            <HeartRateBpm>
              <Value>144</Value>
            </HeartRateBpm>
            <Extensions>
              <ns3:TPX>
                <ns3:Speed>2.2769999504089355</ns3:Speed>
                <ns3:RunCadence>84</ns3:RunCadence>
              </ns3:TPX>
            </Extensions>
          </Trackpoint>
          <Trackpoint>
            <Time>2026-01-11T10:01:35.000Z</Time>
            <Position>
              <LatitudeDegrees>38.918170435354114</LatitudeDegrees>
              <LongitudeDegrees>-6.360166501253843</LongitudeDegrees>
            </Position>
            <AltitudeMeters>210.0</AltitudeMeters>
            <DistanceMeters>8453.669921875</DistanceMeters>
            <HeartRateBpm>
              <Value>144</Value>
            </HeartRateBpm>
            <Extensions>
              <ns3:TPX>
                <ns3:Speed>2.127000093460083</ns3:Speed>
                <ns3:RunCadence>81</ns3:RunCadence>
              </ns3:TPX>
            </Extensions>
          </Trackpoint>
          <Trackpoint>
            <Time>2026-01-11T10:01:36.000Z</Time>
            <Position>
              <LatitudeDegrees>38.918166663497686</LatitudeDegrees>
              <LongitudeDegrees>-6.360200112685561</LongitudeDegrees>
            </Position>
            <AltitudeMeters>210.0</AltitudeMeters>
            <DistanceMeters>8456.6201171875</DistanceMeters>
            <HeartRateBpm>
              <Value>144</Value>
            </HeartRateBpm>
            <Extensions>
              <ns3:TPX>
                <ns3:Speed>2.0989999771118164</ns3:Speed>
                <ns3:RunCadence>81</ns3:RunCadence>
              </ns3:TPX>
            </Extensions>
          </Trackpoint>
          <Trackpoint>
            <Time>2026-01-11T10:01:43.000Z</Time>
            <Position>
              <LatitudeDegrees>38.918149061501026</LatitudeDegrees>
              <LongitudeDegrees>-6.360425082966685</LongitudeDegrees>
            </Position>
            <AltitudeMeters>211.1999969482422</AltitudeMeters>
            <DistanceMeters>8476.2001953125</DistanceMeters>
            <HeartRateBpm>
              <Value>146</Value>
            </HeartRateBpm>
            <Extensions>
              <ns3:TPX>
                <ns3:Speed>2.313999891281128</ns3:Speed>
                <ns3:RunCadence>83</ns3:RunCadence>
              </ns3:TPX>
            </Extensions>
          </Trackpoint>
          <Trackpoint>
            <Time>2026-01-11T10:01:51.000Z</Time>
            <Position>
              <LatitudeDegrees>38.91810153611004</LatitudeDegrees>
              <LongitudeDegrees>-6.360669834539294</LongitudeDegrees>
            </Position>
            <AltitudeMeters>212.60000610351562</AltitudeMeters>
            <DistanceMeters>8498.0302734375</DistanceMeters>
            <HeartRateBpm>
              <Value>146</Value>
            </HeartRateBpm>
            <Extensions>
              <ns3:TPX>
                <ns3:Speed>2.3980000019073486</ns3:Speed>
                <ns3:RunCadence>84</ns3:RunCadence>
              </ns3:TPX>
            </Extensions>
          </Trackpoint>
          <Trackpoint>
            <Time>2026-01-11T10:01:53.000Z</Time>
            <Position>
              <LatitudeDegrees>38.918089885264635</LatitudeDegrees>
              <LongitudeDegrees>-6.360726747661829</LongitudeDegrees>
            </Position>
            <AltitudeMeters>213.0</AltitudeMeters>
            <DistanceMeters>8503.1298828125</DistanceMeters>
            <HeartRateBpm>
              <Value>146</Value>
            </HeartRateBpm>
            <Extensions>
              <ns3:TPX>
                <ns3:Speed>2.4170000553131104</ns3:Speed>
                <ns3:RunCadence>85</ns3:RunCadence>
              </ns3:TPX>
            </Extensions>
          </Trackpoint>
          <Trackpoint>
            <Time>2026-01-11T10:02:01.000Z</Time>
            <Position>
              <LatitudeDegrees>38.91803942620754</LatitudeDegrees>
              <LongitudeDegrees>-6.360962698236108</LongitudeDegrees>
            </Position>
            <AltitudeMeters>214.1999969482422</AltitudeMeters>
            <DistanceMeters>8524.33984375</DistanceMeters>
            <HeartRateBpm>
              <Value>146</Value>
            </HeartRateBpm>
            <Extensions>
              <ns3:TPX>
                <ns3:Speed>2.444999933242798</ns3:Speed>
                <ns3:RunCadence>85</ns3:RunCadence>
              </ns3:TPX>
            </Extensions>
          </Trackpoint>
          <Trackpoint>
            <Time>2026-01-11T10:02:04.000Z</Time>
            <Position>
              <LatitudeDegrees>38.918022997677326</LatitudeDegrees>
              <LongitudeDegrees>-6.361048528924584</LongitudeDegrees>
            </Position>
            <AltitudeMeters>214.8000030517578</AltitudeMeters>
            <DistanceMeters>8532.0</DistanceMeters>
            <HeartRateBpm>
              <Value>146</Value>
            </HeartRateBpm>
            <Extensions>
              <ns3:TPX>
                <ns3:Speed>2.4539999961853027</ns3:Speed>
                <ns3:RunCadence>84</ns3:RunCadence>
              </ns3:TPX>
            </Extensions>
          </Trackpoint>
          <Trackpoint>
            <Time>2026-01-11T10:02:13.000Z</Time>
            <Position>
              <LatitudeDegrees>38.91797102987766</LatitudeDegrees>
              <LongitudeDegrees>-6.361296800896525</LongitudeDegrees>
            </Position>
            <AltitudeMeters>216.0</AltitudeMeters>
            <DistanceMeters>8554.2900390625</DistanceMeters>
            <HeartRateBpm>
              <Value>147</Value>
            </HeartRateBpm>
            <Extensions>
              <ns3:TPX>
                <ns3:Speed>2.4630000591278076</ns3:Speed>
                <ns3:RunCadence>84</ns3:RunCadence>
              </ns3:TPX>
            </Extensions>
          </Trackpoint>
          <Trackpoint>
            <Time>2026-01-11T10:02:21.000Z</Time>
            <Position>
              <LatitudeDegrees>38.9179172180593</LatitudeDegrees>
              <LongitudeDegrees>-6.361505929380655</LongitudeDegrees>
            </Position>
            <AltitudeMeters>216.60000610351562</AltitudeMeters>
            <DistanceMeters>8573.4501953125</DistanceMeters>
            <HeartRateBpm>
              <Value>147</Value>
            </HeartRateBpm>
            <Extensions>
              <ns3:TPX>
                <ns3:Speed>2.4539999961853027</ns3:Speed>
                <ns3:RunCadence>85</ns3:RunCadence>
              </ns3:TPX>
            </Extensions>
          </Trackpoint>
          <Trackpoint>
            <Time>2026-01-11T10:02:29.000Z</Time>
            <Position>
              <LatitudeDegrees>38.917876398190856</LatitudeDegrees>
              <LongitudeDegrees>-6.361721931025386</LongitudeDegrees>
            </Position>
            <AltitudeMeters>217.0</AltitudeMeters>
            <DistanceMeters>8592.8095703125</DistanceMeters>
            <HeartRateBpm>
              <Value>147</Value>
            </HeartRateBpm>
            <Extensions>
              <ns3:TPX>
                <ns3:Speed>2.4539999961853027</ns3:Speed>
                <ns3:RunCadence>84</ns3:RunCadence>
              </ns3:TPX>
            </Extensions>
          </Trackpoint>
          <Trackpoint>
            <Time>2026-01-11T10:02:35.000Z</Time>
            <Position>
              <LatitudeDegrees>38.917842116206884</LatitudeDegrees>
              <LongitudeDegrees>-6.361874649301171</LongitudeDegrees>
            </Position>
            <AltitudeMeters>217.0</AltitudeMeters>
            <DistanceMeters>8606.5595703125</DistanceMeters>
            <HeartRateBpm>
              <Value>146</Value>
            </HeartRateBpm>
            <Extensions>
              <ns3:TPX>
                <ns3:Speed>2.444999933242798</ns3:Speed>
                <ns3:RunCadence>83</ns3:RunCadence>
              </ns3:TPX>
            </Extensions>
          </Trackpoint>
          <Trackpoint>
            <Time>2026-01-11T10:02:43.000Z</Time>
            <Position>
              <LatitudeDegrees>38.91778419725597</LatitudeDegrees>
              <LongitudeDegrees>-6.362104984000325</LongitudeDegrees>
            </Position>
            <AltitudeMeters>216.60000610351562</AltitudeMeters>
            <DistanceMeters>8627.6103515625</DistanceMeters>
            <HeartRateBpm>
              <Value>146</Value>
            </HeartRateBpm>
            <Extensions>
              <ns3:TPX>
                <ns3:Speed>2.434999942779541</ns3:Speed>
                <ns3:RunCadence>84</ns3:RunCadence>
              </ns3:TPX>
            </Extensions>
          </Trackpoint>
          <Trackpoint>
            <Time>2026-01-11T10:02:44.000Z</Time>
            <Position>
              <LatitudeDegrees>38.91778034158051</LatitudeDegrees>
              <LongitudeDegrees>-6.3621352426707745</LongitudeDegrees>
            </Position>
            <AltitudeMeters>216.60000610351562</AltitudeMeters>
            <DistanceMeters>8630.26953125</DistanceMeters>
            <HeartRateBpm>
              <Value>146</Value>
            </HeartRateBpm>
            <Extensions>
              <ns3:TPX>
                <ns3:Speed>2.434999942779541</ns3:Speed>
                <ns3:RunCadence>84</ns3:RunCadence>
              </ns3:TPX>
            </Extensions>
          </Trackpoint>
          <Trackpoint>
            <Time>2026-01-11T10:02:52.000Z</Time>
            <Position>
              <LatitudeDegrees>38.917730720713735</LatitudeDegrees>
              <LongitudeDegrees>-6.362371360883117</LongitudeDegrees>
            </Position>
            <AltitudeMeters>215.8000030517578</AltitudeMeters>
            <DistanceMeters>8651.5</DistanceMeters>
            <HeartRateBpm>
              <Value>146</Value>
            </HeartRateBpm>
            <Extensions>
              <ns3:TPX>
                <ns3:Speed>2.4630000591278076</ns3:Speed>
                <ns3:RunCadence>85</ns3:RunCadence>
              </ns3:TPX>
            </Extensions>
          </Trackpoint>
          <Trackpoint>
            <Time>2026-01-11T10:02:53.000Z</Time>
            <Position>
              <LatitudeDegrees>38.91772309318185</LatitudeDegrees>
              <LongitudeDegrees>-6.362397512421012</LongitudeDegrees>
            </Position>
            <AltitudeMeters>215.60000610351562</AltitudeMeters>
            <DistanceMeters>8653.91015625</DistanceMeters>
            <HeartRateBpm>
              <Value>146</Value>
            </HeartRateBpm>
            <Extensions>
              <ns3:TPX>
                <ns3:Speed>2.4630000591278076</ns3:Speed>
                <ns3:RunCadence>85</ns3:RunCadence>
              </ns3:TPX>
            </Extensions>
          </Trackpoint>
          <Trackpoint>
            <Time>2026-01-11T10:03:01.000Z</Time>
            <Position>
              <LatitudeDegrees>38.91765587031841</LatitudeDegrees>
              <LongitudeDegrees>-6.362627763301134</LongitudeDegrees>
            </Position>
            <AltitudeMeters>215.1999969482422</AltitudeMeters>
            <DistanceMeters>8675.2802734375</DistanceMeters>
            <HeartRateBpm>
              <Value>146</Value>
            </HeartRateBpm>
            <Extensions>
              <ns3:TPX>
                <ns3:Speed>2.490999937057495</ns3:Speed>
                <ns3:RunCadence>84</ns3:RunCadence>
              </ns3:TPX>
            </Extensions>
          </Trackpoint>
          <Trackpoint>
            <Time>2026-01-11T10:03:09.000Z</Time>
            <Position>
              <LatitudeDegrees>38.91757934354246</LatitudeDegrees>
              <LongitudeDegrees>-6.362829431891441</LongitudeDegrees>
            </Position>
            <AltitudeMeters>215.0</AltitudeMeters>
            <DistanceMeters>8694.7001953125</DistanceMeters>
            <HeartRateBpm>
              <Value>145</Value>
            </HeartRateBpm>
            <Extensions>
              <ns3:TPX>
                <ns3:Speed>2.509999990463257</ns3:Speed>
                <ns3:RunCadence>83</ns3:RunCadence>
              </ns3:TPX>
            </Extensions>
          </Trackpoint>
          <Trackpoint>
            <Time>2026-01-11T10:03:17.000Z</Time>
            <Position>
              <LatitudeDegrees>38.91750365495682</LatitudeDegrees>
              <LongitudeDegrees>-6.363040823489428</LongitudeDegrees>
            </Position>
            <AltitudeMeters>215.1999969482422</AltitudeMeters>
            <DistanceMeters>8714.8701171875</DistanceMeters>
            <HeartRateBpm>
              <Value>145</Value>
            </HeartRateBpm>
            <Extensions>
              <ns3:TPX>
                <ns3:Speed>2.509999990463257</ns3:Speed>
                <ns3:RunCadence>85</ns3:RunCadence>
              </ns3:TPX>
            </Extensions>
          </Trackpoint>
          <Trackpoint>
            <Time>2026-01-11T10:03:21.000Z</Time>
            <Position>
              <LatitudeDegrees>38.91745881177485</LatitudeDegrees>
              <LongitudeDegrees>-6.363150458782911</LongitudeDegrees>
            </Position>
            <AltitudeMeters>216.0</AltitudeMeters>
            <DistanceMeters>8725.58984375</DistanceMeters>
            <HeartRateBpm>
              <Value>145</Value>
            </HeartRateBpm>
            <Extensions>
              <ns3:TPX>
                <ns3:Speed>2.5190000534057617</ns3:Speed>
                <ns3:RunCadence>85</ns3:RunCadence>
              </ns3:TPX>
            </Extensions>
          </Trackpoint>
          <Trackpoint>
            <Time>2026-01-11T10:03:29.000Z</Time>
            <Position>
              <LatitudeDegrees>38.91736560501158</LatitudeDegrees>
              <LongitudeDegrees>-6.363362856209278</LongitudeDegrees>
            </Position>
            <AltitudeMeters>217.39999389648438</AltitudeMeters>
            <DistanceMeters>8746.7197265625</DistanceMeters>
            <HeartRateBpm>
              <Value>145</Value>
            </HeartRateBpm>
            <Extensions>
              <ns3:TPX>
                <ns3:Speed>2.556999921798706</ns3:Speed>
                <ns3:RunCadence>85</ns3:RunCadence>
              </ns3:TPX>
            </Extensions>
          </Trackpoint>
          <Trackpoint>
            <Time>2026-01-11T10:03:32.000Z</Time>
            <Position>
              <LatitudeDegrees>38.9173283893615</LatitudeDegrees>
              <LongitudeDegrees>-6.363438293337822</LongitudeDegrees>
            </Position>
            <AltitudeMeters>218.0</AltitudeMeters>
            <DistanceMeters>8754.4599609375</DistanceMeters>
            <HeartRateBpm>
              <Value>145</Value>
            </HeartRateBpm>
            <Extensions>
              <ns3:TPX>
                <ns3:Speed>2.565999984741211</ns3:Speed>
                <ns3:RunCadence>86</ns3:RunCadence>
              </ns3:TPX>
            </Extensions>
          </Trackpoint>
          <Trackpoint>
            <Time>2026-01-11T10:03:41.000Z</Time>
            <Position>
              <LatitudeDegrees>38.917208444327116</LatitudeDegrees>
              <LongitudeDegrees>-6.363639542832971</LongitudeDegrees>
            </Position>
            <AltitudeMeters>220.0</AltitudeMeters>
            <DistanceMeters>8776.400390625</DistanceMeters>
            <HeartRateBpm>
              <Value>145</Value>
            </HeartRateBpm>
            <Extensions>
              <ns3:TPX>
                <ns3:Speed>2.5850000381469727</ns3:Speed>
                <ns3:RunCadence>85</ns3:RunCadence>
              </ns3:TPX>
            </Extensions>
          </Trackpoint>
          <Trackpoint>
            <Time>2026-01-11T10:03:44.000Z</Time>
            <Position>
              <LatitudeDegrees>38.917167875915766</LatitudeDegrees>
              <LongitudeDegrees>-6.363711375743151</LongitudeDegrees>
            </Position>
            <AltitudeMeters>220.60000610351562</AltitudeMeters>
            <DistanceMeters>8784.080078125</DistanceMeters>
            <HeartRateBpm>
              <Value>145</Value>
            </HeartRateBpm>
            <Extensions>
              <ns3:TPX>
                <ns3:Speed>2.575000047683716</ns3:Speed>
                <ns3:RunCadence>85</ns3:RunCadence>
              </ns3:TPX>
            </Extensions>
          </Trackpoint>
          <Trackpoint>
            <Time>2026-01-11T10:03:50.000Z</Time>
            <Position>
              <LatitudeDegrees>38.91709763556719</LatitudeDegrees>
              <LongitudeDegrees>-6.363861663267016</LongitudeDegrees>
            </Position>
            <AltitudeMeters>222.0</AltitudeMeters>
            <DistanceMeters>8799.33984375</DistanceMeters>
            <HeartRateBpm>
              <Value>146</Value>
            </HeartRateBpm>
            <Extensions>
              <ns3:TPX>
                <ns3:Speed>2.565999984741211</ns3:Speed>
                <ns3:RunCadence>84</ns3:RunCadence>
              </ns3:TPX>
            </Extensions>
          </Trackpoint>
          <Trackpoint>
            <Time>2026-01-11T10:03:54.000Z</Time>
            <Position>
              <LatitudeDegrees>38.91705086454749</LatitudeDegrees>
              <LongitudeDegrees>-6.363969789817929</LongitudeDegrees>
            </Position>
            <AltitudeMeters>222.8000030517578</AltitudeMeters>
            <DistanceMeters>8810.419921875</DistanceMeters>
            <HeartRateBpm>
              <Value>146</Value>
            </HeartRateBpm>
            <Extensions>
              <ns3:TPX>
                <ns3:Speed>2.565999984741211</ns3:Speed>
                <ns3:RunCadence>85</ns3:RunCadence>
              </ns3:TPX>
            </Extensions>
          </Trackpoint>
          <Trackpoint>
            <Time>2026-01-11T10:03:55.000Z</Time>
            <Position>
              <LatitudeDegrees>38.917041309177876</LatitudeDegrees>
              <LongitudeDegrees>-6.363996025174856</LongitudeDegrees>
            </Position>
            <AltitudeMeters>223.0</AltitudeMeters>
            <DistanceMeters>8812.9296875</DistanceMeters>
            <HeartRateBpm>
              <Value>146</Value>
            </HeartRateBpm>
            <Extensions>
              <ns3:TPX>
                <ns3:Speed>2.565999984741211</ns3:Speed>
                <ns3:RunCadence>85</ns3:RunCadence>
              </ns3:TPX>
            </Extensions>
          </Trackpoint>
          <Trackpoint>
            <Time>2026-01-11T10:04:02.000Z</Time>
            <Position>
              <LatitudeDegrees>38.916895128786564</LatitudeDegrees>
              <LongitudeDegrees>-6.364144384860992</LongitudeDegrees>
            </Position>
            <AltitudeMeters>224.0</AltitudeMeters>
            <DistanceMeters>8834.0498046875</DistanceMeters>
            <HeartRateBpm>
              <Value>146</Value>
            </HeartRateBpm>
            <Extensions>
              <ns3:TPX>
                <ns3:Speed>2.575000047683716</ns3:Speed>
                <ns3:RunCadence>85</ns3:RunCadence>
              </ns3:TPX>
            </Extensions>
          </Trackpoint>
          <Trackpoint>
            <Time>2026-01-11T10:04:10.000Z</Time>
            <Position>
              <LatitudeDegrees>38.916718354448676</LatitudeDegrees>
              <LongitudeDegrees>-6.364244632422924</LongitudeDegrees>
            </Position>
            <AltitudeMeters>223.8000030517578</AltitudeMeters>
            <DistanceMeters>8855.1796875</DistanceMeters>
            <HeartRateBpm>
              <Value>147</Value>
            </HeartRateBpm>
            <Extensions>
              <ns3:TPX>
                <ns3:Speed>2.5940001010894775</ns3:Speed>
                <ns3:RunCadence>85</ns3:RunCadence>
              </ns3:TPX>
            </Extensions>
          </Trackpoint>
          <Trackpoint>
            <Time>2026-01-11T10:04:14.000Z</Time>
            <Position>
              <LatitudeDegrees>38.91662422567606</LatitudeDegrees>
              <LongitudeDegrees>-6.364293247461319</LongitudeDegrees>
            </Position>
            <AltitudeMeters>224.0</AltitudeMeters>
            <DistanceMeters>8866.3896484375</DistanceMeters>
            <HeartRateBpm>
              <Value>147</Value>
            </HeartRateBpm>
            <Extensions>
              <ns3:TPX>
                <ns3:Speed>2.5940001010894775</ns3:Speed>
                <ns3:RunCadence>85</ns3:RunCadence>
              </ns3:TPX>
            </Extensions>
          </Trackpoint>
          <Trackpoint>
            <Time>2026-01-11T10:04:22.000Z</Time>
            <Position>
              <LatitudeDegrees>38.916444350034</LatitudeDegrees>
              <LongitudeDegrees>-6.36438368819654</LongitudeDegrees>
            </Position>
            <AltitudeMeters>224.1999969482422</AltitudeMeters>
            <DistanceMeters>8887.849609375</DistanceMeters>
            <HeartRateBpm>
              <Value>147</Value>
            </HeartRateBpm>
            <Extensions>
              <ns3:TPX>
                <ns3:Speed>2.61299991607666</ns3:Speed>
                <ns3:RunCadence>84</ns3:RunCadence>
              </ns3:TPX>
            </Extensions>
          </Trackpoint>
          <Trackpoint>
            <Time>2026-01-11T10:04:26.000Z</Time>
            <Position>
              <LatitudeDegrees>38.916367487981915</LatitudeDegrees>
              <LongitudeDegrees>-6.364436745643616</LongitudeDegrees>
            </Position>
            <AltitudeMeters>224.60000610351562</AltitudeMeters>
            <DistanceMeters>8897.5302734375</DistanceMeters>
            <HeartRateBpm>
              <Value>146</Value>
            </HeartRateBpm>
            <Extensions>
              <ns3:TPX>
                <ns3:Speed>2.61299991607666</ns3:Speed>
                <ns3:RunCadence>85</ns3:RunCadence>
              </ns3:TPX>
            </Extensions>
          </Trackpoint>
          <Trackpoint>
            <Time>2026-01-11T10:04:34.000Z</Time>
            <Position>
              <LatitudeDegrees>38.91619473695755</LatitudeDegrees>
              <LongitudeDegrees>-6.364556355401874</LongitudeDegrees>
            </Position>
            <AltitudeMeters>225.60000610351562</AltitudeMeters>
            <DistanceMeters>8919.33984375</DistanceMeters>
            <HeartRateBpm>
              <Value>146</Value>
            </HeartRateBpm>
            <Extensions>
              <ns3:TPX>
                <ns3:Speed>2.63100004196167</ns3:Speed>
                <ns3:RunCadence>85</ns3:RunCadence>
              </ns3:TPX>
            </Extensions>
          </Trackpoint>
          <Trackpoint>
            <Time>2026-01-11T10:04:38.000Z</Time>
            <Position>
              <LatitudeDegrees>38.91611167229712</LatitudeDegrees>
              <LongitudeDegrees>-6.364617459475994</LongitudeDegrees>
            </Position>
            <AltitudeMeters>226.1999969482422</AltitudeMeters>
            <DistanceMeters>8929.98046875</DistanceMeters>
            <HeartRateBpm>
              <Value>146</Value>
            </HeartRateBpm>
            <Extensions>
              <ns3:TPX>
                <ns3:Speed>2.6410000324249268</ns3:Speed>
                <ns3:RunCadence>85</ns3:RunCadence>
              </ns3:TPX>
            </Extensions>
          </Trackpoint>
          <Trackpoint>
            <Time>2026-01-11T10:04:46.000Z</Time>
            <Position>
              <LatitudeDegrees>38.915947722271085</LatitudeDegrees>
              <LongitudeDegrees>-6.364745870232582</LongitudeDegrees>
            </Position>
            <AltitudeMeters>227.0</AltitudeMeters>
            <DistanceMeters>8951.3095703125</DistanceMeters>
            <HeartRateBpm>
              <Value>147</Value>
            </HeartRateBpm>
            <Extensions>
              <ns3:TPX>
                <ns3:Speed>2.6689999103546143</ns3:Speed>
                <ns3:RunCadence>85</ns3:RunCadence>
              </ns3:TPX>
            </Extensions>
          </Trackpoint>
          <Trackpoint>
            <Time>2026-01-11T10:04:51.000Z</Time>
            <Position>
              <LatitudeDegrees>38.91583900898695</LatitudeDegrees>
              <LongitudeDegrees>-6.36482298374176</LongitudeDegrees>
            </Position>
            <AltitudeMeters>227.39999389648438</AltitudeMeters>
            <DistanceMeters>8965.1396484375</DistanceMeters>
            <HeartRateBpm>
              <Value>147</Value>
            </HeartRateBpm>
            <Extensions>
              <ns3:TPX>
                <ns3:Speed>2.677999973297119</ns3:Speed>
                <ns3:RunCadence>85</ns3:RunCadence>
              </ns3:TPX>
            </Extensions>
          </Trackpoint>
          <Trackpoint>
            <Time>2026-01-11T10:04:59.000Z</Time>
            <Position>
              <LatitudeDegrees>38.91567153856158</LatitudeDegrees>
              <LongitudeDegrees>-6.364937731996179</LongitudeDegrees>
            </Position>
            <AltitudeMeters>228.0</AltitudeMeters>
            <DistanceMeters>8986.2099609375</DistanceMeters>
            <HeartRateBpm>
              <Value>148</Value>
            </HeartRateBpm>
            <Extensions>
              <ns3:TPX>
                <ns3:Speed>2.7060000896453857</ns3:Speed>
                <ns3:RunCadence>85</ns3:RunCadence>
              </ns3:TPX>
            </Extensions>
          </Trackpoint>
          <Trackpoint>
            <Time>2026-01-11T10:05:02.000Z</Time>
            <Position>
              <LatitudeDegrees>38.915609093382955</LatitudeDegrees>
              <LongitudeDegrees>-6.3649798091501</LongitudeDegrees>
            </Position>
            <AltitudeMeters>228.0</AltitudeMeters>
            <DistanceMeters>8994.0498046875</DistanceMeters>
            <HeartRateBpm>
              <Value>148</Value>
            </HeartRateBpm>
            <Extensions>
              <ns3:TPX>
                <ns3:Speed>2.7060000896453857</ns3:Speed>
                <ns3:RunCadence>86</ns3:RunCadence>
              </ns3:TPX>
            </Extensions>
          </Trackpoint>
          <Trackpoint>
            <Time>2026-01-11T10:05:05.000Z</Time>
            <Position>
              <LatitudeDegrees>38.91554715111852</LatitudeDegrees>
              <LongitudeDegrees>-6.36502331122756</LongitudeDegrees>
            </Position>
            <AltitudeMeters>228.1999969482422</AltitudeMeters>
            <DistanceMeters>9001.900390625</DistanceMeters>
            <HeartRateBpm>
              <Value>147</Value>
            </HeartRateBpm>
            <Extensions>
              <ns3:TPX>
                <ns3:Speed>2.7060000896453857</ns3:Speed>
                <ns3:RunCadence>86</ns3:RunCadence>
              </ns3:TPX>
            </Extensions>
          </Trackpoint>
        </Track>
        <Extensions>
          <ns3:LX>
            <ns3:AvgSpeed>2.6659998893737793</ns3:AvgSpeed>
            <ns3:AvgRunCadence>85</ns3:AvgRunCadence>
            <ns3:MaxRunCadence>87</ns3:MaxRunCadence>
          </ns3:LX>
        </Extensions>
      </Lap>
      <Lap StartTime="2026-01-11T10:05:06.000Z">
        <TotalTimeSeconds>319.267</TotalTimeSeconds>
        <DistanceMeters>1000.0</DistanceMeters>
        <MaximumSpeed>4.039999961853027</MaximumSpeed>
        <Calories>69</Calories>
        <AverageHeartRateBpm>
          <Value>145</Value>
        </AverageHeartRateBpm>
        <MaximumHeartRateBpm>
          <Value>166</Value>
        </MaximumHeartRateBpm>
        <Intensity>Active</Intensity>
        <TriggerMethod>Manual</TriggerMethod>
        <Track>
          <Trackpoint>
            <Time>2026-01-11T10:05:13.000Z</Time>
            <Position>
              <LatitudeDegrees>38.91539108008146</LatitudeDegrees>
              <LongitudeDegrees>-6.365146106109023</LongitudeDegrees>
            </Position>
            <AltitudeMeters>228.60000610351562</AltitudeMeters>
            <DistanceMeters>9022.25</DistanceMeters>
            <HeartRateBpm>
              <Value>147</Value>
            </HeartRateBpm>
            <Extensions>
              <ns3:TPX>
                <ns3:Speed>2.687000036239624</ns3:Speed>
                <ns3:RunCadence>83</ns3:RunCadence>
              </ns3:TPX>
            </Extensions>
          </Trackpoint>
          <Trackpoint>
            <Time>2026-01-11T10:05:15.000Z</Time>
            <Position>
              <LatitudeDegrees>38.915360402315855</LatitudeDegrees>
              <LongitudeDegrees>-6.365188267081976</LongitudeDegrees>
            </Position>
            <AltitudeMeters>228.60000610351562</AltitudeMeters>
            <DistanceMeters>9027.3095703125</DistanceMeters>
            <HeartRateBpm>
              <Value>146</Value>
            </HeartRateBpm>
            <Extensions>
              <ns3:TPX>
                <ns3:Speed>2.687000036239624</ns3:Speed>
                <ns3:RunCadence>83</ns3:RunCadence>
              </ns3:TPX>
            </Extensions>
          </Trackpoint>
          <Trackpoint>
            <Time>2026-01-11T10:05:18.000Z</Time>
            <Position>
              <LatitudeDegrees>38.915352104231715</LatitudeDegrees>
              <LongitudeDegrees>-6.365266218781471</LongitudeDegrees>
            </Position>
            <AltitudeMeters>229.0</AltitudeMeters>
            <DistanceMeters>9034.4404296875</DistanceMeters>
            <HeartRateBpm>
              <Value>146</Value>
            </HeartRateBpm>
            <Extensions>
              <ns3:TPX>
                <ns3:Speed>2.677999973297119</ns3:Speed>
                <ns3:RunCadence>83</ns3:RunCadence>
              </ns3:TPX>
            </Extensions>
          </Trackpoint>
          <Trackpoint>
            <Time>2026-01-11T10:05:23.000Z</Time>
            <Position>
              <LatitudeDegrees>38.915427373722196</LatitudeDegrees>
              <LongitudeDegrees>-6.365364957600832</LongitudeDegrees>
            </Position>
            <AltitudeMeters>229.39999389648438</AltitudeMeters>
            <DistanceMeters>9047.1298828125</DistanceMeters>
            <HeartRateBpm>
              <Value>145</Value>
            </HeartRateBpm>
            <Extensions>
              <ns3:TPX>
                <ns3:Speed>2.6689999103546143</ns3:Speed>
                <ns3:RunCadence>83</ns3:RunCadence>
              </ns3:TPX>
            </Extensions>
          </Trackpoint>
          <Trackpoint>
            <Time>2026-01-11T10:05:28.000Z</Time>
            <Position>
              <LatitudeDegrees>38.91552368178964</LatitudeDegrees>
              <LongitudeDegrees>-6.365310056135058</LongitudeDegrees>
            </Position>
            <AltitudeMeters>229.1999969482422</AltitudeMeters>
            <DistanceMeters>9058.9697265625</DistanceMeters>
            <HeartRateBpm>
              <Value>145</Value>
            </HeartRateBpm>
            <Extensions>
              <ns3:TPX>
                <ns3:Speed>2.6410000324249268</ns3:Speed>
                <ns3:RunCadence>82</ns3:RunCadence>
              </ns3:TPX>
            </Extensions>
          </Trackpoint>
          <Trackpoint>
            <Time>2026-01-11T10:05:36.000Z</Time>
            <Position>
              <LatitudeDegrees>38.915696600452065</LatitudeDegrees>
              <LongitudeDegrees>-6.365181058645248</LongitudeDegrees>
            </Position>
            <AltitudeMeters>228.60000610351562</AltitudeMeters>
            <DistanceMeters>9081.1904296875</DistanceMeters>
            <HeartRateBpm>
              <Value>145</Value>
            </HeartRateBpm>
            <Extensions>
              <ns3:TPX>
                <ns3:Speed>2.61299991607666</ns3:Speed>
                <ns3:RunCadence>85</ns3:RunCadence>
              </ns3:TPX>
            </Extensions>
          </Trackpoint>
          <Trackpoint>
            <Time>2026-01-11T10:05:39.000Z</Time>
            <Position>
              <LatitudeDegrees>38.915765918791294</LatitudeDegrees>
              <LongitudeDegrees>-6.365132192149758</LongitudeDegrees>
            </Position>
            <AltitudeMeters>228.1999969482422</AltitudeMeters>
            <DistanceMeters>9089.9599609375</DistanceMeters>
            <HeartRateBpm>
              <Value>145</Value>
            </HeartRateBpm>
            <Extensions>
              <ns3:TPX>
                <ns3:Speed>2.61299991607666</ns3:Speed>
                <ns3:RunCadence>85</ns3:RunCadence>
              </ns3:TPX>
            </Extensions>
          </Trackpoint>
          <Trackpoint>
            <Time>2026-01-11T10:05:46.000Z</Time>
            <Position>
              <LatitudeDegrees>38.91592123545706</LatitudeDegrees>
              <LongitudeDegrees>-6.3650217186659575</LongitudeDegrees>
            </Position>
            <AltitudeMeters>227.1999969482422</AltitudeMeters>
            <DistanceMeters>9109.7001953125</DistanceMeters>
            <HeartRateBpm>
              <Value>145</Value>
            </HeartRateBpm>
            <Extensions>
              <ns3:TPX>
                <ns3:Speed>2.63100004196167</ns3:Speed>
                <ns3:RunCadence>86</ns3:RunCadence>
              </ns3:TPX>
            </Extensions>
          </Trackpoint>
          <Trackpoint>
            <Time>2026-01-11T10:05:54.000Z</Time>
            <Position>
              <LatitudeDegrees>38.91609683632851</LatitudeDegrees>
              <LongitudeDegrees>-6.364893475547433</LongitudeDegrees>
            </Position>
            <AltitudeMeters>226.1999969482422</AltitudeMeters>
            <DistanceMeters>9132.1396484375</DistanceMeters>
            <HeartRateBpm>
              <Value>144</Value>
            </HeartRateBpm>
            <Extensions>
              <ns3:TPX>
                <ns3:Speed>2.6689999103546143</ns3:Speed>
                <ns3:RunCadence>84</ns3:RunCadence>
              </ns3:TPX>
            </Extensions>
          </Trackpoint>
          <Trackpoint>
            <Time>2026-01-11T10:05:57.000Z</Time>
            <Position>
              <LatitudeDegrees>38.9161663223058</LatitudeDegrees>
              <LongitudeDegrees>-6.364841004833579</LongitudeDegrees>
            </Position>
            <AltitudeMeters>225.8000030517578</AltitudeMeters>
            <DistanceMeters>9141.099609375</DistanceMeters>
            <HeartRateBpm>
              <Value>145</Value>
            </HeartRateBpm>
            <Extensions>
              <ns3:TPX>
                <ns3:Speed>2.687000036239624</ns3:Speed>
                <ns3:RunCadence>85</ns3:RunCadence>
              </ns3:TPX>
            </Extensions>
          </Trackpoint>
          <Trackpoint>
            <Time>2026-01-11T10:06:05.000Z</Time>
            <Position>
              <LatitudeDegrees>38.916319543495774</LatitudeDegrees>
              <LongitudeDegrees>-6.364698763936758</LongitudeDegrees>
            </Position>
            <AltitudeMeters>225.1999969482422</AltitudeMeters>
            <DistanceMeters>9162.150390625</DistanceMeters>
            <HeartRateBpm>
              <Value>144</Value>
            </HeartRateBpm>
            <Extensions>
              <ns3:TPX>
                <ns3:Speed>2.7060000896453857</ns3:Speed>
                <ns3:RunCadence>85</ns3:RunCadence>
              </ns3:TPX>
            </Extensions>
          </Trackpoint>
          <Trackpoint>
            <Time>2026-01-11T10:06:06.000Z</Time>
            <Position>
              <LatitudeDegrees>38.91633530147374</LatitudeDegrees>
              <LongitudeDegrees>-6.3646771386265755</LongitudeDegrees>
            </Position>
            <AltitudeMeters>225.1999969482422</AltitudeMeters>
            <DistanceMeters>9164.7099609375</DistanceMeters>
            <HeartRateBpm>
              <Value>143</Value>
            </HeartRateBpm>
            <Extensions>
              <ns3:TPX>
                <ns3:Speed>2.7060000896453857</ns3:Speed>
                <ns3:RunCadence>85</ns3:RunCadence>
              </ns3:TPX>
            </Extensions>
          </Trackpoint>
          <Trackpoint>
            <Time>2026-01-11T10:06:13.000Z</Time>
            <Position>
              <LatitudeDegrees>38.91649019904435</LatitudeDegrees>
              <LongitudeDegrees>-6.364562641829252</LongitudeDegrees>
            </Position>
            <AltitudeMeters>224.1999969482422</AltitudeMeters>
            <DistanceMeters>9184.6396484375</DistanceMeters>
            <HeartRateBpm>
              <Value>143</Value>
            </HeartRateBpm>
            <Extensions>
              <ns3:TPX>
                <ns3:Speed>2.697000026702881</ns3:Speed>
                <ns3:RunCadence>85</ns3:RunCadence>
              </ns3:TPX>
            </Extensions>
          </Trackpoint>
          <Trackpoint>
            <Time>2026-01-11T10:06:21.000Z</Time>
            <Position>
              <LatitudeDegrees>38.916656244546175</LatitudeDegrees>
              <LongitudeDegrees>-6.3644185569137335</LongitudeDegrees>
            </Position>
            <AltitudeMeters>223.39999389648438</AltitudeMeters>
            <DistanceMeters>9206.9404296875</DistanceMeters>
            <HeartRateBpm>
              <Value>141</Value>
            </HeartRateBpm>
            <Extensions>
              <ns3:TPX>
                <ns3:Speed>2.7149999141693115</ns3:Speed>
                <ns3:RunCadence>85</ns3:RunCadence>
              </ns3:TPX>
            </Extensions>
          </Trackpoint>
          <Trackpoint>
            <Time>2026-01-11T10:06:29.000Z</Time>
            <Position>
              <LatitudeDegrees>38.916807789355516</LatitudeDegrees>
              <LongitudeDegrees>-6.364275561645627</LongitudeDegrees>
            </Position>
            <AltitudeMeters>223.39999389648438</AltitudeMeters>
            <DistanceMeters>9227.8701171875</DistanceMeters>
            <HeartRateBpm>
              <Value>141</Value>
            </HeartRateBpm>
            <Extensions>
              <ns3:TPX>
                <ns3:Speed>2.7149999141693115</ns3:Speed>
                <ns3:RunCadence>84</ns3:RunCadence>
              </ns3:TPX>
            </Extensions>
          </Trackpoint>
          <Trackpoint>
            <Time>2026-01-11T10:06:36.000Z</Time>
            <Position>
              <LatitudeDegrees>38.916944498196244</LatitudeDegrees>
              <LongitudeDegrees>-6.364148324355483</LongitudeDegrees>
            </Position>
            <AltitudeMeters>224.0</AltitudeMeters>
            <DistanceMeters>9246.7001953125</DistanceMeters>
            <HeartRateBpm>
              <Value>140</Value>
            </HeartRateBpm>
            <Extensions>
              <ns3:TPX>
                <ns3:Speed>2.697000026702881</ns3:Speed>
                <ns3:RunCadence>85</ns3:RunCadence>
              </ns3:TPX>
            </Extensions>
          </Trackpoint>
          <Trackpoint>
            <Time>2026-01-11T10:06:37.000Z</Time>
            <Position>
              <LatitudeDegrees>38.91696126200259</LatitudeDegrees>
              <LongitudeDegrees>-6.364123597741127</LongitudeDegrees>
            </Position>
            <AltitudeMeters>224.0</AltitudeMeters>
            <DistanceMeters>9249.1904296875</DistanceMeters>
            <HeartRateBpm>
              <Value>140</Value>
            </HeartRateBpm>
            <Extensions>
              <ns3:TPX>
                <ns3:Speed>2.697000026702881</ns3:Speed>
                <ns3:RunCadence>85</ns3:RunCadence>
              </ns3:TPX>
            </Extensions>
          </Trackpoint>
          <Trackpoint>
            <Time>2026-01-11T10:06:39.000Z</Time>
            <Position>
              <LatitudeDegrees>38.91697064973414</LatitudeDegrees>
              <LongitudeDegrees>-6.364062242209911</LongitudeDegrees>
            </Position>
            <AltitudeMeters>223.60000610351562</AltitudeMeters>
            <DistanceMeters>9254.9501953125</DistanceMeters>
            <HeartRateBpm>
              <Value>140</Value>
            </HeartRateBpm>
            <Extensions>
              <ns3:TPX>
                <ns3:Speed>2.697000026702881</ns3:Speed>
                <ns3:RunCadence>85</ns3:RunCadence>
              </ns3:TPX>
            </Extensions>
          </Trackpoint>
          <Trackpoint>
            <Time>2026-01-11T10:06:41.000Z</Time>
            <Position>
              <LatitudeDegrees>38.91702781431377</LatitudeDegrees>
              <LongitudeDegrees>-6.364038521423936</LongitudeDegrees>
            </Position>
            <AltitudeMeters>223.39999389648438</AltitudeMeters>
            <DistanceMeters>9262.099609375</DistanceMeters>
            <HeartRateBpm>
              <Value>140</Value>
            </HeartRateBpm>
            <Extensions>
              <ns3:TPX>
                <ns3:Speed>2.7060000896453857</ns3:Speed>
                <ns3:RunCadence>85</ns3:RunCadence>
              </ns3:TPX>
            </Extensions>
          </Trackpoint>
          <Trackpoint>
            <Time>2026-01-11T10:06:42.000Z</Time>
            <Position>
              <LatitudeDegrees>38.917063772678375</LatitudeDegrees>
              <LongitudeDegrees>-6.36403969489038</LongitudeDegrees>
            </Position>
            <AltitudeMeters>223.39999389648438</AltitudeMeters>
            <DistanceMeters>9266.080078125</DistanceMeters>
            <HeartRateBpm>
              <Value>140</Value>
            </HeartRateBpm>
            <Extensions>
              <ns3:TPX>
                <ns3:Speed>2.7060000896453857</ns3:Speed>
                <ns3:RunCadence>85</ns3:RunCadence>
              </ns3:TPX>
            </Extensions>
          </Trackpoint>
          <Trackpoint>
            <Time>2026-01-11T10:06:43.000Z</Time>
            <Position>
              <LatitudeDegrees>38.91709964722395</LatitudeDegrees>
              <LongitudeDegrees>-6.364023936912417</LongitudeDegrees>
            </Position>
            <AltitudeMeters>223.1999969482422</AltitudeMeters>
            <DistanceMeters>9270.2001953125</DistanceMeters>
            <HeartRateBpm>
              <Value>140</Value>
            </HeartRateBpm>
            <Extensions>
              <ns3:TPX>
                <ns3:Speed>2.7060000896453857</ns3:Speed>
                <ns3:RunCadence>85</ns3:RunCadence>
              </ns3:TPX>
            </Extensions>
          </Trackpoint>
          <Trackpoint>
            <Time>2026-01-11T10:06:46.000Z</Time>
            <Position>
              <LatitudeDegrees>38.91716745682061</LatitudeDegrees>
              <LongitudeDegrees>-6.363957384601235</LongitudeDegrees>
            </Position>
            <AltitudeMeters>222.39999389648438</AltitudeMeters>
            <DistanceMeters>9279.6904296875</DistanceMeters>
            <HeartRateBpm>
              <Value>140</Value>
            </HeartRateBpm>
            <Extensions>
              <ns3:TPX>
                <ns3:Speed>2.7249999046325684</ns3:Speed>
                <ns3:RunCadence>85</ns3:RunCadence>
              </ns3:TPX>
            </Extensions>
          </Trackpoint>
          <Trackpoint>
            <Time>2026-01-11T10:06:53.000Z</Time>
            <Position>
              <LatitudeDegrees>38.917291425168514</LatitudeDegrees>
              <LongitudeDegrees>-6.363775581121445</LongitudeDegrees>
            </Position>
            <AltitudeMeters>220.60000610351562</AltitudeMeters>
            <DistanceMeters>9300.599609375</DistanceMeters>
            <HeartRateBpm>
              <Value>140</Value>
            </HeartRateBpm>
            <Extensions>
              <ns3:TPX>
                <ns3:Speed>2.76200008392334</ns3:Speed>
                <ns3:RunCadence>84</ns3:RunCadence>
              </ns3:TPX>
            </Extensions>
          </Trackpoint>
          <Trackpoint>
            <Time>2026-01-11T10:06:54.000Z</Time>
            <Position>
              <LatitudeDegrees>38.917309110984206</LatitudeDegrees>
              <LongitudeDegrees>-6.363748172298074</LongitudeDegrees>
            </Position>
            <AltitudeMeters>220.39999389648438</AltitudeMeters>
            <DistanceMeters>9303.6904296875</DistanceMeters>
            <HeartRateBpm>
              <Value>139</Value>
            </HeartRateBpm>
            <Extensions>
              <ns3:TPX>
                <ns3:Speed>2.7709999084472656</ns3:Speed>
                <ns3:RunCadence>84</ns3:RunCadence>
              </ns3:TPX>
            </Extensions>
          </Trackpoint>
          <Trackpoint>
            <Time>2026-01-11T10:07:01.000Z</Time>
            <Position>
              <LatitudeDegrees>38.917440455406904</LatitudeDegrees>
              <LongitudeDegrees>-6.363562848418951</LongitudeDegrees>
            </Position>
            <AltitudeMeters>218.60000610351562</AltitudeMeters>
            <DistanceMeters>9325.400390625</DistanceMeters>
            <HeartRateBpm>
              <Value>139</Value>
            </HeartRateBpm>
            <Extensions>
              <ns3:TPX>
                <ns3:Speed>2.9110000133514404</ns3:Speed>
                <ns3:RunCadence>85</ns3:RunCadence>
              </ns3:TPX>
            </Extensions>
          </Trackpoint>
          <Trackpoint>
            <Time>2026-01-11T10:07:04.000Z</Time>
            <Position>
              <LatitudeDegrees>38.91749393194914</LatitudeDegrees>
              <LongitudeDegrees>-6.363486321642995</LongitudeDegrees>
            </Position>
            <AltitudeMeters>217.8000030517578</AltitudeMeters>
            <DistanceMeters>9334.3095703125</DistanceMeters>
            <HeartRateBpm>
              <Value>139</Value>
            </HeartRateBpm>
            <Extensions>
              <ns3:TPX>
                <ns3:Speed>2.9579999446868896</ns3:Speed>
                <ns3:RunCadence>85</ns3:RunCadence>
              </ns3:TPX>
            </Extensions>
          </Trackpoint>
          <Trackpoint>
            <Time>2026-01-11T10:07:09.000Z</Time>
            <Position>
              <LatitudeDegrees>38.91759124584496</LatitudeDegrees>
              <LongitudeDegrees>-6.363364951685071</LongitudeDegrees>
            </Position>
            <AltitudeMeters>216.60000610351562</AltitudeMeters>
            <DistanceMeters>9349.4697265625</DistanceMeters>
            <HeartRateBpm>
              <Value>139</Value>
            </HeartRateBpm>
            <Extensions>
              <ns3:TPX>
                <ns3:Speed>2.9760000705718994</ns3:Speed>
                <ns3:RunCadence>85</ns3:RunCadence>
              </ns3:TPX>
            </Extensions>
          </Trackpoint>
          <Trackpoint>
            <Time>2026-01-11T10:07:16.000Z</Time>
            <Position>
              <LatitudeDegrees>38.91767104156315</LatitudeDegrees>
              <LongitudeDegrees>-6.363149285316467</LongitudeDegrees>
            </Position>
            <AltitudeMeters>215.60000610351562</AltitudeMeters>
            <DistanceMeters>9370.169921875</DistanceMeters>
            <HeartRateBpm>
              <Value>139</Value>
            </HeartRateBpm>
            <Extensions>
              <ns3:TPX>
                <ns3:Speed>3.0230000019073486</ns3:Speed>
                <ns3:RunCadence>85</ns3:RunCadence>
              </ns3:TPX>
            </Extensions>
          </Trackpoint>
          <Trackpoint>
            <Time>2026-01-11T10:07:23.000Z</Time>
            <Position>
              <LatitudeDegrees>38.917742958292365</LatitudeDegrees>
              <LongitudeDegrees>-6.362925572320819</LongitudeDegrees>
            </Position>
            <AltitudeMeters>215.39999389648438</AltitudeMeters>
            <DistanceMeters>9391.1396484375</DistanceMeters>
            <HeartRateBpm>
              <Value>139</Value>
            </HeartRateBpm>
            <Extensions>
              <ns3:TPX>
                <ns3:Speed>3.0320000648498535</ns3:Speed>
                <ns3:RunCadence>85</ns3:RunCadence>
              </ns3:TPX>
            </Extensions>
          </Trackpoint>
          <Trackpoint>
            <Time>2026-01-11T10:07:25.000Z</Time>
            <Position>
              <LatitudeDegrees>38.91776617616415</LatitudeDegrees>
              <LongitudeDegrees>-6.362864971160889</LongitudeDegrees>
            </Position>
            <AltitudeMeters>215.60000610351562</AltitudeMeters>
            <DistanceMeters>9396.990234375</DistanceMeters>
            <HeartRateBpm>
              <Value>139</Value>
            </HeartRateBpm>
            <Extensions>
              <ns3:TPX>
                <ns3:Speed>3.0420000553131104</ns3:Speed>
                <ns3:RunCadence>85</ns3:RunCadence>
              </ns3:TPX>
            </Extensions>
          </Trackpoint>
          <Trackpoint>
            <Time>2026-01-11T10:07:32.000Z</Time>
            <Position>
              <LatitudeDegrees>38.91783884726465</LatitudeDegrees>
              <LongitudeDegrees>-6.362663637846708</LongitudeDegrees>
            </Position>
            <AltitudeMeters>215.8000030517578</AltitudeMeters>
            <DistanceMeters>9416.2197265625</DistanceMeters>
            <HeartRateBpm>
              <Value>140</Value>
            </HeartRateBpm>
            <Extensions>
              <ns3:TPX>
                <ns3:Speed>3.0420000553131104</ns3:Speed>
                <ns3:RunCadence>86</ns3:RunCadence>
              </ns3:TPX>
            </Extensions>
          </Trackpoint>
          <Trackpoint>
            <Time>2026-01-11T10:07:39.000Z</Time>
            <Position>
              <LatitudeDegrees>38.91792551614344</LatitudeDegrees>
              <LongitudeDegrees>-6.362455431371927</LongitudeDegrees>
            </Position>
            <AltitudeMeters>216.1999969482422</AltitudeMeters>
            <DistanceMeters>9436.7900390625</DistanceMeters>
            <HeartRateBpm>
              <Value>140</Value>
            </HeartRateBpm>
            <Extensions>
              <ns3:TPX>
                <ns3:Speed>3.0230000019073486</ns3:Speed>
                <ns3:RunCadence>86</ns3:RunCadence>
              </ns3:TPX>
            </Extensions>
          </Trackpoint>
          <Trackpoint>
            <Time>2026-01-11T10:07:45.000Z</Time>
            <Position>
              <LatitudeDegrees>38.91792928799987</LatitudeDegrees>
              <LongitudeDegrees>-6.362290224060416</LongitudeDegrees>
            </Position>
            <AltitudeMeters>216.60000610351562</AltitudeMeters>
            <DistanceMeters>9450.7197265625</DistanceMeters>
            <HeartRateBpm>
              <Value>139</Value>
            </HeartRateBpm>
            <Extensions>
              <ns3:TPX>
                <ns3:Speed>2.9860000610351562</ns3:Speed>
                <ns3:RunCadence>85</ns3:RunCadence>
              </ns3:TPX>
            </Extensions>
          </Trackpoint>
          <Trackpoint>
            <Time>2026-01-11T10:07:52.000Z</Time>
            <Position>
              <LatitudeDegrees>38.91794001683593</LatitudeDegrees>
              <LongitudeDegrees>-6.362079419195652</LongitudeDegrees>
            </Position>
            <AltitudeMeters>217.1999969482422</AltitudeMeters>
            <DistanceMeters>9468.9501953125</DistanceMeters>
            <HeartRateBpm>
              <Value>140</Value>
            </HeartRateBpm>
            <Extensions>
              <ns3:TPX>
                <ns3:Speed>2.9210000038146973</ns3:Speed>
                <ns3:RunCadence>85</ns3:RunCadence>
              </ns3:TPX>
            </Extensions>
          </Trackpoint>
          <Trackpoint>
            <Time>2026-01-11T10:07:53.000Z</Time>
            <Position>
              <LatitudeDegrees>38.91794404014945</LatitudeDegrees>
              <LongitudeDegrees>-6.362054692581296</LongitudeDegrees>
            </Position>
            <AltitudeMeters>217.1999969482422</AltitudeMeters>
            <DistanceMeters>9471.1396484375</DistanceMeters>
            <HeartRateBpm>
              <Value>140</Value>
            </HeartRateBpm>
            <Extensions>
              <ns3:TPX>
                <ns3:Speed>2.9110000133514404</ns3:Speed>
                <ns3:RunCadence>86</ns3:RunCadence>
              </ns3:TPX>
            </Extensions>
          </Trackpoint>
          <Trackpoint>
            <Time>2026-01-11T10:08:00.000Z</Time>
            <Position>
              <LatitudeDegrees>38.91801000572741</LatitudeDegrees>
              <LongitudeDegrees>-6.361804744228721</LongitudeDegrees>
            </Position>
            <AltitudeMeters>217.39999389648438</AltitudeMeters>
            <DistanceMeters>9493.98046875</DistanceMeters>
            <HeartRateBpm>
              <Value>140</Value>
            </HeartRateBpm>
            <Extensions>
              <ns3:TPX>
                <ns3:Speed>2.8929998874664307</ns3:Speed>
                <ns3:RunCadence>85</ns3:RunCadence>
              </ns3:TPX>
            </Extensions>
          </Trackpoint>
          <Trackpoint>
            <Time>2026-01-11T10:08:06.000Z</Time>
            <Position>
              <LatitudeDegrees>38.918078653514385</LatitudeDegrees>
              <LongitudeDegrees>-6.361605757847428</LongitudeDegrees>
            </Position>
            <AltitudeMeters>217.60000610351562</AltitudeMeters>
            <DistanceMeters>9513.0</DistanceMeters>
            <HeartRateBpm>
              <Value>141</Value>
            </HeartRateBpm>
            <Extensions>
              <ns3:TPX>
                <ns3:Speed>2.9019999504089355</ns3:Speed>
                <ns3:RunCadence>84</ns3:RunCadence>
              </ns3:TPX>
            </Extensions>
          </Trackpoint>
          <Trackpoint>
            <Time>2026-01-11T10:08:11.000Z</Time>
            <Position>
              <LatitudeDegrees>38.91812877729535</LatitudeDegrees>
              <LongitudeDegrees>-6.361422948539257</LongitudeDegrees>
            </Position>
            <AltitudeMeters>217.1999969482422</AltitudeMeters>
            <DistanceMeters>9529.8203125</DistanceMeters>
            <HeartRateBpm>
              <Value>142</Value>
            </HeartRateBpm>
            <Extensions>
              <ns3:TPX>
                <ns3:Speed>2.9210000038146973</ns3:Speed>
                <ns3:RunCadence>83</ns3:RunCadence>
              </ns3:TPX>
            </Extensions>
          </Trackpoint>
          <Trackpoint>
            <Time>2026-01-11T10:08:18.000Z</Time>
            <Position>
              <LatitudeDegrees>38.918197927996516</LatitudeDegrees>
              <LongitudeDegrees>-6.361181046813726</LongitudeDegrees>
            </Position>
            <AltitudeMeters>216.60000610351562</AltitudeMeters>
            <DistanceMeters>9552.1201171875</DistanceMeters>
            <HeartRateBpm>
              <Value>142</Value>
            </HeartRateBpm>
            <Extensions>
              <ns3:TPX>
                <ns3:Speed>2.9579999446868896</ns3:Speed>
                <ns3:RunCadence>84</ns3:RunCadence>
              </ns3:TPX>
            </Extensions>
          </Trackpoint>
          <Trackpoint>
            <Time>2026-01-11T10:08:25.000Z</Time>
            <Position>
              <LatitudeDegrees>38.91825685277581</LatitudeDegrees>
              <LongitudeDegrees>-6.36094668880105</LongitudeDegrees>
            </Position>
            <AltitudeMeters>215.8000030517578</AltitudeMeters>
            <DistanceMeters>9573.48046875</DistanceMeters>
            <HeartRateBpm>
              <Value>142</Value>
            </HeartRateBpm>
            <Extensions>
              <ns3:TPX>
                <ns3:Speed>2.994999885559082</ns3:Speed>
                <ns3:RunCadence>84</ns3:RunCadence>
              </ns3:TPX>
            </Extensions>
          </Trackpoint>
          <Trackpoint>
            <Time>2026-01-11T10:08:27.000Z</Time>
            <Position>
              <LatitudeDegrees>38.91827076673508</LatitudeDegrees>
              <LongitudeDegrees>-6.360878627747297</LongitudeDegrees>
            </Position>
            <AltitudeMeters>215.39999389648438</AltitudeMeters>
            <DistanceMeters>9579.580078125</DistanceMeters>
            <HeartRateBpm>
              <Value>142</Value>
            </HeartRateBpm>
            <Extensions>
              <ns3:TPX>
                <ns3:Speed>3.003999948501587</ns3:Speed>
                <ns3:RunCadence>85</ns3:RunCadence>
              </ns3:TPX>
            </Extensions>
          </Trackpoint>
          <Trackpoint>
            <Time>2026-01-11T10:08:34.000Z</Time>
            <Position>
              <LatitudeDegrees>38.91833430156112</LatitudeDegrees>
              <LongitudeDegrees>-6.360658686608076</LongitudeDegrees>
            </Position>
            <AltitudeMeters>214.1999969482422</AltitudeMeters>
            <DistanceMeters>9599.919921875</DistanceMeters>
            <HeartRateBpm>
              <Value>142</Value>
            </HeartRateBpm>
            <Extensions>
              <ns3:TPX>
                <ns3:Speed>3.0230000019073486</ns3:Speed>
                <ns3:RunCadence>85</ns3:RunCadence>
              </ns3:TPX>
            </Extensions>
          </Trackpoint>
          <Trackpoint>
            <Time>2026-01-11T10:08:37.000Z</Time>
            <Position>
              <LatitudeDegrees>38.918359614908695</LatitudeDegrees>
              <LongitudeDegrees>-6.360558941960335</LongitudeDegrees>
            </Position>
            <AltitudeMeters>213.60000610351562</AltitudeMeters>
            <DistanceMeters>9609.01953125</DistanceMeters>
            <HeartRateBpm>
              <Value>142</Value>
            </HeartRateBpm>
            <Extensions>
              <ns3:TPX>
                <ns3:Speed>3.0230000019073486</ns3:Speed>
                <ns3:RunCadence>85</ns3:RunCadence>
              </ns3:TPX>
            </Extensions>
          </Trackpoint>
          <Trackpoint>
            <Time>2026-01-11T10:08:44.000Z</Time>
            <Position>
              <LatitudeDegrees>38.91842482611537</LatitudeDegrees>
              <LongitudeDegrees>-6.360341012477875</LongitudeDegrees>
            </Position>
            <AltitudeMeters>212.60000610351562</AltitudeMeters>
            <DistanceMeters>9629.25</DistanceMeters>
            <HeartRateBpm>
              <Value>142</Value>
            </HeartRateBpm>
            <Extensions>
              <ns3:TPX>
                <ns3:Speed>3.0320000648498535</ns3:Speed>
                <ns3:RunCadence>85</ns3:RunCadence>
              </ns3:TPX>
            </Extensions>
          </Trackpoint>
          <Trackpoint>
            <Time>2026-01-11T10:08:45.000Z</Time>
            <Position>
              <LatitudeDegrees>38.91843035817146</LatitudeDegrees>
              <LongitudeDegrees>-6.360306395217776</LongitudeDegrees>
            </Position>
            <AltitudeMeters>212.39999389648438</AltitudeMeters>
            <DistanceMeters>9632.3203125</DistanceMeters>
            <HeartRateBpm>
              <Value>142</Value>
            </HeartRateBpm>
            <Extensions>
              <ns3:TPX>
                <ns3:Speed>3.0320000648498535</ns3:Speed>
                <ns3:RunCadence>85</ns3:RunCadence>
              </ns3:TPX>
            </Extensions>
          </Trackpoint>
          <Trackpoint>
            <Time>2026-01-11T10:08:52.000Z</Time>
            <Position>
              <LatitudeDegrees>38.918478805571795</LatitudeDegrees>
              <LongitudeDegrees>-6.360080502927303</LongitudeDegrees>
            </Position>
            <AltitudeMeters>210.39999389648438</AltitudeMeters>
            <DistanceMeters>9652.6904296875</DistanceMeters>
            <HeartRateBpm>
              <Value>142</Value>
            </HeartRateBpm>
            <Extensions>
              <ns3:TPX>
                <ns3:Speed>3.0320000648498535</ns3:Speed>
                <ns3:RunCadence>82</ns3:RunCadence>
              </ns3:TPX>
            </Extensions>
          </Trackpoint>
          <Trackpoint>
            <Time>2026-01-11T10:08:58.000Z</Time>
            <Position>
              <LatitudeDegrees>38.918535467237234</LatitudeDegrees>
              <LongitudeDegrees>-6.359863160178065</LongitudeDegrees>
            </Position>
            <AltitudeMeters>208.39999389648438</AltitudeMeters>
            <DistanceMeters>9672.6796875</DistanceMeters>
            <HeartRateBpm>
              <Value>141</Value>
            </HeartRateBpm>
            <Extensions>
              <ns3:TPX>
                <ns3:Speed>3.0420000553131104</ns3:Speed>
                <ns3:RunCadence>83</ns3:RunCadence>
              </ns3:TPX>
            </Extensions>
          </Trackpoint>
          <Trackpoint>
            <Time>2026-01-11T10:08:59.000Z</Time>
            <Position>
              <LatitudeDegrees>38.91855030320585</LatitudeDegrees>
              <LongitudeDegrees>-6.359829716384411</LongitudeDegrees>
            </Position>
            <AltitudeMeters>208.1999969482422</AltitudeMeters>
            <DistanceMeters>9675.9697265625</DistanceMeters>
            <HeartRateBpm>
              <Value>141</Value>
            </HeartRateBpm>
            <Extensions>
              <ns3:TPX>
                <ns3:Speed>3.0510001182556152</ns3:Speed>
                <ns3:RunCadence>83</ns3:RunCadence>
              </ns3:TPX>
            </Extensions>
          </Trackpoint>
          <Trackpoint>
            <Time>2026-01-11T10:09:05.000Z</Time>
            <Position>
              <LatitudeDegrees>38.9186717569828</LatitudeDegrees>
              <LongitudeDegrees>-6.359643638134003</LongitudeDegrees>
            </Position>
            <AltitudeMeters>207.0</AltitudeMeters>
            <DistanceMeters>9697.48046875</DistanceMeters>
            <HeartRateBpm>
              <Value>141</Value>
            </HeartRateBpm>
            <Extensions>
              <ns3:TPX>
                <ns3:Speed>3.0980000495910645</ns3:Speed>
                <ns3:RunCadence>86</ns3:RunCadence>
              </ns3:TPX>
            </Extensions>
          </Trackpoint>
          <Trackpoint>
            <Time>2026-01-11T10:09:11.000Z</Time>
            <Position>
              <LatitudeDegrees>38.91885733231902</LatitudeDegrees>
              <LongitudeDegrees>-6.359545150771737</LongitudeDegrees>
            </Position>
            <AltitudeMeters>206.60000610351562</AltitudeMeters>
            <DistanceMeters>9719.919921875</DistanceMeters>
            <HeartRateBpm>
              <Value>142</Value>
            </HeartRateBpm>
            <Extensions>
              <ns3:TPX>
                <ns3:Speed>3.3310000896453857</ns3:Speed>
                <ns3:RunCadence>87</ns3:RunCadence>
              </ns3:TPX>
            </Extensions>
          </Trackpoint>
          <Trackpoint>
            <Time>2026-01-11T10:09:12.000Z</Time>
            <Position>
              <LatitudeDegrees>38.91888901591301</LatitudeDegrees>
              <LongitudeDegrees>-6.359542887657881</LongitudeDegrees>
            </Position>
            <AltitudeMeters>206.60000610351562</AltitudeMeters>
            <DistanceMeters>9723.4404296875</DistanceMeters>
            <HeartRateBpm>
              <Value>143</Value>
            </HeartRateBpm>
            <Extensions>
              <ns3:TPX>
                <ns3:Speed>3.38700008392334</ns3:Speed>
                <ns3:RunCadence>87</ns3:RunCadence>
              </ns3:TPX>
            </Extensions>
          </Trackpoint>
          <Trackpoint>
            <Time>2026-01-11T10:09:18.000Z</Time>
            <Position>
              <LatitudeDegrees>38.91907894983888</LatitudeDegrees>
              <LongitudeDegrees>-6.35959854349494</LongitudeDegrees>
            </Position>
            <AltitudeMeters>207.1999969482422</AltitudeMeters>
            <DistanceMeters>9745.150390625</DistanceMeters>
            <HeartRateBpm>
              <Value>145</Value>
            </HeartRateBpm>
            <Extensions>
              <ns3:TPX>
                <ns3:Speed>3.5739998817443848</ns3:Speed>
                <ns3:RunCadence>88</ns3:RunCadence>
              </ns3:TPX>
            </Extensions>
          </Trackpoint>
          <Trackpoint>
            <Time>2026-01-11T10:09:24.000Z</Time>
            <Position>
              <LatitudeDegrees>38.919271901249886</LatitudeDegrees>
              <LongitudeDegrees>-6.35968211106956</LongitudeDegrees>
            </Position>
            <AltitudeMeters>207.0</AltitudeMeters>
            <DistanceMeters>9767.75</DistanceMeters>
            <HeartRateBpm>
              <Value>148</Value>
            </HeartRateBpm>
            <Extensions>
              <ns3:TPX>
                <ns3:Speed>3.694999933242798</ns3:Speed>
                <ns3:RunCadence>88</ns3:RunCadence>
              </ns3:TPX>
            </Extensions>
          </Trackpoint>
          <Trackpoint>
            <Time>2026-01-11T10:09:28.000Z</Time>
            <Position>
              <LatitudeDegrees>38.91940601170063</LatitudeDegrees>
              <LongitudeDegrees>-6.359734078869224</LongitudeDegrees>
            </Position>
            <AltitudeMeters>207.1999969482422</AltitudeMeters>
            <DistanceMeters>9783.3095703125</DistanceMeters>
            <HeartRateBpm>
              <Value>151</Value>
            </HeartRateBpm>
            <Extensions>
              <ns3:TPX>
                <ns3:Speed>3.7880001068115234</ns3:Speed>
                <ns3:RunCadence>89</ns3:RunCadence>
              </ns3:TPX>
            </Extensions>
          </Trackpoint>
          <Trackpoint>
            <Time>2026-01-11T10:09:31.000Z</Time>
            <Position>
              <LatitudeDegrees>38.91950718127191</LatitudeDegrees>
              <LongitudeDegrees>-6.359775736927986</LongitudeDegrees>
            </Position>
            <AltitudeMeters>207.1999969482422</AltitudeMeters>
            <DistanceMeters>9795.1103515625</DistanceMeters>
            <HeartRateBpm>
              <Value>153</Value>
            </HeartRateBpm>
            <Extensions>
              <ns3:TPX>
                <ns3:Speed>3.8540000915527344</ns3:Speed>
                <ns3:RunCadence>89</ns3:RunCadence>
              </ns3:TPX>
            </Extensions>
          </Trackpoint>
          <Trackpoint>
            <Time>2026-01-11T10:09:36.000Z</Time>
            <Position>
              <LatitudeDegrees>38.919671634212136</LatitudeDegrees>
              <LongitudeDegrees>-6.35984187014401</LongitudeDegrees>
            </Position>
            <AltitudeMeters>207.8000030517578</AltitudeMeters>
            <DistanceMeters>9814.259765625</DistanceMeters>
            <HeartRateBpm>
              <Value>156</Value>
            </HeartRateBpm>
            <Extensions>
              <ns3:TPX>
                <ns3:Speed>3.9660000801086426</ns3:Speed>
                <ns3:RunCadence>89</ns3:RunCadence>
              </ns3:TPX>
            </Extensions>
          </Trackpoint>
          <Trackpoint>
            <Time>2026-01-11T10:09:42.000Z</Time>
            <Position>
              <LatitudeDegrees>38.91987699083984</LatitudeDegrees>
              <LongitudeDegrees>-6.35992644354701</LongitudeDegrees>
            </Position>
            <AltitudeMeters>207.60000610351562</AltitudeMeters>
            <DistanceMeters>9838.2099609375</DistanceMeters>
            <HeartRateBpm>
              <Value>157</Value>
            </HeartRateBpm>
            <Extensions>
              <ns3:TPX>
                <ns3:Speed>3.99399995803833</ns3:Speed>
                <ns3:RunCadence>90</ns3:RunCadence>
              </ns3:TPX>
            </Extensions>
          </Trackpoint>
          <Trackpoint>
            <Time>2026-01-11T10:09:44.000Z</Time>
            <Position>
              <LatitudeDegrees>38.919943794608116</LatitudeDegrees>
              <LongitudeDegrees>-6.359953433275223</LongitudeDegrees>
            </Position>
            <AltitudeMeters>208.0</AltitudeMeters>
            <DistanceMeters>9845.990234375</DistanceMeters>
            <HeartRateBpm>
              <Value>158</Value>
            </HeartRateBpm>
            <Extensions>
              <ns3:TPX>
                <ns3:Speed>4.01200008392334</ns3:Speed>
                <ns3:RunCadence>90</ns3:RunCadence>
              </ns3:TPX>
            </Extensions>
          </Trackpoint>
          <Trackpoint>
            <Time>2026-01-11T10:09:49.000Z</Time>
            <Position>
              <LatitudeDegrees>38.920117132365704</LatitudeDegrees>
              <LongitudeDegrees>-6.3600206561386585</LongitudeDegrees>
            </Position>
            <AltitudeMeters>208.8000030517578</AltitudeMeters>
            <DistanceMeters>9866.08984375</DistanceMeters>
            <HeartRateBpm>
              <Value>159</Value>
            </HeartRateBpm>
            <Extensions>
              <ns3:TPX>
                <ns3:Speed>4.021999835968018</ns3:Speed>
                <ns3:RunCadence>89</ns3:RunCadence>
              </ns3:TPX>
            </Extensions>
          </Trackpoint>
          <Trackpoint>
            <Time>2026-01-11T10:09:54.000Z</Time>
            <Position>
              <LatitudeDegrees>38.920288290828466</LatitudeDegrees>
              <LongitudeDegrees>-6.360094919800758</LongitudeDegrees>
            </Position>
            <AltitudeMeters>209.8000030517578</AltitudeMeters>
            <DistanceMeters>9886.16015625</DistanceMeters>
            <HeartRateBpm>
              <Value>161</Value>
            </HeartRateBpm>
            <Extensions>
              <ns3:TPX>
                <ns3:Speed>4.031000137329102</ns3:Speed>
                <ns3:RunCadence>91</ns3:RunCadence>
              </ns3:TPX>
            </Extensions>
          </Trackpoint>
          <Trackpoint>
            <Time>2026-01-11T10:09:55.000Z</Time>
            <Position>
              <LatitudeDegrees>38.92032181844115</LatitudeDegrees>
              <LongitudeDegrees>-6.360107325017452</LongitudeDegrees>
            </Position>
            <AltitudeMeters>209.8000030517578</AltitudeMeters>
            <DistanceMeters>9890.0302734375</DistanceMeters>
            <HeartRateBpm>
              <Value>162</Value>
            </HeartRateBpm>
            <Extensions>
              <ns3:TPX>
                <ns3:Speed>4.031000137329102</ns3:Speed>
                <ns3:RunCadence>91</ns3:RunCadence>
              </ns3:TPX>
            </Extensions>
          </Trackpoint>
          <Trackpoint>
            <Time>2026-01-11T10:10:01.000Z</Time>
            <Position>
              <LatitudeDegrees>38.92051971517503</LatitudeDegrees>
              <LongitudeDegrees>-6.360181337222457</LongitudeDegrees>
            </Position>
            <AltitudeMeters>210.60000610351562</AltitudeMeters>
            <DistanceMeters>9912.919921875</DistanceMeters>
            <HeartRateBpm>
              <Value>163</Value>
            </HeartRateBpm>
            <Extensions>
              <ns3:TPX>
                <ns3:Speed>4.039999961853027</ns3:Speed>
                <ns3:RunCadence>89</ns3:RunCadence>
              </ns3:TPX>
            </Extensions>
          </Trackpoint>
          <Trackpoint>
            <Time>2026-01-11T10:10:04.000Z</Time>
            <Position>
              <LatitudeDegrees>38.92062063328922</LatitudeDegrees>
              <LongitudeDegrees>-6.360216876491904</LongitudeDegrees>
            </Position>
            <AltitudeMeters>210.8000030517578</AltitudeMeters>
            <DistanceMeters>9924.5302734375</DistanceMeters>
            <HeartRateBpm>
              <Value>164</Value>
            </HeartRateBpm>
            <Extensions>
              <ns3:TPX>
                <ns3:Speed>4.039999961853027</ns3:Speed>
                <ns3:RunCadence>89</ns3:RunCadence>
              </ns3:TPX>
            </Extensions>
          </Trackpoint>
          <Trackpoint>
            <Time>2026-01-11T10:10:10.000Z</Time>
            <Position>
              <LatitudeDegrees>38.92080050893128</LatitudeDegrees>
              <LongitudeDegrees>-6.360330954194069</LongitudeDegrees>
            </Position>
            <AltitudeMeters>210.0</AltitudeMeters>
            <DistanceMeters>9946.919921875</DistanceMeters>
            <HeartRateBpm>
              <Value>164</Value>
            </HeartRateBpm>
            <Extensions>
              <ns3:TPX>
                <ns3:Speed>4.021999835968018</ns3:Speed>
                <ns3:RunCadence>90</ns3:RunCadence>
              </ns3:TPX>
            </Extensions>
          </Trackpoint>
          <Trackpoint>
            <Time>2026-01-11T10:10:12.000Z</Time>
            <Position>
              <LatitudeDegrees>38.92085867933929</LatitudeDegrees>
              <LongitudeDegrees>-6.3603759650141</LongitudeDegrees>
            </Position>
            <AltitudeMeters>209.39999389648438</AltitudeMeters>
            <DistanceMeters>9954.48046875</DistanceMeters>
            <HeartRateBpm>
              <Value>164</Value>
            </HeartRateBpm>
            <Extensions>
              <ns3:TPX>
                <ns3:Speed>4.021999835968018</ns3:Speed>
                <ns3:RunCadence>90</ns3:RunCadence>
              </ns3:TPX>
            </Extensions>
          </Trackpoint>
          <Trackpoint>
            <Time>2026-01-11T10:10:17.000Z</Time>
            <Position>
              <LatitudeDegrees>38.921002177521586</LatitudeDegrees>
              <LongitudeDegrees>-6.360517283901572</LongitudeDegrees>
            </Position>
            <AltitudeMeters>208.1999969482422</AltitudeMeters>
            <DistanceMeters>9974.58984375</DistanceMeters>
            <HeartRateBpm>
              <Value>165</Value>
            </HeartRateBpm>
            <Extensions>
              <ns3:TPX>
                <ns3:Speed>3.99399995803833</ns3:Speed>
                <ns3:RunCadence>90</ns3:RunCadence>
              </ns3:TPX>
            </Extensions>
          </Trackpoint>
          <Trackpoint>
            <Time>2026-01-11T10:10:20.000Z</Time>
            <Position>
              <LatitudeDegrees>38.921077363193035</LatitudeDegrees>
              <LongitudeDegrees>-6.360615352168679</LongitudeDegrees>
            </Position>
            <AltitudeMeters>207.8000030517578</AltitudeMeters>
            <DistanceMeters>9986.51953125</DistanceMeters>
            <HeartRateBpm>
              <Value>165</Value>
            </HeartRateBpm>
            <Extensions>
              <ns3:TPX>
                <ns3:Speed>3.99399995803833</ns3:Speed>
                <ns3:RunCadence>91</ns3:RunCadence>
              </ns3:TPX>
            </Extensions>
          </Trackpoint>
          <Trackpoint>
            <Time>2026-01-11T10:10:24.000Z</Time>
            <Position>
              <LatitudeDegrees>38.92116939648986</LatitudeDegrees>
              <LongitudeDegrees>-6.360743846744299</LongitudeDegrees>
            </Position>
            <AltitudeMeters>208.0</AltitudeMeters>
            <DistanceMeters>10001.6396484375</DistanceMeters>
            <HeartRateBpm>
              <Value>166</Value>
            </HeartRateBpm>
            <Extensions>
              <ns3:TPX>
                <ns3:Speed>3.99399995803833</ns3:Speed>
                <ns3:RunCadence>91</ns3:RunCadence>
              </ns3:TPX>
            </Extensions>
          </Trackpoint>
          <Trackpoint>
            <Time>2026-01-11T10:10:25.000Z</Time>
            <Position>
              <LatitudeDegrees>38.92119286581874</LatitudeDegrees>
              <LongitudeDegrees>-6.360771171748638</LongitudeDegrees>
            </Position>
            <AltitudeMeters>208.1999969482422</AltitudeMeters>
            <DistanceMeters>10005.16015625</DistanceMeters>
            <HeartRateBpm>
              <Value>166</Value>
            </HeartRateBpm>
            <Extensions>
              <ns3:TPX>
                <ns3:Speed>3.99399995803833</ns3:Speed>
                <ns3:RunCadence>90</ns3:RunCadence>
              </ns3:TPX>
            </Extensions>
          </Trackpoint>
        </Track>
        <Extensions>
          <ns3:LX>
            <ns3:AvgSpeed>3.131999969482422</ns3:AvgSpeed>
            <ns3:AvgRunCadence>85</ns3:AvgRunCadence>
            <ns3:MaxRunCadence>91</ns3:MaxRunCadence>
          </ns3:LX>
        </Extensions>
      </Lap>
      <Lap StartTime="2026-01-11T10:10:25.000Z">
        <TotalTimeSeconds>0.852</TotalTimeSeconds>
        <DistanceMeters>5.16</DistanceMeters>
        <MaximumSpeed>3.99399995803833</MaximumSpeed>
        <Calories>0</Calories>
        <AverageHeartRateBpm>
          <Value>166</Value>
        </AverageHeartRateBpm>
        <MaximumHeartRateBpm>
          <Value>166</Value>
        </MaximumHeartRateBpm>
        <Intensity>Active</Intensity>
        <TriggerMethod>Manual</TriggerMethod>
        <Track>
          <Trackpoint>
            <Time>2026-01-11T10:10:25.000Z</Time>
            <Position>
              <LatitudeDegrees>38.92119286581874</LatitudeDegrees>
              <LongitudeDegrees>-6.360771171748638</LongitudeDegrees>
            </Position>
            <AltitudeMeters>208.1999969482422</AltitudeMeters>
            <DistanceMeters>10005.16015625</DistanceMeters>
            <HeartRateBpm>
              <Value>166</Value>
            </HeartRateBpm>
            <Extensions>
              <ns3:TPX>
                <ns3:Speed>3.99399995803833</ns3:Speed>
                <ns3:RunCadence>90</ns3:RunCadence>
              </ns3:TPX>
            </Extensions>
          </Trackpoint>
        </Track>
        <Extensions>
          <ns3:LX>
            <ns3:AvgSpeed>6.056000232696533</ns3:AvgSpeed>
            <ns3:AvgRunCadence>90</ns3:AvgRunCadence>
            <ns3:MaxRunCadence>90</ns3:MaxRunCadence>
          </ns3:LX>
        </Extensions>
      </Lap>
      <Creator xsi:type="Device_t">
        <Name>Forerunner 55</Name>
        <UnitId>3511864987</UnitId>
        <ProductID>3869</ProductID>
        <Version>
          <VersionMajor>11</VersionMajor>
          <VersionMinor>3</VersionMinor>
          <BuildMajor>0</BuildMajor>
          <BuildMinor>0</BuildMinor>
        </Version>
      </Creator>
    </Activity>
  </Activities>
  <Author xsi:type="Application_t">
    <Name>Connect Api</Name>
    <Build>
      <Version>
        <VersionMajor>25</VersionMajor>
        <VersionMinor>24</VersionMinor>
        <BuildMajor>0</BuildMajor>
        <BuildMinor>0</BuildMinor>
      </Version>
    </Build>
    <LangID>en</LangID>
    <PartNumber>006-D2449-00</PartNumber>
  </Author>
</TrainingCenterDatabase>
