<?xml version="1.0" encoding="UTF-8"?>
<TrainingCenterDatabase
  xsi:schemaLocation="http://www.garmin.com/xmlschemas/TrainingCenterDatabase/v2 http://www.garmin.com/xmlschemas/TrainingCenterDatabasev2.xsd"
  xmlns:ns5="http://www.garmin.com/xmlschemas/ActivityGoals/v1"
  xmlns:ns3="http://www.garmin.com/xmlschemas/ActivityExtension/v2"
  xmlns:ns2="http://www.garmin.com/xmlschemas/UserProfile/v2"
  xmlns="http://www.garmin.com/xmlschemas/TrainingCenterDatabase/v2"
  xmlns:xsi="http://www.w3.org/2001/XMLSchema-instance" xmlns:ns4="http://www.garmin.com/xmlschemas/ProfileExtension/v1">
  <Activities>
    <Activity Sport="Running">
      <Id>2026-01-10T09:21:40.000Z</Id>
      <Lap StartTime="2026-01-10T09:21:40.000Z">
        <TotalTimeSeconds>407.822</TotalTimeSeconds>
        <DistanceMeters>1000.0</DistanceMeters>
        <MaximumSpeed>2.5469999313354488</MaximumSpeed>
        <Calories>72</Calories>
        <AverageHeartRateBpm>
          <Value>118</Value>
        </AverageHeartRateBpm>
        <MaximumHeartRateBpm>
          <Value>125</Value>
        </MaximumHeartRateBpm>
        <Intensity>Active</Intensity>
        <TriggerMethod>Manual</TriggerMethod>
        <Track>
          <Trackpoint>
            <Time>2026-01-10T09:21:40.000Z</Time>
            <Position>
              <LatitudeDegrees>38.90927975066006</LatitudeDegrees>
              <LongitudeDegrees>-6.333982860669494</LongitudeDegrees>
            </Position>
            <AltitudeMeters>223.0</AltitudeMeters>
            <DistanceMeters>0.0</DistanceMeters>
            <HeartRateBpm>
              <Value>70</Value>
            </HeartRateBpm>
            <Extensions>
              <ns3:TPX>
                <ns3:Speed>1.3339999914169312</ns3:Speed>
                <ns3:RunCadence>54</ns3:RunCadence>
              </ns3:TPX>
            </Extensions>
          </Trackpoint>
          <Trackpoint>
            <Time>2026-01-10T09:21:46.000Z</Time>
            <Position>
              <LatitudeDegrees>38.909200206398964</LatitudeDegrees>
              <LongitudeDegrees>-6.3340415339916945</LongitudeDegrees>
            </Position>
            <AltitudeMeters>223.0</AltitudeMeters>
            <DistanceMeters>10.25</DistanceMeters>
            <HeartRateBpm>
              <Value>71</Value>
            </HeartRateBpm>
            <Extensions>
              <ns3:TPX>
                <ns3:Speed>1.4930000305175781</ns3:Speed>
                <ns3:RunCadence>80</ns3:RunCadence>
              </ns3:TPX>
            </Extensions>
          </Trackpoint>
          <Trackpoint>
            <Time>2026-01-10T09:21:50.000Z</Time>
            <Position>
              <LatitudeDegrees>38.90910725109279</LatitudeDegrees>
              <LongitudeDegrees>-6.334066763520241</LongitudeDegrees>
            </Position>
            <AltitudeMeters>223.0</AltitudeMeters>
            <DistanceMeters>20.75</DistanceMeters>
            <HeartRateBpm>
              <Value>77</Value>
            </HeartRateBpm>
            <Extensions>
              <ns3:TPX>
                <ns3:Speed>2.5380001068115234</ns3:Speed>
                <ns3:RunCadence>82</ns3:RunCadence>
              </ns3:TPX>
            </Extensions>
          </Trackpoint>
          <Trackpoint>
            <Time>2026-01-10T09:21:51.000Z</Time>
            <Position>
              <LatitudeDegrees>38.909078165888786</LatitudeDegrees>
              <LongitudeDegrees>-6.334072463214397</LongitudeDegrees>
            </Position>
            <AltitudeMeters>223.0</AltitudeMeters>
            <DistanceMeters>24.010000228881836</DistanceMeters>
            <HeartRateBpm>
              <Value>80</Value>
            </HeartRateBpm>
            <Extensions>
              <ns3:TPX>
                <ns3:Speed>2.5380001068115234</ns3:Speed>
                <ns3:RunCadence>82</ns3:RunCadence>
              </ns3:TPX>
            </Extensions>
          </Trackpoint>
          <Trackpoint>
            <Time>2026-01-10T09:21:52.000Z</Time>
            <Position>
              <LatitudeDegrees>38.909055199474096</LatitudeDegrees>
              <LongitudeDegrees>-6.334075815975666</LongitudeDegrees>
            </Position>
            <AltitudeMeters>223.0</AltitudeMeters>
            <DistanceMeters>26.56999969482422</DistanceMeters>
            <HeartRateBpm>
              <Value>80</Value>
            </HeartRateBpm>
            <Extensions>
              <ns3:TPX>
                <ns3:Speed>2.4630000591278076</ns3:Speed>
                <ns3:RunCadence>82</ns3:RunCadence>
              </ns3:TPX>
            </Extensions>
          </Trackpoint>
          <Trackpoint>
            <Time>2026-01-10T09:21:53.000Z</Time>
            <Position>
              <LatitudeDegrees>38.909031646326184</LatitudeDegrees>
              <LongitudeDegrees>-6.334078749641776</LongitudeDegrees>
            </Position>
            <AltitudeMeters>223.0</AltitudeMeters>
            <DistanceMeters>29.18000030517578</DistanceMeters>
            <HeartRateBpm>
              <Value>83</Value>
            </HeartRateBpm>
            <Extensions>
              <ns3:TPX>
                <ns3:Speed>2.4630000591278076</ns3:Speed>
                <ns3:RunCadence>83</ns3:RunCadence>
              </ns3:TPX>
            </Extensions>
          </Trackpoint>
          <Trackpoint>
            <Time>2026-01-10T09:21:55.000Z</Time>
            <Position>
              <LatitudeDegrees>38.90898311510682</LatitudeDegrees>
              <LongitudeDegrees>-6.3340783305466175</LongitudeDegrees>
            </Position>
            <AltitudeMeters>223.1999969482422</AltitudeMeters>
            <DistanceMeters>34.56999969482422</DistanceMeters>
            <HeartRateBpm>
              <Value>88</Value>
            </HeartRateBpm>
            <Extensions>
              <ns3:TPX>
                <ns3:Speed>2.4730000495910645</ns3:Speed>
                <ns3:RunCadence>83</ns3:RunCadence>
              </ns3:TPX>
            </Extensions>
          </Trackpoint>
          <Trackpoint>
            <Time>2026-01-10T09:21:56.000Z</Time>
            <Position>
              <LatitudeDegrees>38.908958807587624</LatitudeDegrees>
              <LongitudeDegrees>-6.334076318889856</LongitudeDegrees>
            </Position>
            <AltitudeMeters>223.39999389648438</AltitudeMeters>
            <DistanceMeters>37.27000045776367</DistanceMeters>
            <HeartRateBpm>
              <Value>88</Value>
            </HeartRateBpm>
            <Extensions>
              <ns3:TPX>
                <ns3:Speed>2.500999927520752</ns3:Speed>
                <ns3:RunCadence>83</ns3:RunCadence>
              </ns3:TPX>
            </Extensions>
          </Trackpoint>
          <Trackpoint>
            <Time>2026-01-10T09:21:57.000Z</Time>
            <Position>
              <LatitudeDegrees>38.908939780667424</LatitudeDegrees>
              <LongitudeDegrees>-6.334072630852461</LongitudeDegrees>
            </Position>
            <AltitudeMeters>223.60000610351562</AltitudeMeters>
            <DistanceMeters>39.400001525878906</DistanceMeters>
            <HeartRateBpm>
              <Value>91</Value>
            </HeartRateBpm>
            <Extensions>
              <ns3:TPX>
                <ns3:Speed>2.500999927520752</ns3:Speed>
                <ns3:RunCadence>83</ns3:RunCadence>
              </ns3:TPX>
            </Extensions>
          </Trackpoint>
          <Trackpoint>
            <Time>2026-01-10T09:22:00.000Z</Time>
            <Position>
              <LatitudeDegrees>38.90886199660599</LatitudeDegrees>
              <LongitudeDegrees>-6.334055028855801</LongitudeDegrees>
            </Position>
            <AltitudeMeters>224.1999969482422</AltitudeMeters>
            <DistanceMeters>48.16999816894531</DistanceMeters>
            <HeartRateBpm>
              <Value>95</Value>
            </HeartRateBpm>
            <Extensions>
              <ns3:TPX>
                <ns3:Speed>2.5190000534057617</ns3:Speed>
                <ns3:RunCadence>83</ns3:RunCadence>
              </ns3:TPX>
            </Extensions>
          </Trackpoint>
          <Trackpoint>
            <Time>2026-01-10T09:22:03.000Z</Time>
            <Position>
              <LatitudeDegrees>38.90879510901868</LatitudeDegrees>
              <LongitudeDegrees>-6.334037259221077</LongitudeDegrees>
            </Position>
            <AltitudeMeters>224.8000030517578</AltitudeMeters>
            <DistanceMeters>55.7599983215332</DistanceMeters>
            <HeartRateBpm>
              <Value>99</Value>
            </HeartRateBpm>
            <Extensions>
              <ns3:TPX>
                <ns3:Speed>2.5290000438690186</ns3:Speed>
                <ns3:RunCadence>83</ns3:RunCadence>
              </ns3:TPX>
            </Extensions>
          </Trackpoint>
          <Trackpoint>
            <Time>2026-01-10T09:22:05.000Z</Time>
            <Position>
              <LatitudeDegrees>38.90875328332186</LatitudeDegrees>
              <LongitudeDegrees>-6.334013035520911</LongitudeDegrees>
            </Position>
            <AltitudeMeters>225.1999969482422</AltitudeMeters>
            <DistanceMeters>60.849998474121094</DistanceMeters>
            <HeartRateBpm>
              <Value>100</Value>
            </HeartRateBpm>
            <Extensions>
              <ns3:TPX>
                <ns3:Speed>2.5290000438690186</ns3:Speed>
                <ns3:RunCadence>82</ns3:RunCadence>
              </ns3:TPX>
            </Extensions>
          </Trackpoint>
          <Trackpoint>
            <Time>2026-01-10T09:22:06.000Z</Time>
            <Position>
              <LatitudeDegrees>38.90873400494456</LatitudeDegrees>
              <LongitudeDegrees>-6.333996523171663</LongitudeDegrees>
            </Position>
            <AltitudeMeters>225.39999389648438</AltitudeMeters>
            <DistanceMeters>63.43000030517578</DistanceMeters>
            <HeartRateBpm>
              <Value>104</Value>
            </HeartRateBpm>
            <Extensions>
              <ns3:TPX>
                <ns3:Speed>2.5290000438690186</ns3:Speed>
                <ns3:RunCadence>82</ns3:RunCadence>
              </ns3:TPX>
            </Extensions>
          </Trackpoint>
          <Trackpoint>
            <Time>2026-01-10T09:22:07.000Z</Time>
            <Position>
              <LatitudeDegrees>38.90871573239565</LatitudeDegrees>
              <LongitudeDegrees>-6.333977831527591</LongitudeDegrees>
            </Position>
            <AltitudeMeters>225.60000610351562</AltitudeMeters>
            <DistanceMeters>66.0199966430664</DistanceMeters>
            <HeartRateBpm>
              <Value>104</Value>
            </HeartRateBpm>
            <Extensions>
              <ns3:TPX>
                <ns3:Speed>2.5290000438690186</ns3:Speed>
                <ns3:RunCadence>82</ns3:RunCadence>
              </ns3:TPX>
            </Extensions>
          </Trackpoint>
          <Trackpoint>
            <Time>2026-01-10T09:22:09.000Z</Time>
            <Position>
              <LatitudeDegrees>38.90867725946009</LatitudeDegrees>
              <LongitudeDegrees>-6.333940029144287</LongitudeDegrees>
            </Position>
            <AltitudeMeters>225.8000030517578</AltitudeMeters>
            <DistanceMeters>71.41000366210938</DistanceMeters>
            <HeartRateBpm>
              <Value>108</Value>
            </HeartRateBpm>
            <Extensions>
              <ns3:TPX>
                <ns3:Speed>2.5290000438690186</ns3:Speed>
                <ns3:RunCadence>83</ns3:RunCadence>
              </ns3:TPX>
            </Extensions>
          </Trackpoint>
          <Trackpoint>
            <Time>2026-01-10T09:22:13.000Z</Time>
            <Position>
              <LatitudeDegrees>38.90861506573856</LatitudeDegrees>
              <LongitudeDegrees>-6.333852354437113</LongitudeDegrees>
            </Position>
            <AltitudeMeters>226.39999389648438</AltitudeMeters>
            <DistanceMeters>81.70999908447266</DistanceMeters>
            <HeartRateBpm>
              <Value>110</Value>
            </HeartRateBpm>
            <Extensions>
              <ns3:TPX>
                <ns3:Speed>2.5290000438690186</ns3:Speed>
                <ns3:RunCadence>83</ns3:RunCadence>
              </ns3:TPX>
            </Extensions>
          </Trackpoint>
          <Trackpoint>
            <Time>2026-01-10T09:22:21.000Z</Time>
            <Position>
              <LatitudeDegrees>38.90853585675359</LatitudeDegrees>
              <LongitudeDegrees>-6.333645069971681</LongitudeDegrees>
            </Position>
            <AltitudeMeters>227.0</AltitudeMeters>
            <DistanceMeters>101.81999969482422</DistanceMeters>
            <HeartRateBpm>
              <Value>112</Value>
            </HeartRateBpm>
            <Extensions>
              <ns3:TPX>
                <ns3:Speed>2.546999931335449</ns3:Speed>
                <ns3:RunCadence>83</ns3:RunCadence>
              </ns3:TPX>
            </Extensions>
          </Trackpoint>
          <Trackpoint>
            <Time>2026-01-10T09:22:22.000Z</Time>
            <Position>
              <LatitudeDegrees>38.90853367745876</LatitudeDegrees>
              <LongitudeDegrees>-6.333617744967341</LongitudeDegrees>
            </Position>
            <AltitudeMeters>227.0</AltitudeMeters>
            <DistanceMeters>104.19999694824219</DistanceMeters>
            <HeartRateBpm>
              <Value>112</Value>
            </HeartRateBpm>
            <Extensions>
              <ns3:TPX>
                <ns3:Speed>2.546999931335449</ns3:Speed>
                <ns3:RunCadence>83</ns3:RunCadence>
              </ns3:TPX>
            </Extensions>
          </Trackpoint>
          <Trackpoint>
            <Time>2026-01-10T09:22:29.000Z</Time>
            <Position>
              <LatitudeDegrees>38.908538119867444</LatitudeDegrees>
              <LongitudeDegrees>-6.33343250490725</LongitudeDegrees>
            </Position>
            <AltitudeMeters>227.39999389648438</AltitudeMeters>
            <DistanceMeters>120.31999969482422</DistanceMeters>
            <HeartRateBpm>
              <Value>115</Value>
            </HeartRateBpm>
            <Extensions>
              <ns3:TPX>
                <ns3:Speed>2.546999931335449</ns3:Speed>
                <ns3:RunCadence>83</ns3:RunCadence>
              </ns3:TPX>
            </Extensions>
          </Trackpoint>
          <Trackpoint>
            <Time>2026-01-10T09:22:37.000Z</Time>
            <Position>
              <LatitudeDegrees>38.90861255116761</LatitudeDegrees>
              <LongitudeDegrees>-6.333230081945658</LongitudeDegrees>
            </Position>
            <AltitudeMeters>227.8000030517578</AltitudeMeters>
            <DistanceMeters>139.86000061035156</DistanceMeters>
            <HeartRateBpm>
              <Value>117</Value>
            </HeartRateBpm>
            <Extensions>
              <ns3:TPX>
                <ns3:Speed>2.5290000438690186</ns3:Speed>
                <ns3:RunCadence>83</ns3:RunCadence>
              </ns3:TPX>
            </Extensions>
          </Trackpoint>
          <Trackpoint>
            <Time>2026-01-10T09:22:45.000Z</Time>
            <Position>
              <LatitudeDegrees>38.90875085256994</LatitudeDegrees>
              <LongitudeDegrees>-6.3330840691924095</LongitudeDegrees>
            </Position>
            <AltitudeMeters>228.60000610351562</AltitudeMeters>
            <DistanceMeters>159.89999389648438</DistanceMeters>
            <HeartRateBpm>
              <Value>119</Value>
            </HeartRateBpm>
            <Extensions>
              <ns3:TPX>
                <ns3:Speed>2.5290000438690186</ns3:Speed>
                <ns3:RunCadence>83</ns3:RunCadence>
              </ns3:TPX>
            </Extensions>
          </Trackpoint>
          <Trackpoint>
            <Time>2026-01-10T09:22:54.000Z</Time>
            <Position>
              <LatitudeDegrees>38.90891530551016</LatitudeDegrees>
              <LongitudeDegrees>-6.332950629293919</LongitudeDegrees>
            </Position>
            <AltitudeMeters>228.39999389648438</AltitudeMeters>
            <DistanceMeters>181.52000427246094</DistanceMeters>
            <HeartRateBpm>
              <Value>121</Value>
            </HeartRateBpm>
            <Extensions>
              <ns3:TPX>
                <ns3:Speed>2.5290000438690186</ns3:Speed>
                <ns3:RunCadence>82</ns3:RunCadence>
              </ns3:TPX>
            </Extensions>
          </Trackpoint>
          <Trackpoint>
            <Time>2026-01-10T09:22:56.000Z</Time>
            <Position>
              <LatitudeDegrees>38.908949084579945</LatitudeDegrees>
              <LongitudeDegrees>-6.332920119166374</LongitudeDegrees>
            </Position>
            <AltitudeMeters>228.1999969482422</AltitudeMeters>
            <DistanceMeters>186.08999633789062</DistanceMeters>
            <HeartRateBpm>
              <Value>121</Value>
            </HeartRateBpm>
            <Extensions>
              <ns3:TPX>
                <ns3:Speed>2.5290000438690186</ns3:Speed>
                <ns3:RunCadence>82</ns3:RunCadence>
              </ns3:TPX>
            </Extensions>
          </Trackpoint>
          <Trackpoint>
            <Time>2026-01-10T09:23:03.000Z</Time>
            <Position>
              <LatitudeDegrees>38.90906433574855</LatitudeDegrees>
              <LongitudeDegrees>-6.332807969301939</LongitudeDegrees>
            </Position>
            <AltitudeMeters>227.8000030517578</AltitudeMeters>
            <DistanceMeters>202.14999389648438</DistanceMeters>
            <HeartRateBpm>
              <Value>121</Value>
            </HeartRateBpm>
            <Extensions>
              <ns3:TPX>
                <ns3:Speed>2.5190000534057617</ns3:Speed>
                <ns3:RunCadence>83</ns3:RunCadence>
              </ns3:TPX>
            </Extensions>
          </Trackpoint>
          <Trackpoint>
            <Time>2026-01-10T09:23:12.000Z</Time>
            <Position>
              <LatitudeDegrees>38.90922141261399</LatitudeDegrees>
              <LongitudeDegrees>-6.332650976255536</LongitudeDegrees>
            </Position>
            <AltitudeMeters>227.1999969482422</AltitudeMeters>
            <DistanceMeters>224.27999877929688</DistanceMeters>
            <HeartRateBpm>
              <Value>121</Value>
            </HeartRateBpm>
            <Extensions>
              <ns3:TPX>
                <ns3:Speed>2.490999937057495</ns3:Speed>
                <ns3:RunCadence>81</ns3:RunCadence>
              </ns3:TPX>
            </Extensions>
          </Trackpoint>
          <Trackpoint>
            <Time>2026-01-10T09:23:14.000Z</Time>
            <Position>
              <LatitudeDegrees>38.90925812534988</LatitudeDegrees>
              <LongitudeDegrees>-6.3326161075383425</LongitudeDegrees>
            </Position>
            <AltitudeMeters>227.0</AltitudeMeters>
            <DistanceMeters>229.36000061035156</DistanceMeters>
            <HeartRateBpm>
              <Value>121</Value>
            </HeartRateBpm>
            <Extensions>
              <ns3:TPX>
                <ns3:Speed>2.490999937057495</ns3:Speed>
                <ns3:RunCadence>81</ns3:RunCadence>
              </ns3:TPX>
            </Extensions>
          </Trackpoint>
          <Trackpoint>
            <Time>2026-01-10T09:23:23.000Z</Time>
            <Position>
              <LatitudeDegrees>38.90940975397825</LatitudeDegrees>
              <LongitudeDegrees>-6.332491971552372</LongitudeDegrees>
            </Position>
            <AltitudeMeters>226.60000610351562</AltitudeMeters>
            <DistanceMeters>249.49000549316406</DistanceMeters>
            <HeartRateBpm>
              <Value>120</Value>
            </HeartRateBpm>
            <Extensions>
              <ns3:TPX>
                <ns3:Speed>2.4630000591278076</ns3:Speed>
                <ns3:RunCadence>83</ns3:RunCadence>
              </ns3:TPX>
            </Extensions>
          </Trackpoint>
          <Trackpoint>
            <Time>2026-01-10T09:23:33.000Z</Time>
            <Position>
              <LatitudeDegrees>38.90960446558893</LatitudeDegrees>
              <LongitudeDegrees>-6.332462886348367</LongitudeDegrees>
            </Position>
            <AltitudeMeters>225.8000030517578</AltitudeMeters>
            <DistanceMeters>271.45001220703125</DistanceMeters>
            <HeartRateBpm>
              <Value>119</Value>
            </HeartRateBpm>
            <Extensions>
              <ns3:TPX>
                <ns3:Speed>2.4260001182556152</ns3:Speed>
                <ns3:RunCadence>82</ns3:RunCadence>
              </ns3:TPX>
            </Extensions>
          </Trackpoint>
          <Trackpoint>
            <Time>2026-01-10T09:23:41.000Z</Time>
            <Position>
              <LatitudeDegrees>38.90974595211446</LatitudeDegrees>
              <LongitudeDegrees>-6.332537485286593</LongitudeDegrees>
            </Position>
            <AltitudeMeters>225.0</AltitudeMeters>
            <DistanceMeters>288.6000061035156</DistanceMeters>
            <HeartRateBpm>
              <Value>122</Value>
            </HeartRateBpm>
            <Extensions>
              <ns3:TPX>
                <ns3:Speed>2.378999948501587</ns3:Speed>
                <ns3:RunCadence>81</ns3:RunCadence>
              </ns3:TPX>
            </Extensions>
          </Trackpoint>
          <Trackpoint>
            <Time>2026-01-10T09:23:45.000Z</Time>
            <Position>
              <LatitudeDegrees>38.909809570759535</LatitudeDegrees>
              <LongitudeDegrees>-6.33259984664619</LongitudeDegrees>
            </Position>
            <AltitudeMeters>224.60000610351562</AltitudeMeters>
            <DistanceMeters>297.5199890136719</DistanceMeters>
            <HeartRateBpm>
              <Value>119</Value>
            </HeartRateBpm>
            <Extensions>
              <ns3:TPX>
                <ns3:Speed>2.3510000705718994</ns3:Speed>
                <ns3:RunCadence>82</ns3:RunCadence>
              </ns3:TPX>
            </Extensions>
          </Trackpoint>
          <Trackpoint>
            <Time>2026-01-10T09:23:50.000Z</Time>
            <Position>
              <LatitudeDegrees>38.90988131985068</LatitudeDegrees>
              <LongitudeDegrees>-6.332707218825817</LongitudeDegrees>
            </Position>
            <AltitudeMeters>224.0</AltitudeMeters>
            <DistanceMeters>309.7900085449219</DistanceMeters>
            <HeartRateBpm>
              <Value>118</Value>
            </HeartRateBpm>
            <Extensions>
              <ns3:TPX>
                <ns3:Speed>2.322999954223633</ns3:Speed>
                <ns3:RunCadence>82</ns3:RunCadence>
              </ns3:TPX>
            </Extensions>
          </Trackpoint>
          <Trackpoint>
            <Time>2026-01-10T09:23:58.000Z</Time>
            <Position>
              <LatitudeDegrees>38.90993571840227</LatitudeDegrees>
              <LongitudeDegrees>-6.3329073786735535</LongitudeDegrees>
            </Position>
            <AltitudeMeters>224.0</AltitudeMeters>
            <DistanceMeters>328.3399963378906</DistanceMeters>
            <HeartRateBpm>
              <Value>117</Value>
            </HeartRateBpm>
            <Extensions>
              <ns3:TPX>
                <ns3:Speed>2.322999954223633</ns3:Speed>
                <ns3:RunCadence>82</ns3:RunCadence>
              </ns3:TPX>
            </Extensions>
          </Trackpoint>
          <Trackpoint>
            <Time>2026-01-10T09:24:06.000Z</Time>
            <Position>
              <LatitudeDegrees>38.909919960424304</LatitudeDegrees>
              <LongitudeDegrees>-6.333148693665862</LongitudeDegrees>
            </Position>
            <AltitudeMeters>224.8000030517578</AltitudeMeters>
            <DistanceMeters>349.45001220703125</DistanceMeters>
            <HeartRateBpm>
              <Value>117</Value>
            </HeartRateBpm>
            <Extensions>
              <ns3:TPX>
                <ns3:Speed>2.322999954223633</ns3:Speed>
                <ns3:RunCadence>82</ns3:RunCadence>
              </ns3:TPX>
            </Extensions>
          </Trackpoint>
          <Trackpoint>
            <Time>2026-01-10T09:24:07.000Z</Time>
            <Position>
              <LatitudeDegrees>38.90991434454918</LatitudeDegrees>
              <LongitudeDegrees>-6.333175012841821</LongitudeDegrees>
            </Position>
            <AltitudeMeters>224.8000030517578</AltitudeMeters>
            <DistanceMeters>351.82000732421875</DistanceMeters>
            <HeartRateBpm>
              <Value>117</Value>
            </HeartRateBpm>
            <Extensions>
              <ns3:TPX>
                <ns3:Speed>2.322999954223633</ns3:Speed>
                <ns3:RunCadence>82</ns3:RunCadence>
              </ns3:TPX>
            </Extensions>
          </Trackpoint>
          <Trackpoint>
            <Time>2026-01-10T09:24:14.000Z</Time>
            <Position>
              <LatitudeDegrees>38.909832118079066</LatitudeDegrees>
              <LongitudeDegrees>-6.333343656733632</LongitudeDegrees>
            </Position>
            <AltitudeMeters>225.0</AltitudeMeters>
            <DistanceMeters>369.1499938964844</DistanceMeters>
            <HeartRateBpm>
              <Value>120</Value>
            </HeartRateBpm>
            <Extensions>
              <ns3:TPX>
                <ns3:Speed>2.3510000705718994</ns3:Speed>
                <ns3:RunCadence>83</ns3:RunCadence>
              </ns3:TPX>
            </Extensions>
          </Trackpoint>
          <Trackpoint>
            <Time>2026-01-10T09:24:15.000Z</Time>
            <Position>
              <LatitudeDegrees>38.909817868843675</LatitudeDegrees>
              <LongitudeDegrees>-6.333361007273197</LongitudeDegrees>
            </Position>
            <AltitudeMeters>225.0</AltitudeMeters>
            <DistanceMeters>371.3399963378906</DistanceMeters>
            <HeartRateBpm>
              <Value>120</Value>
            </HeartRateBpm>
            <Extensions>
              <ns3:TPX>
                <ns3:Speed>2.3510000705718994</ns3:Speed>
                <ns3:RunCadence>83</ns3:RunCadence>
              </ns3:TPX>
            </Extensions>
          </Trackpoint>
          <Trackpoint>
            <Time>2026-01-10T09:24:23.000Z</Time>
            <Position>
              <LatitudeDegrees>38.90967587940395</LatitudeDegrees>
              <LongitudeDegrees>-6.333500230684876</LongitudeDegrees>
            </Position>
            <AltitudeMeters>225.0</AltitudeMeters>
            <DistanceMeters>391.2099914550781</DistanceMeters>
            <HeartRateBpm>
              <Value>121</Value>
            </HeartRateBpm>
            <Extensions>
              <ns3:TPX>
                <ns3:Speed>2.3610000610351562</ns3:Speed>
                <ns3:RunCadence>83</ns3:RunCadence>
              </ns3:TPX>
            </Extensions>
          </Trackpoint>
          <Trackpoint>
            <Time>2026-01-10T09:24:31.000Z</Time>
            <Position>
              <LatitudeDegrees>38.90953036956489</LatitudeDegrees>
              <LongitudeDegrees>-6.333627803251147</LongitudeDegrees>
            </Position>
            <AltitudeMeters>224.60000610351562</AltitudeMeters>
            <DistanceMeters>410.760009765625</DistanceMeters>
            <HeartRateBpm>
              <Value>121</Value>
            </HeartRateBpm>
            <Extensions>
              <ns3:TPX>
                <ns3:Speed>2.378999948501587</ns3:Speed>
                <ns3:RunCadence>83</ns3:RunCadence>
              </ns3:TPX>
            </Extensions>
          </Trackpoint>
          <Trackpoint>
            <Time>2026-01-10T09:24:40.000Z</Time>
            <Position>
              <LatitudeDegrees>38.90937010757625</LatitudeDegrees>
              <LongitudeDegrees>-6.333775157108903</LongitudeDegrees>
            </Position>
            <AltitudeMeters>223.60000610351562</AltitudeMeters>
            <DistanceMeters>432.6700134277344</DistanceMeters>
            <HeartRateBpm>
              <Value>122</Value>
            </HeartRateBpm>
            <Extensions>
              <ns3:TPX>
                <ns3:Speed>2.3889999389648438</ns3:Speed>
                <ns3:RunCadence>83</ns3:RunCadence>
              </ns3:TPX>
            </Extensions>
          </Trackpoint>
          <Trackpoint>
            <Time>2026-01-10T09:24:48.000Z</Time>
            <Position>
              <LatitudeDegrees>38.90922342427075</LatitudeDegrees>
              <LongitudeDegrees>-6.333910273388028</LongitudeDegrees>
            </Position>
            <AltitudeMeters>223.0</AltitudeMeters>
            <DistanceMeters>452.75</DistanceMeters>
            <HeartRateBpm>
              <Value>123</Value>
            </HeartRateBpm>
            <Extensions>
              <ns3:TPX>
                <ns3:Speed>2.3980000019073486</ns3:Speed>
                <ns3:RunCadence>84</ns3:RunCadence>
              </ns3:TPX>
            </Extensions>
          </Trackpoint>
          <Trackpoint>
            <Time>2026-01-10T09:24:50.000Z</Time>
            <Position>
              <LatitudeDegrees>38.909187046810985</LatitudeDegrees>
              <LongitudeDegrees>-6.333951177075505</LongitudeDegrees>
            </Position>
            <AltitudeMeters>223.0</AltitudeMeters>
            <DistanceMeters>458.1099853515625</DistanceMeters>
            <HeartRateBpm>
              <Value>123</Value>
            </HeartRateBpm>
            <Extensions>
              <ns3:TPX>
                <ns3:Speed>2.4070000648498535</ns3:Speed>
                <ns3:RunCadence>83</ns3:RunCadence>
              </ns3:TPX>
            </Extensions>
          </Trackpoint>
          <Trackpoint>
            <Time>2026-01-10T09:24:59.000Z</Time>
            <Position>
              <LatitudeDegrees>38.9090137090534</LatitudeDegrees>
              <LongitudeDegrees>-6.334058465436101</LongitudeDegrees>
            </Position>
            <AltitudeMeters>223.1999969482422</AltitudeMeters>
            <DistanceMeters>479.739990234375</DistanceMeters>
            <HeartRateBpm>
              <Value>121</Value>
            </HeartRateBpm>
            <Extensions>
              <ns3:TPX>
                <ns3:Speed>2.4170000553131104</ns3:Speed>
                <ns3:RunCadence>83</ns3:RunCadence>
              </ns3:TPX>
            </Extensions>
          </Trackpoint>
          <Trackpoint>
            <Time>2026-01-10T09:25:07.000Z</Time>
            <Position>
              <LatitudeDegrees>38.908842550590634</LatitudeDegrees>
              <LongitudeDegrees>-6.334059806540608</LongitudeDegrees>
            </Position>
            <AltitudeMeters>224.39999389648438</AltitudeMeters>
            <DistanceMeters>498.95001220703125</DistanceMeters>
            <HeartRateBpm>
              <Value>122</Value>
            </HeartRateBpm>
            <Extensions>
              <ns3:TPX>
                <ns3:Speed>2.4170000553131104</ns3:Speed>
                <ns3:RunCadence>82</ns3:RunCadence>
              </ns3:TPX>
            </Extensions>
          </Trackpoint>
          <Trackpoint>
            <Time>2026-01-10T09:25:15.000Z</Time>
            <Position>
              <LatitudeDegrees>38.9086820371449</LatitudeDegrees>
              <LongitudeDegrees>-6.333972970023751</LongitudeDegrees>
            </Position>
            <AltitudeMeters>225.60000610351562</AltitudeMeters>
            <DistanceMeters>518.3900146484375</DistanceMeters>
            <HeartRateBpm>
              <Value>123</Value>
            </HeartRateBpm>
            <Extensions>
              <ns3:TPX>
                <ns3:Speed>2.3980000019073486</ns3:Speed>
                <ns3:RunCadence>84</ns3:RunCadence>
              </ns3:TPX>
            </Extensions>
          </Trackpoint>
          <Trackpoint>
            <Time>2026-01-10T09:25:23.000Z</Time>
            <Position>
              <LatitudeDegrees>38.90856536105275</LatitudeDegrees>
              <LongitudeDegrees>-6.33379653096199</LongitudeDegrees>
            </Position>
            <AltitudeMeters>226.8000030517578</AltitudeMeters>
            <DistanceMeters>538.5700073242188</DistanceMeters>
            <HeartRateBpm>
              <Value>122</Value>
            </HeartRateBpm>
            <Extensions>
              <ns3:TPX>
                <ns3:Speed>2.4070000648498535</ns3:Speed>
                <ns3:RunCadence>81</ns3:RunCadence>
              </ns3:TPX>
            </Extensions>
          </Trackpoint>
          <Trackpoint>
            <Time>2026-01-10T09:25:30.000Z</Time>
            <Position>
              <LatitudeDegrees>38.90850710682571</LatitudeDegrees>
              <LongitudeDegrees>-6.333617493510246</LongitudeDegrees>
            </Position>
            <AltitudeMeters>227.0</AltitudeMeters>
            <DistanceMeters>555.489990234375</DistanceMeters>
            <HeartRateBpm>
              <Value>122</Value>
            </HeartRateBpm>
            <Extensions>
              <ns3:TPX>
                <ns3:Speed>2.4170000553131104</ns3:Speed>
                <ns3:RunCadence>82</ns3:RunCadence>
              </ns3:TPX>
            </Extensions>
          </Trackpoint>
          <Trackpoint>
            <Time>2026-01-10T09:25:37.000Z</Time>
            <Position>
              <LatitudeDegrees>38.908512722700834</LatitudeDegrees>
              <LongitudeDegrees>-6.333423955366015</LongitudeDegrees>
            </Position>
            <AltitudeMeters>227.1999969482422</AltitudeMeters>
            <DistanceMeters>572.3499755859375</DistanceMeters>
            <HeartRateBpm>
              <Value>121</Value>
            </HeartRateBpm>
            <Extensions>
              <ns3:TPX>
                <ns3:Speed>2.4070000648498535</ns3:Speed>
                <ns3:RunCadence>83</ns3:RunCadence>
              </ns3:TPX>
            </Extensions>
          </Trackpoint>
          <Trackpoint>
            <Time>2026-01-10T09:25:43.000Z</Time>
            <Position>
              <LatitudeDegrees>38.90856418758631</LatitudeDegrees>
              <LongitudeDegrees>-6.33326880633831</LongitudeDegrees>
            </Position>
            <AltitudeMeters>227.39999389648438</AltitudeMeters>
            <DistanceMeters>587.02001953125</DistanceMeters>
            <HeartRateBpm>
              <Value>121</Value>
            </HeartRateBpm>
            <Extensions>
              <ns3:TPX>
                <ns3:Speed>2.4170000553131104</ns3:Speed>
                <ns3:RunCadence>81</ns3:RunCadence>
              </ns3:TPX>
            </Extensions>
          </Trackpoint>
          <Trackpoint>
            <Time>2026-01-10T09:25:52.000Z</Time>
            <Position>
              <LatitudeDegrees>38.90870458446443</LatitudeDegrees>
              <LongitudeDegrees>-6.333100330084562</LongitudeDegrees>
            </Position>
            <AltitudeMeters>228.60000610351562</AltitudeMeters>
            <DistanceMeters>608.530029296875</DistanceMeters>
            <HeartRateBpm>
              <Value>122</Value>
            </HeartRateBpm>
            <Extensions>
              <ns3:TPX>
                <ns3:Speed>2.4170000553131104</ns3:Speed>
                <ns3:RunCadence>82</ns3:RunCadence>
              </ns3:TPX>
            </Extensions>
          </Trackpoint>
          <Trackpoint>
            <Time>2026-01-10T09:26:00.000Z</Time>
            <Position>
              <LatitudeDegrees>38.9088530279696</LatitudeDegrees>
              <LongitudeDegrees>-6.332982061430812</LongitudeDegrees>
            </Position>
            <AltitudeMeters>228.60000610351562</AltitudeMeters>
            <DistanceMeters>627.989990234375</DistanceMeters>
            <HeartRateBpm>
              <Value>121</Value>
            </HeartRateBpm>
            <Extensions>
              <ns3:TPX>
                <ns3:Speed>2.4170000553131104</ns3:Speed>
                <ns3:RunCadence>82</ns3:RunCadence>
              </ns3:TPX>
            </Extensions>
          </Trackpoint>
          <Trackpoint>
            <Time>2026-01-10T09:26:09.000Z</Time>
            <Position>
              <LatitudeDegrees>38.90899686142802</LatitudeDegrees>
              <LongitudeDegrees>-6.332836719229817</LongitudeDegrees>
            </Position>
            <AltitudeMeters>228.0</AltitudeMeters>
            <DistanceMeters>648.3400268554688</DistanceMeters>
            <HeartRateBpm>
              <Value>120</Value>
            </HeartRateBpm>
            <Extensions>
              <ns3:TPX>
                <ns3:Speed>2.3889999389648438</ns3:Speed>
                <ns3:RunCadence>81</ns3:RunCadence>
              </ns3:TPX>
            </Extensions>
          </Trackpoint>
          <Trackpoint>
            <Time>2026-01-10T09:26:10.000Z</Time>
            <Position>
              <LatitudeDegrees>38.90901479870081</LatitudeDegrees>
              <LongitudeDegrees>-6.33281878195703</LongitudeDegrees>
            </Position>
            <AltitudeMeters>228.0</AltitudeMeters>
            <DistanceMeters>650.8599853515625</DistanceMeters>
            <HeartRateBpm>
              <Value>120</Value>
            </HeartRateBpm>
            <Extensions>
              <ns3:TPX>
                <ns3:Speed>2.3889999389648438</ns3:Speed>
                <ns3:RunCadence>82</ns3:RunCadence>
              </ns3:TPX>
            </Extensions>
          </Trackpoint>
          <Trackpoint>
            <Time>2026-01-10T09:26:18.000Z</Time>
            <Position>
              <LatitudeDegrees>38.9091688580811</LatitudeDegrees>
              <LongitudeDegrees>-6.332669584080577</LongitudeDegrees>
            </Position>
            <AltitudeMeters>227.39999389648438</AltitudeMeters>
            <DistanceMeters>672.3400268554688</DistanceMeters>
            <HeartRateBpm>
              <Value>121</Value>
            </HeartRateBpm>
            <Extensions>
              <ns3:TPX>
                <ns3:Speed>2.3980000019073486</ns3:Speed>
                <ns3:RunCadence>83</ns3:RunCadence>
              </ns3:TPX>
            </Extensions>
          </Trackpoint>
          <Trackpoint>
            <Time>2026-01-10T09:26:25.000Z</Time>
            <Position>
              <LatitudeDegrees>38.90929299406707</LatitudeDegrees>
              <LongitudeDegrees>-6.332548717036843</LongitudeDegrees>
            </Position>
            <AltitudeMeters>227.0</AltitudeMeters>
            <DistanceMeters>689.6699829101562</DistanceMeters>
            <HeartRateBpm>
              <Value>121</Value>
            </HeartRateBpm>
            <Extensions>
              <ns3:TPX>
                <ns3:Speed>2.4170000553131104</ns3:Speed>
                <ns3:RunCadence>83</ns3:RunCadence>
              </ns3:TPX>
            </Extensions>
          </Trackpoint>
          <Trackpoint>
            <Time>2026-01-10T09:26:33.000Z</Time>
            <Position>
              <LatitudeDegrees>38.909464068710804</LatitudeDegrees>
              <LongitudeDegrees>-6.332478476688266</LongitudeDegrees>
            </Position>
            <AltitudeMeters>226.39999389648438</AltitudeMeters>
            <DistanceMeters>709.760009765625</DistanceMeters>
            <HeartRateBpm>
              <Value>121</Value>
            </HeartRateBpm>
            <Extensions>
              <ns3:TPX>
                <ns3:Speed>2.4170000553131104</ns3:Speed>
                <ns3:RunCadence>84</ns3:RunCadence>
              </ns3:TPX>
            </Extensions>
          </Trackpoint>
          <Trackpoint>
            <Time>2026-01-10T09:26:34.000Z</Time>
            <Position>
              <LatitudeDegrees>38.909488543868065</LatitudeDegrees>
              <LongitudeDegrees>-6.332474201917648</LongitudeDegrees>
            </Position>
            <AltitudeMeters>226.1999969482422</AltitudeMeters>
            <DistanceMeters>712.5</DistanceMeters>
            <HeartRateBpm>
              <Value>121</Value>
            </HeartRateBpm>
            <Extensions>
              <ns3:TPX>
                <ns3:Speed>2.4170000553131104</ns3:Speed>
                <ns3:RunCadence>84</ns3:RunCadence>
              </ns3:TPX>
            </Extensions>
          </Trackpoint>
          <Trackpoint>
            <Time>2026-01-10T09:26:42.000Z</Time>
            <Position>
              <LatitudeDegrees>38.909673783928156</LatitudeDegrees>
              <LongitudeDegrees>-6.332502029836178</LongitudeDegrees>
            </Position>
            <AltitudeMeters>225.39999389648438</AltitudeMeters>
            <DistanceMeters>733.3900146484375</DistanceMeters>
            <HeartRateBpm>
              <Value>120</Value>
            </HeartRateBpm>
            <Extensions>
              <ns3:TPX>
                <ns3:Speed>2.434999942779541</ns3:Speed>
                <ns3:RunCadence>83</ns3:RunCadence>
              </ns3:TPX>
            </Extensions>
          </Trackpoint>
          <Trackpoint>
            <Time>2026-01-10T09:26:43.000Z</Time>
            <Position>
              <LatitudeDegrees>38.909693816676736</LatitudeDegrees>
              <LongitudeDegrees>-6.332512339577079</LongitudeDegrees>
            </Position>
            <AltitudeMeters>225.1999969482422</AltitudeMeters>
            <DistanceMeters>735.7899780273438</DistanceMeters>
            <HeartRateBpm>
              <Value>120</Value>
            </HeartRateBpm>
            <Extensions>
              <ns3:TPX>
                <ns3:Speed>2.444999933242798</ns3:Speed>
                <ns3:RunCadence>82</ns3:RunCadence>
              </ns3:TPX>
            </Extensions>
          </Trackpoint>
          <Trackpoint>
            <Time>2026-01-10T09:26:51.000Z</Time>
            <Position>
              <LatitudeDegrees>38.909837901592255</LatitudeDegrees>
              <LongitudeDegrees>-6.33264041505754</LongitudeDegrees>
            </Position>
            <AltitudeMeters>224.39999389648438</AltitudeMeters>
            <DistanceMeters>755.3900146484375</DistanceMeters>
            <HeartRateBpm>
              <Value>121</Value>
            </HeartRateBpm>
            <Extensions>
              <ns3:TPX>
                <ns3:Speed>2.444999933242798</ns3:Speed>
                <ns3:RunCadence>83</ns3:RunCadence>
              </ns3:TPX>
            </Extensions>
          </Trackpoint>
          <Trackpoint>
            <Time>2026-01-10T09:26:58.000Z</Time>
            <Position>
              <LatitudeDegrees>38.90991141088307</LatitudeDegrees>
              <LongitudeDegrees>-6.332814507186413</LongitudeDegrees>
            </Position>
            <AltitudeMeters>224.0</AltitudeMeters>
            <DistanceMeters>772.739990234375</DistanceMeters>
            <HeartRateBpm>
              <Value>121</Value>
            </HeartRateBpm>
            <Extensions>
              <ns3:TPX>
                <ns3:Speed>2.4539999961853027</ns3:Speed>
                <ns3:RunCadence>82</ns3:RunCadence>
              </ns3:TPX>
            </Extensions>
          </Trackpoint>
          <Trackpoint>
            <Time>2026-01-10T09:27:06.000Z</Time>
            <Position>
              <LatitudeDegrees>38.90994317829609</LatitudeDegrees>
              <LongitudeDegrees>-6.333042327314615</LongitudeDegrees>
            </Position>
            <AltitudeMeters>224.60000610351562</AltitudeMeters>
            <DistanceMeters>793.0</DistanceMeters>
            <HeartRateBpm>
              <Value>122</Value>
            </HeartRateBpm>
            <Extensions>
              <ns3:TPX>
                <ns3:Speed>2.4539999961853027</ns3:Speed>
                <ns3:RunCadence>83</ns3:RunCadence>
              </ns3:TPX>
            </Extensions>
          </Trackpoint>
          <Trackpoint>
            <Time>2026-01-10T09:27:08.000Z</Time>
            <Position>
              <LatitudeDegrees>38.90993672423065</LatitudeDegrees>
              <LongitudeDegrees>-6.3331011682748795</LongitudeDegrees>
            </Position>
            <AltitudeMeters>224.60000610351562</AltitudeMeters>
            <DistanceMeters>798.1500244140625</DistanceMeters>
            <HeartRateBpm>
              <Value>122</Value>
            </HeartRateBpm>
            <Extensions>
              <ns3:TPX>
                <ns3:Speed>2.4630000591278076</ns3:Speed>
                <ns3:RunCadence>83</ns3:RunCadence>
              </ns3:TPX>
            </Extensions>
          </Trackpoint>
          <Trackpoint>
            <Time>2026-01-10T09:27:16.000Z</Time>
            <Position>
              <LatitudeDegrees>38.90986271202564</LatitudeDegrees>
              <LongitudeDegrees>-6.333316080272198</LongitudeDegrees>
            </Position>
            <AltitudeMeters>225.0</AltitudeMeters>
            <DistanceMeters>818.6199951171875</DistanceMeters>
            <HeartRateBpm>
              <Value>123</Value>
            </HeartRateBpm>
            <Extensions>
              <ns3:TPX>
                <ns3:Speed>2.4730000495910645</ns3:Speed>
                <ns3:RunCadence>84</ns3:RunCadence>
              </ns3:TPX>
            </Extensions>
          </Trackpoint>
          <Trackpoint>
            <Time>2026-01-10T09:27:23.000Z</Time>
            <Position>
              <LatitudeDegrees>38.90974838286638</LatitudeDegrees>
              <LongitudeDegrees>-6.333457650616765</LongitudeDegrees>
            </Position>
            <AltitudeMeters>225.0</AltitudeMeters>
            <DistanceMeters>836.4299926757812</DistanceMeters>
            <HeartRateBpm>
              <Value>123</Value>
            </HeartRateBpm>
            <Extensions>
              <ns3:TPX>
                <ns3:Speed>2.4820001125335693</ns3:Speed>
                <ns3:RunCadence>82</ns3:RunCadence>
              </ns3:TPX>
            </Extensions>
          </Trackpoint>
          <Trackpoint>
            <Time>2026-01-10T09:27:31.000Z</Time>
            <Position>
              <LatitudeDegrees>38.90959373675287</LatitudeDegrees>
              <LongitudeDegrees>-6.333591844886541</LongitudeDegrees>
            </Position>
            <AltitudeMeters>225.0</AltitudeMeters>
            <DistanceMeters>857.1799926757812</DistanceMeters>
            <HeartRateBpm>
              <Value>123</Value>
            </HeartRateBpm>
            <Extensions>
              <ns3:TPX>
                <ns3:Speed>2.500999927520752</ns3:Speed>
                <ns3:RunCadence>82</ns3:RunCadence>
              </ns3:TPX>
            </Extensions>
          </Trackpoint>
          <Trackpoint>
            <Time>2026-01-10T09:27:33.000Z</Time>
            <Position>
              <LatitudeDegrees>38.909557443112135</LatitudeDegrees>
              <LongitudeDegrees>-6.333626126870513</LongitudeDegrees>
            </Position>
            <AltitudeMeters>224.8000030517578</AltitudeMeters>
            <DistanceMeters>862.1799926757812</DistanceMeters>
            <HeartRateBpm>
              <Value>123</Value>
            </HeartRateBpm>
            <Extensions>
              <ns3:TPX>
                <ns3:Speed>2.500999927520752</ns3:Speed>
                <ns3:RunCadence>83</ns3:RunCadence>
              </ns3:TPX>
            </Extensions>
          </Trackpoint>
          <Trackpoint>
            <Time>2026-01-10T09:27:41.000Z</Time>
            <Position>
              <LatitudeDegrees>38.909407909959555</LatitudeDegrees>
              <LongitudeDegrees>-6.333765182644129</LongitudeDegrees>
            </Position>
            <AltitudeMeters>223.8000030517578</AltitudeMeters>
            <DistanceMeters>882.72998046875</DistanceMeters>
            <HeartRateBpm>
              <Value>125</Value>
            </HeartRateBpm>
            <Extensions>
              <ns3:TPX>
                <ns3:Speed>2.5190000534057617</ns3:Speed>
                <ns3:RunCadence>83</ns3:RunCadence>
              </ns3:TPX>
            </Extensions>
          </Trackpoint>
          <Trackpoint>
            <Time>2026-01-10T09:27:49.000Z</Time>
            <Position>
              <LatitudeDegrees>38.909259382635355</LatitudeDegrees>
              <LongitudeDegrees>-6.3339039869606495</LongitudeDegrees>
            </Position>
            <AltitudeMeters>223.0</AltitudeMeters>
            <DistanceMeters>903.1699829101562</DistanceMeters>
            <HeartRateBpm>
              <Value>125</Value>
            </HeartRateBpm>
            <Extensions>
              <ns3:TPX>
                <ns3:Speed>2.5380001068115234</ns3:Speed>
                <ns3:RunCadence>83</ns3:RunCadence>
              </ns3:TPX>
            </Extensions>
          </Trackpoint>
          <Trackpoint>
            <Time>2026-01-10T09:27:57.000Z</Time>
            <Position>
              <LatitudeDegrees>38.90911353752017</LatitudeDegrees>
              <LongitudeDegrees>-6.3340479880571365</LongitudeDegrees>
            </Position>
            <AltitudeMeters>223.0</AltitudeMeters>
            <DistanceMeters>923.6500244140625</DistanceMeters>
            <HeartRateBpm>
              <Value>124</Value>
            </HeartRateBpm>
            <Extensions>
              <ns3:TPX>
                <ns3:Speed>2.5380001068115234</ns3:Speed>
                <ns3:RunCadence>83</ns3:RunCadence>
              </ns3:TPX>
            </Extensions>
          </Trackpoint>
          <Trackpoint>
            <Time>2026-01-10T09:27:58.000Z</Time>
            <Position>
              <LatitudeDegrees>38.90909249894321</LatitudeDegrees>
              <LongitudeDegrees>-6.334059219807386</LongitudeDegrees>
            </Position>
            <AltitudeMeters>223.0</AltitudeMeters>
            <DistanceMeters>926.1799926757812</DistanceMeters>
            <HeartRateBpm>
              <Value>124</Value>
            </HeartRateBpm>
            <Extensions>
              <ns3:TPX>
                <ns3:Speed>2.5380001068115234</ns3:Speed>
                <ns3:RunCadence>83</ns3:RunCadence>
              </ns3:TPX>
            </Extensions>
          </Trackpoint>
          <Trackpoint>
            <Time>2026-01-10T09:28:07.000Z</Time>
            <Position>
              <LatitudeDegrees>38.90890231356025</LatitudeDegrees>
              <LongitudeDegrees>-6.3341110199689865</LongitudeDegrees>
            </Position>
            <AltitudeMeters>223.8000030517578</AltitudeMeters>
            <DistanceMeters>947.9299926757812</DistanceMeters>
            <HeartRateBpm>
              <Value>125</Value>
            </HeartRateBpm>
            <Extensions>
              <ns3:TPX>
                <ns3:Speed>2.5380001068115234</ns3:Speed>
                <ns3:RunCadence>83</ns3:RunCadence>
              </ns3:TPX>
            </Extensions>
          </Trackpoint>
          <Trackpoint>
            <Time>2026-01-10T09:28:14.000Z</Time>
            <Position>
              <LatitudeDegrees>38.908743895590305</LatitudeDegrees>
              <LongitudeDegrees>-6.334058381617069</LongitudeDegrees>
            </Position>
            <AltitudeMeters>225.0</AltitudeMeters>
            <DistanceMeters>966.2000122070312</DistanceMeters>
            <HeartRateBpm>
              <Value>122</Value>
            </HeartRateBpm>
            <Extensions>
              <ns3:TPX>
                <ns3:Speed>2.5380001068115234</ns3:Speed>
                <ns3:RunCadence>82</ns3:RunCadence>
              </ns3:TPX>
            </Extensions>
          </Trackpoint>
          <Trackpoint>
            <Time>2026-01-10T09:28:16.000Z</Time>
            <Position>
              <LatitudeDegrees>38.908705338835716</LatitudeDegrees>
              <LongitudeDegrees>-6.334031475707889</LongitudeDegrees>
            </Position>
            <AltitudeMeters>225.39999389648438</AltitudeMeters>
            <DistanceMeters>971.0900268554688</DistanceMeters>
            <HeartRateBpm>
              <Value>122</Value>
            </HeartRateBpm>
            <Extensions>
              <ns3:TPX>
                <ns3:Speed>2.5290000438690186</ns3:Speed>
                <ns3:RunCadence>82</ns3:RunCadence>
              </ns3:TPX>
            </Extensions>
          </Trackpoint>
          <Trackpoint>
            <Time>2026-01-10T09:28:25.000Z</Time>
            <Position>
              <LatitudeDegrees>38.90857215039432</LatitudeDegrees>
              <LongitudeDegrees>-6.33384196087718</LongitudeDegrees>
            </Position>
            <AltitudeMeters>226.60000610351562</AltitudeMeters>
            <DistanceMeters>993.47998046875</DistanceMeters>
            <HeartRateBpm>
              <Value>121</Value>
            </HeartRateBpm>
            <Extensions>
              <ns3:TPX>
                <ns3:Speed>2.5190000534057617</ns3:Speed>
                <ns3:RunCadence>83</ns3:RunCadence>
              </ns3:TPX>
            </Extensions>
          </Trackpoint>
          <Trackpoint>
            <Time>2026-01-10T09:28:28.000Z</Time>
            <Position>
              <LatitudeDegrees>38.90854415483773</LatitudeDegrees>
              <LongitudeDegrees>-6.333761662244797</LongitudeDegrees>
            </Position>
            <AltitudeMeters>227.0</AltitudeMeters>
            <DistanceMeters>1001.1300048828125</DistanceMeters>
            <HeartRateBpm>
              <Value>121</Value>
            </HeartRateBpm>
            <Extensions>
              <ns3:TPX>
                <ns3:Speed>2.5290000438690186</ns3:Speed>
                <ns3:RunCadence>82</ns3:RunCadence>
              </ns3:TPX>
            </Extensions>
          </Trackpoint>
        </Track>
        <Extensions>
          <ns3:LX>
            <ns3:AvgSpeed>2.4519999027252197</ns3:AvgSpeed>
            <ns3:AvgRunCadence>81</ns3:AvgRunCadence>
            <ns3:MaxRunCadence>84</ns3:MaxRunCadence>
          </ns3:LX>
        </Extensions>
      </Lap>
      <Lap StartTime="2026-01-10T09:28:29.000Z">
        <TotalTimeSeconds>395.229</TotalTimeSeconds>
        <DistanceMeters>1000.0</DistanceMeters>
        <MaximumSpeed>2.63100004196167</MaximumSpeed>
        <Calories>75</Calories>
        <AverageHeartRateBpm>
          <Value>124</Value>
        </AverageHeartRateBpm>
        <MaximumHeartRateBpm>
          <Value>130</Value>
        </MaximumHeartRateBpm>
        <Intensity>Active</Intensity>
        <TriggerMethod>Manual</TriggerMethod>
        <Track>
          <Trackpoint>
            <Time>2026-01-10T09:28:34.000Z</Time>
            <Position>
              <LatitudeDegrees>38.90852579846978</LatitudeDegrees>
              <LongitudeDegrees>-6.33360056206584</LongitudeDegrees>
            </Position>
            <AltitudeMeters>227.0</AltitudeMeters>
            <DistanceMeters>1015.260009765625</DistanceMeters>
            <HeartRateBpm>
              <Value>121</Value>
            </HeartRateBpm>
            <Extensions>
              <ns3:TPX>
                <ns3:Speed>2.5290000438690186</ns3:Speed>
                <ns3:RunCadence>83</ns3:RunCadence>
              </ns3:TPX>
            </Extensions>
          </Trackpoint>
          <Trackpoint>
            <Time>2026-01-10T09:28:43.000Z</Time>
            <Position>
              <LatitudeDegrees>38.90856326557696</LatitudeDegrees>
              <LongitudeDegrees>-6.333353631198406</LongitudeDegrees>
            </Position>
            <AltitudeMeters>227.39999389648438</AltitudeMeters>
            <DistanceMeters>1037.3299560546875</DistanceMeters>
            <HeartRateBpm>
              <Value>121</Value>
            </HeartRateBpm>
            <Extensions>
              <ns3:TPX>
                <ns3:Speed>2.509999990463257</ns3:Speed>
                <ns3:RunCadence>82</ns3:RunCadence>
              </ns3:TPX>
            </Extensions>
          </Trackpoint>
          <Trackpoint>
            <Time>2026-01-10T09:28:51.000Z</Time>
            <Position>
              <LatitudeDegrees>38.90866502188146</LatitudeDegrees>
              <LongitudeDegrees>-6.33316470310092</LongitudeDegrees>
            </Position>
            <AltitudeMeters>228.1999969482422</AltitudeMeters>
            <DistanceMeters>1057.3299560546875</DistanceMeters>
            <HeartRateBpm>
              <Value>120</Value>
            </HeartRateBpm>
            <Extensions>
              <ns3:TPX>
                <ns3:Speed>2.500999927520752</ns3:Speed>
                <ns3:RunCadence>83</ns3:RunCadence>
              </ns3:TPX>
            </Extensions>
          </Trackpoint>
          <Trackpoint>
            <Time>2026-01-10T09:29:00.000Z</Time>
            <Position>
              <LatitudeDegrees>38.90881287865341</LatitudeDegrees>
              <LongitudeDegrees>-6.333013912662864</LongitudeDegrees>
            </Position>
            <AltitudeMeters>228.60000610351562</AltitudeMeters>
            <DistanceMeters>1078.31005859375</DistanceMeters>
            <HeartRateBpm>
              <Value>121</Value>
            </HeartRateBpm>
            <Extensions>
              <ns3:TPX>
                <ns3:Speed>2.490999937057495</ns3:Speed>
                <ns3:RunCadence>83</ns3:RunCadence>
              </ns3:TPX>
            </Extensions>
          </Trackpoint>
          <Trackpoint>
            <Time>2026-01-10T09:29:09.000Z</Time>
            <Position>
              <LatitudeDegrees>38.90896786004305</LatitudeDegrees>
              <LongitudeDegrees>-6.332857422530651</LongitudeDegrees>
            </Position>
            <AltitudeMeters>228.1999969482422</AltitudeMeters>
            <DistanceMeters>1100.25</DistanceMeters>
            <HeartRateBpm>
              <Value>120</Value>
            </HeartRateBpm>
            <Extensions>
              <ns3:TPX>
                <ns3:Speed>2.4730000495910645</ns3:Speed>
                <ns3:RunCadence>83</ns3:RunCadence>
              </ns3:TPX>
            </Extensions>
          </Trackpoint>
          <Trackpoint>
            <Time>2026-01-10T09:29:11.000Z</Time>
            <Position>
              <LatitudeDegrees>38.90900591388345</LatitudeDegrees>
              <LongitudeDegrees>-6.332821128889918</LongitudeDegrees>
            </Position>
            <AltitudeMeters>228.0</AltitudeMeters>
            <DistanceMeters>1105.510009765625</DistanceMeters>
            <HeartRateBpm>
              <Value>121</Value>
            </HeartRateBpm>
            <Extensions>
              <ns3:TPX>
                <ns3:Speed>2.4630000591278076</ns3:Speed>
                <ns3:RunCadence>83</ns3:RunCadence>
              </ns3:TPX>
            </Extensions>
          </Trackpoint>
          <Trackpoint>
            <Time>2026-01-10T09:29:19.000Z</Time>
            <Position>
              <LatitudeDegrees>38.90915125608444</LatitudeDegrees>
              <LongitudeDegrees>-6.332674529403448</LongitudeDegrees>
            </Position>
            <AltitudeMeters>227.39999389648438</AltitudeMeters>
            <DistanceMeters>1126.06005859375</DistanceMeters>
            <HeartRateBpm>
              <Value>122</Value>
            </HeartRateBpm>
            <Extensions>
              <ns3:TPX>
                <ns3:Speed>2.4730000495910645</ns3:Speed>
                <ns3:RunCadence>83</ns3:RunCadence>
              </ns3:TPX>
            </Extensions>
          </Trackpoint>
          <Trackpoint>
            <Time>2026-01-10T09:29:21.000Z</Time>
            <Position>
              <LatitudeDegrees>38.909188471734524</LatitudeDegrees>
              <LongitudeDegrees>-6.332638403400779</LongitudeDegrees>
            </Position>
            <AltitudeMeters>227.39999389648438</AltitudeMeters>
            <DistanceMeters>1131.22998046875</DistanceMeters>
            <HeartRateBpm>
              <Value>122</Value>
            </HeartRateBpm>
            <Extensions>
              <ns3:TPX>
                <ns3:Speed>2.4730000495910645</ns3:Speed>
                <ns3:RunCadence>83</ns3:RunCadence>
              </ns3:TPX>
            </Extensions>
          </Trackpoint>
          <Trackpoint>
            <Time>2026-01-10T09:29:28.000Z</Time>
            <Position>
              <LatitudeDegrees>38.90931889414787</LatitudeDegrees>
              <LongitudeDegrees>-6.33251141756773</LongitudeDegrees>
            </Position>
            <AltitudeMeters>226.8000030517578</AltitudeMeters>
            <DistanceMeters>1149.530029296875</DistanceMeters>
            <HeartRateBpm>
              <Value>123</Value>
            </HeartRateBpm>
            <Extensions>
              <ns3:TPX>
                <ns3:Speed>2.490999937057495</ns3:Speed>
                <ns3:RunCadence>83</ns3:RunCadence>
              </ns3:TPX>
            </Extensions>
          </Trackpoint>
          <Trackpoint>
            <Time>2026-01-10T09:29:36.000Z</Time>
            <Position>
              <LatitudeDegrees>38.90949751250446</LatitudeDegrees>
              <LongitudeDegrees>-6.332450062036514</LongitudeDegrees>
            </Position>
            <AltitudeMeters>226.1999969482422</AltitudeMeters>
            <DistanceMeters>1170.2099609375</DistanceMeters>
            <HeartRateBpm>
              <Value>125</Value>
            </HeartRateBpm>
            <Extensions>
              <ns3:TPX>
                <ns3:Speed>2.500999927520752</ns3:Speed>
                <ns3:RunCadence>84</ns3:RunCadence>
              </ns3:TPX>
            </Extensions>
          </Trackpoint>
          <Trackpoint>
            <Time>2026-01-10T09:29:37.000Z</Time>
            <Position>
              <LatitudeDegrees>38.90952165238559</LatitudeDegrees>
              <LongitudeDegrees>-6.33244838565588</LongitudeDegrees>
            </Position>
            <AltitudeMeters>226.1999969482422</AltitudeMeters>
            <DistanceMeters>1172.9000244140625</DistanceMeters>
            <HeartRateBpm>
              <Value>125</Value>
            </HeartRateBpm>
            <Extensions>
              <ns3:TPX>
                <ns3:Speed>2.509999990463257</ns3:Speed>
                <ns3:RunCadence>83</ns3:RunCadence>
              </ns3:TPX>
            </Extensions>
          </Trackpoint>
          <Trackpoint>
            <Time>2026-01-10T09:29:45.000Z</Time>
            <Position>
              <LatitudeDegrees>38.909698175266385</LatitudeDegrees>
              <LongitudeDegrees>-6.332503454759717</LongitudeDegrees>
            </Position>
            <AltitudeMeters>225.39999389648438</AltitudeMeters>
            <DistanceMeters>1193.1800537109375</DistanceMeters>
            <HeartRateBpm>
              <Value>125</Value>
            </HeartRateBpm>
            <Extensions>
              <ns3:TPX>
                <ns3:Speed>2.5190000534057617</ns3:Speed>
                <ns3:RunCadence>82</ns3:RunCadence>
              </ns3:TPX>
            </Extensions>
          </Trackpoint>
          <Trackpoint>
            <Time>2026-01-10T09:29:52.000Z</Time>
            <Position>
              <LatitudeDegrees>38.90982591547072</LatitudeDegrees>
              <LongitudeDegrees>-6.332634631544352</LongitudeDegrees>
            </Position>
            <AltitudeMeters>224.39999389648438</AltitudeMeters>
            <DistanceMeters>1211.56005859375</DistanceMeters>
            <HeartRateBpm>
              <Value>125</Value>
            </HeartRateBpm>
            <Extensions>
              <ns3:TPX>
                <ns3:Speed>2.5290000438690186</ns3:Speed>
                <ns3:RunCadence>83</ns3:RunCadence>
              </ns3:TPX>
            </Extensions>
          </Trackpoint>
          <Trackpoint>
            <Time>2026-01-10T09:29:59.000Z</Time>
            <Position>
              <LatitudeDegrees>38.909921804443</LatitudeDegrees>
              <LongitudeDegrees>-6.332805538550019</LongitudeDegrees>
            </Position>
            <AltitudeMeters>224.0</AltitudeMeters>
            <DistanceMeters>1229.93994140625</DistanceMeters>
            <HeartRateBpm>
              <Value>125</Value>
            </HeartRateBpm>
            <Extensions>
              <ns3:TPX>
                <ns3:Speed>2.5380001068115234</ns3:Speed>
                <ns3:RunCadence>83</ns3:RunCadence>
              </ns3:TPX>
            </Extensions>
          </Trackpoint>
          <Trackpoint>
            <Time>2026-01-10T09:30:07.000Z</Time>
            <Position>
              <LatitudeDegrees>38.909937562420964</LatitudeDegrees>
              <LongitudeDegrees>-6.333048697561026</LongitudeDegrees>
            </Position>
            <AltitudeMeters>224.60000610351562</AltitudeMeters>
            <DistanceMeters>1251.260009765625</DistanceMeters>
            <HeartRateBpm>
              <Value>126</Value>
            </HeartRateBpm>
            <Extensions>
              <ns3:TPX>
                <ns3:Speed>2.546999931335449</ns3:Speed>
                <ns3:RunCadence>83</ns3:RunCadence>
              </ns3:TPX>
            </Extensions>
          </Trackpoint>
          <Trackpoint>
            <Time>2026-01-10T09:30:15.000Z</Time>
            <Position>
              <LatitudeDegrees>38.90988366678357</LatitudeDegrees>
              <LongitudeDegrees>-6.333275176584721</LongitudeDegrees>
            </Position>
            <AltitudeMeters>225.1999969482422</AltitudeMeters>
            <DistanceMeters>1272.010009765625</DistanceMeters>
            <HeartRateBpm>
              <Value>126</Value>
            </HeartRateBpm>
            <Extensions>
              <ns3:TPX>
                <ns3:Speed>2.565999984741211</ns3:Speed>
                <ns3:RunCadence>83</ns3:RunCadence>
              </ns3:TPX>
            </Extensions>
          </Trackpoint>
          <Trackpoint>
            <Time>2026-01-10T09:30:16.000Z</Time>
            <Position>
              <LatitudeDegrees>38.90987302176654</LatitudeDegrees>
              <LongitudeDegrees>-6.333300322294235</LongitudeDegrees>
            </Position>
            <AltitudeMeters>225.1999969482422</AltitudeMeters>
            <DistanceMeters>1274.489990234375</DistanceMeters>
            <HeartRateBpm>
              <Value>126</Value>
            </HeartRateBpm>
            <Extensions>
              <ns3:TPX>
                <ns3:Speed>2.565999984741211</ns3:Speed>
                <ns3:RunCadence>83</ns3:RunCadence>
              </ns3:TPX>
            </Extensions>
          </Trackpoint>
          <Trackpoint>
            <Time>2026-01-10T09:30:24.000Z</Time>
            <Position>
              <LatitudeDegrees>38.909731367602944</LatitudeDegrees>
              <LongitudeDegrees>-6.333467876538634</LongitudeDegrees>
            </Position>
            <AltitudeMeters>225.0</AltitudeMeters>
            <DistanceMeters>1296.1600341796875</DistanceMeters>
            <HeartRateBpm>
              <Value>127</Value>
            </HeartRateBpm>
            <Extensions>
              <ns3:TPX>
                <ns3:Speed>2.575000047683716</ns3:Speed>
                <ns3:RunCadence>83</ns3:RunCadence>
              </ns3:TPX>
            </Extensions>
          </Trackpoint>
          <Trackpoint>
            <Time>2026-01-10T09:30:32.000Z</Time>
            <Position>
              <LatitudeDegrees>38.90958099626005</LatitudeDegrees>
              <LongitudeDegrees>-6.333601903170347</LongitudeDegrees>
            </Position>
            <AltitudeMeters>224.8000030517578</AltitudeMeters>
            <DistanceMeters>1316.5699462890625</DistanceMeters>
            <HeartRateBpm>
              <Value>126</Value>
            </HeartRateBpm>
            <Extensions>
              <ns3:TPX>
                <ns3:Speed>2.5940001010894775</ns3:Speed>
                <ns3:RunCadence>82</ns3:RunCadence>
              </ns3:TPX>
            </Extensions>
          </Trackpoint>
          <Trackpoint>
            <Time>2026-01-10T09:30:33.000Z</Time>
            <Position>
              <LatitudeDegrees>38.909562891349196</LatitudeDegrees>
              <LongitudeDegrees>-6.333620930090547</LongitudeDegrees>
            </Position>
            <AltitudeMeters>224.8000030517578</AltitudeMeters>
            <DistanceMeters>1319.1700439453125</DistanceMeters>
            <HeartRateBpm>
              <Value>126</Value>
            </HeartRateBpm>
            <Extensions>
              <ns3:TPX>
                <ns3:Speed>2.5940001010894775</ns3:Speed>
                <ns3:RunCadence>82</ns3:RunCadence>
              </ns3:TPX>
            </Extensions>
          </Trackpoint>
          <Trackpoint>
            <Time>2026-01-10T09:30:41.000Z</Time>
            <Position>
              <LatitudeDegrees>38.909413358196616</LatitudeDegrees>
              <LongitudeDegrees>-6.333760404959321</LongitudeDegrees>
            </Position>
            <AltitudeMeters>223.8000030517578</AltitudeMeters>
            <DistanceMeters>1339.699951171875</DistanceMeters>
            <HeartRateBpm>
              <Value>124</Value>
            </HeartRateBpm>
            <Extensions>
              <ns3:TPX>
                <ns3:Speed>2.5850000381469727</ns3:Speed>
                <ns3:RunCadence>82</ns3:RunCadence>
              </ns3:TPX>
            </Extensions>
          </Trackpoint>
          <Trackpoint>
            <Time>2026-01-10T09:30:42.000Z</Time>
            <Position>
              <LatitudeDegrees>38.90939500182867</LatitudeDegrees>
              <LongitudeDegrees>-6.333778761327267</LongitudeDegrees>
            </Position>
            <AltitudeMeters>223.60000610351562</AltitudeMeters>
            <DistanceMeters>1342.280029296875</DistanceMeters>
            <HeartRateBpm>
              <Value>123</Value>
            </HeartRateBpm>
            <Extensions>
              <ns3:TPX>
                <ns3:Speed>2.5850000381469727</ns3:Speed>
                <ns3:RunCadence>83</ns3:RunCadence>
              </ns3:TPX>
            </Extensions>
          </Trackpoint>
          <Trackpoint>
            <Time>2026-01-10T09:30:50.000Z</Time>
            <Position>
              <LatitudeDegrees>38.90924898907542</LatitudeDegrees>
              <LongitudeDegrees>-6.33391915820539</LongitudeDegrees>
            </Position>
            <AltitudeMeters>223.0</AltitudeMeters>
            <DistanceMeters>1362.550048828125</DistanceMeters>
            <HeartRateBpm>
              <Value>122</Value>
            </HeartRateBpm>
            <Extensions>
              <ns3:TPX>
                <ns3:Speed>2.5940001010894775</ns3:Speed>
                <ns3:RunCadence>83</ns3:RunCadence>
              </ns3:TPX>
            </Extensions>
          </Trackpoint>
          <Trackpoint>
            <Time>2026-01-10T09:30:51.000Z</Time>
            <Position>
              <LatitudeDegrees>38.909227196127176</LatitudeDegrees>
              <LongitudeDegrees>-6.333934580907226</LongitudeDegrees>
            </Position>
            <AltitudeMeters>223.0</AltitudeMeters>
            <DistanceMeters>1365.31005859375</DistanceMeters>
            <HeartRateBpm>
              <Value>122</Value>
            </HeartRateBpm>
            <Extensions>
              <ns3:TPX>
                <ns3:Speed>2.5940001010894775</ns3:Speed>
                <ns3:RunCadence>83</ns3:RunCadence>
              </ns3:TPX>
            </Extensions>
          </Trackpoint>
          <Trackpoint>
            <Time>2026-01-10T09:30:58.000Z</Time>
            <Position>
              <LatitudeDegrees>38.90909970737994</LatitudeDegrees>
              <LongitudeDegrees>-6.334056286141276</LongitudeDegrees>
            </Position>
            <AltitudeMeters>223.0</AltitudeMeters>
            <DistanceMeters>1382.989990234375</DistanceMeters>
            <HeartRateBpm>
              <Value>124</Value>
            </HeartRateBpm>
            <Extensions>
              <ns3:TPX>
                <ns3:Speed>2.5940001010894775</ns3:Speed>
                <ns3:RunCadence>81</ns3:RunCadence>
              </ns3:TPX>
            </Extensions>
          </Trackpoint>
          <Trackpoint>
            <Time>2026-01-10T09:31:06.000Z</Time>
            <Position>
              <LatitudeDegrees>38.90892343595624</LatitudeDegrees>
              <LongitudeDegrees>-6.3341012969613075</LongitudeDegrees>
            </Position>
            <AltitudeMeters>223.60000610351562</AltitudeMeters>
            <DistanceMeters>1403.050048828125</DistanceMeters>
            <HeartRateBpm>
              <Value>124</Value>
            </HeartRateBpm>
            <Extensions>
              <ns3:TPX>
                <ns3:Speed>2.5850000381469727</ns3:Speed>
                <ns3:RunCadence>83</ns3:RunCadence>
              </ns3:TPX>
            </Extensions>
          </Trackpoint>
          <Trackpoint>
            <Time>2026-01-10T09:31:14.000Z</Time>
            <Position>
              <LatitudeDegrees>38.908745320513844</LatitudeDegrees>
              <LongitudeDegrees>-6.33404036052525</LongitudeDegrees>
            </Position>
            <AltitudeMeters>225.1999969482422</AltitudeMeters>
            <DistanceMeters>1423.699951171875</DistanceMeters>
            <HeartRateBpm>
              <Value>125</Value>
            </HeartRateBpm>
            <Extensions>
              <ns3:TPX>
                <ns3:Speed>2.5940001010894775</ns3:Speed>
                <ns3:RunCadence>83</ns3:RunCadence>
              </ns3:TPX>
            </Extensions>
          </Trackpoint>
          <Trackpoint>
            <Time>2026-01-10T09:31:23.000Z</Time>
            <Position>
              <LatitudeDegrees>38.908600229769945</LatitudeDegrees>
              <LongitudeDegrees>-6.333874985575676</LongitudeDegrees>
            </Position>
            <AltitudeMeters>226.39999389648438</AltitudeMeters>
            <DistanceMeters>1445.5400390625</DistanceMeters>
            <HeartRateBpm>
              <Value>125</Value>
            </HeartRateBpm>
            <Extensions>
              <ns3:TPX>
                <ns3:Speed>2.5940001010894775</ns3:Speed>
                <ns3:RunCadence>84</ns3:RunCadence>
              </ns3:TPX>
            </Extensions>
          </Trackpoint>
          <Trackpoint>
            <Time>2026-01-10T09:31:31.000Z</Time>
            <Position>
              <LatitudeDegrees>38.90852915123105</LatitudeDegrees>
              <LongitudeDegrees>-6.3336695451289415</LongitudeDegrees>
            </Position>
            <AltitudeMeters>227.0</AltitudeMeters>
            <DistanceMeters>1465.1800537109375</DistanceMeters>
            <HeartRateBpm>
              <Value>125</Value>
            </HeartRateBpm>
            <Extensions>
              <ns3:TPX>
                <ns3:Speed>2.575000047683716</ns3:Speed>
                <ns3:RunCadence>83</ns3:RunCadence>
              </ns3:TPX>
            </Extensions>
          </Trackpoint>
          <Trackpoint>
            <Time>2026-01-10T09:31:39.000Z</Time>
            <Position>
              <LatitudeDegrees>38.908532336354256</LatitudeDegrees>
              <LongitudeDegrees>-6.333442144095898</LongitudeDegrees>
            </Position>
            <AltitudeMeters>227.39999389648438</AltitudeMeters>
            <DistanceMeters>1485.1099853515625</DistanceMeters>
            <HeartRateBpm>
              <Value>126</Value>
            </HeartRateBpm>
            <Extensions>
              <ns3:TPX>
                <ns3:Speed>2.565999984741211</ns3:Speed>
                <ns3:RunCadence>83</ns3:RunCadence>
              </ns3:TPX>
            </Extensions>
          </Trackpoint>
          <Trackpoint>
            <Time>2026-01-10T09:31:46.000Z</Time>
            <Position>
              <LatitudeDegrees>38.90859318897128</LatitudeDegrees>
              <LongitudeDegrees>-6.333256233483553</LongitudeDegrees>
            </Position>
            <AltitudeMeters>227.60000610351562</AltitudeMeters>
            <DistanceMeters>1502.6700439453125</DistanceMeters>
            <HeartRateBpm>
              <Value>127</Value>
            </HeartRateBpm>
            <Extensions>
              <ns3:TPX>
                <ns3:Speed>2.556999921798706</ns3:Speed>
                <ns3:RunCadence>82</ns3:RunCadence>
              </ns3:TPX>
            </Extensions>
          </Trackpoint>
          <Trackpoint>
            <Time>2026-01-10T09:31:54.000Z</Time>
            <Position>
              <LatitudeDegrees>38.908721348270774</LatitudeDegrees>
              <LongitudeDegrees>-6.333102425560355</LongitudeDegrees>
            </Position>
            <AltitudeMeters>228.60000610351562</AltitudeMeters>
            <DistanceMeters>1522.18994140625</DistanceMeters>
            <HeartRateBpm>
              <Value>126</Value>
            </HeartRateBpm>
            <Extensions>
              <ns3:TPX>
                <ns3:Speed>2.546999931335449</ns3:Speed>
                <ns3:RunCadence>83</ns3:RunCadence>
              </ns3:TPX>
            </Extensions>
          </Trackpoint>
          <Trackpoint>
            <Time>2026-01-10T09:32:03.000Z</Time>
            <Position>
              <LatitudeDegrees>38.90887943096459</LatitudeDegrees>
              <LongitudeDegrees>-6.332964040338993</LongitudeDegrees>
            </Position>
            <AltitudeMeters>228.39999389648438</AltitudeMeters>
            <DistanceMeters>1543.4599609375</DistanceMeters>
            <HeartRateBpm>
              <Value>126</Value>
            </HeartRateBpm>
            <Extensions>
              <ns3:TPX>
                <ns3:Speed>2.5190000534057617</ns3:Speed>
                <ns3:RunCadence>83</ns3:RunCadence>
              </ns3:TPX>
            </Extensions>
          </Trackpoint>
          <Trackpoint>
            <Time>2026-01-10T09:32:05.000Z</Time>
            <Position>
              <LatitudeDegrees>38.908914886415005</LatitudeDegrees>
              <LongitudeDegrees>-6.332924226298928</LongitudeDegrees>
            </Position>
            <AltitudeMeters>228.39999389648438</AltitudeMeters>
            <DistanceMeters>1548.6800537109375</DistanceMeters>
            <HeartRateBpm>
              <Value>125</Value>
            </HeartRateBpm>
            <Extensions>
              <ns3:TPX>
                <ns3:Speed>2.509999990463257</ns3:Speed>
                <ns3:RunCadence>83</ns3:RunCadence>
              </ns3:TPX>
            </Extensions>
          </Trackpoint>
          <Trackpoint>
            <Time>2026-01-10T09:32:14.000Z</Time>
            <Position>
              <LatitudeDegrees>38.909064922481775</LatitudeDegrees>
              <LongitudeDegrees>-6.332773184403777</LongitudeDegrees>
            </Position>
            <AltitudeMeters>227.8000030517578</AltitudeMeters>
            <DistanceMeters>1569.8800048828125</DistanceMeters>
            <HeartRateBpm>
              <Value>125</Value>
            </HeartRateBpm>
            <Extensions>
              <ns3:TPX>
                <ns3:Speed>2.509999990463257</ns3:Speed>
                <ns3:RunCadence>81</ns3:RunCadence>
              </ns3:TPX>
            </Extensions>
          </Trackpoint>
          <Trackpoint>
            <Time>2026-01-10T09:32:19.000Z</Time>
            <Position>
              <LatitudeDegrees>38.90915150754154</LatitudeDegrees>
              <LongitudeDegrees>-6.332682827487588</LongitudeDegrees>
            </Position>
            <AltitudeMeters>227.39999389648438</AltitudeMeters>
            <DistanceMeters>1582.2900390625</DistanceMeters>
            <HeartRateBpm>
              <Value>125</Value>
            </HeartRateBpm>
            <Extensions>
              <ns3:TPX>
                <ns3:Speed>2.500999927520752</ns3:Speed>
                <ns3:RunCadence>83</ns3:RunCadence>
              </ns3:TPX>
            </Extensions>
          </Trackpoint>
          <Trackpoint>
            <Time>2026-01-10T09:32:27.000Z</Time>
            <Position>
              <LatitudeDegrees>38.90929592773318</LatitudeDegrees>
              <LongitudeDegrees>-6.332546034827828</LongitudeDegrees>
            </Position>
            <AltitudeMeters>227.0</AltitudeMeters>
            <DistanceMeters>1602.27001953125</DistanceMeters>
            <HeartRateBpm>
              <Value>125</Value>
            </HeartRateBpm>
            <Extensions>
              <ns3:TPX>
                <ns3:Speed>2.4730000495910645</ns3:Speed>
                <ns3:RunCadence>82</ns3:RunCadence>
              </ns3:TPX>
            </Extensions>
          </Trackpoint>
          <Trackpoint>
            <Time>2026-01-10T09:32:36.000Z</Time>
            <Position>
              <LatitudeDegrees>38.90947940759361</LatitudeDegrees>
              <LongitudeDegrees>-6.332464814186096</LongitudeDegrees>
            </Position>
            <AltitudeMeters>226.1999969482422</AltitudeMeters>
            <DistanceMeters>1624.0400390625</DistanceMeters>
            <HeartRateBpm>
              <Value>123</Value>
            </HeartRateBpm>
            <Extensions>
              <ns3:TPX>
                <ns3:Speed>2.4539999961853027</ns3:Speed>
                <ns3:RunCadence>83</ns3:RunCadence>
              </ns3:TPX>
            </Extensions>
          </Trackpoint>
          <Trackpoint>
            <Time>2026-01-10T09:32:45.000Z</Time>
            <Position>
              <LatitudeDegrees>38.909670766443014</LatitudeDegrees>
              <LongitudeDegrees>-6.332501107826829</LongitudeDegrees>
            </Position>
            <AltitudeMeters>225.39999389648438</AltitudeMeters>
            <DistanceMeters>1645.7900390625</DistanceMeters>
            <HeartRateBpm>
              <Value>122</Value>
            </HeartRateBpm>
            <Extensions>
              <ns3:TPX>
                <ns3:Speed>2.434999942779541</ns3:Speed>
                <ns3:RunCadence>84</ns3:RunCadence>
              </ns3:TPX>
            </Extensions>
          </Trackpoint>
          <Trackpoint>
            <Time>2026-01-10T09:32:53.000Z</Time>
            <Position>
              <LatitudeDegrees>38.909823233261704</LatitudeDegrees>
              <LongitudeDegrees>-6.332646198570728</LongitudeDegrees>
            </Position>
            <AltitudeMeters>224.39999389648438</AltitudeMeters>
            <DistanceMeters>1667.0400390625</DistanceMeters>
            <HeartRateBpm>
              <Value>123</Value>
            </HeartRateBpm>
            <Extensions>
              <ns3:TPX>
                <ns3:Speed>2.4260001182556152</ns3:Speed>
                <ns3:RunCadence>83</ns3:RunCadence>
              </ns3:TPX>
            </Extensions>
          </Trackpoint>
          <Trackpoint>
            <Time>2026-01-10T09:32:55.000Z</Time>
            <Position>
              <LatitudeDegrees>38.9098528213799</LatitudeDegrees>
              <LongitudeDegrees>-6.332689113914967</LongitudeDegrees>
            </Position>
            <AltitudeMeters>224.0</AltitudeMeters>
            <DistanceMeters>1672.010009765625</DistanceMeters>
            <HeartRateBpm>
              <Value>124</Value>
            </HeartRateBpm>
            <Extensions>
              <ns3:TPX>
                <ns3:Speed>2.434999942779541</ns3:Speed>
                <ns3:RunCadence>83</ns3:RunCadence>
              </ns3:TPX>
            </Extensions>
          </Trackpoint>
          <Trackpoint>
            <Time>2026-01-10T09:33:04.000Z</Time>
            <Position>
              <LatitudeDegrees>38.90992742031813</LatitudeDegrees>
              <LongitudeDegrees>-6.332928165793419</LongitudeDegrees>
            </Position>
            <AltitudeMeters>224.0</AltitudeMeters>
            <DistanceMeters>1694.6199951171875</DistanceMeters>
            <HeartRateBpm>
              <Value>123</Value>
            </HeartRateBpm>
            <Extensions>
              <ns3:TPX>
                <ns3:Speed>2.434999942779541</ns3:Speed>
                <ns3:RunCadence>82</ns3:RunCadence>
              </ns3:TPX>
            </Extensions>
          </Trackpoint>
          <Trackpoint>
            <Time>2026-01-10T09:33:13.000Z</Time>
            <Position>
              <LatitudeDegrees>38.90991727821529</LatitudeDegrees>
              <LongitudeDegrees>-6.333185909315944</LongitudeDegrees>
            </Position>
            <AltitudeMeters>225.0</AltitudeMeters>
            <DistanceMeters>1717.2099609375</DistanceMeters>
            <HeartRateBpm>
              <Value>125</Value>
            </HeartRateBpm>
            <Extensions>
              <ns3:TPX>
                <ns3:Speed>2.444999933242798</ns3:Speed>
                <ns3:RunCadence>82</ns3:RunCadence>
              </ns3:TPX>
            </Extensions>
          </Trackpoint>
          <Trackpoint>
            <Time>2026-01-10T09:33:22.000Z</Time>
            <Position>
              <LatitudeDegrees>38.90981183387339</LatitudeDegrees>
              <LongitudeDegrees>-6.3333983067423105</LongitudeDegrees>
            </Position>
            <AltitudeMeters>225.0</AltitudeMeters>
            <DistanceMeters>1739.199951171875</DistanceMeters>
            <HeartRateBpm>
              <Value>124</Value>
            </HeartRateBpm>
            <Extensions>
              <ns3:TPX>
                <ns3:Speed>2.4539999961853027</ns3:Speed>
                <ns3:RunCadence>83</ns3:RunCadence>
              </ns3:TPX>
            </Extensions>
          </Trackpoint>
          <Trackpoint>
            <Time>2026-01-10T09:33:31.000Z</Time>
            <Position>
              <LatitudeDegrees>38.90964662656188</LatitudeDegrees>
              <LongitudeDegrees>-6.333548007532954</LongitudeDegrees>
            </Position>
            <AltitudeMeters>225.0</AltitudeMeters>
            <DistanceMeters>1761.6700439453125</DistanceMeters>
            <HeartRateBpm>
              <Value>124</Value>
            </HeartRateBpm>
            <Extensions>
              <ns3:TPX>
                <ns3:Speed>2.4539999961853027</ns3:Speed>
                <ns3:RunCadence>81</ns3:RunCadence>
              </ns3:TPX>
            </Extensions>
          </Trackpoint>
          <Trackpoint>
            <Time>2026-01-10T09:33:39.000Z</Time>
            <Position>
              <LatitudeDegrees>38.90949759632349</LatitudeDegrees>
              <LongitudeDegrees>-6.3336925115436316</LongitudeDegrees>
            </Position>
            <AltitudeMeters>224.39999389648438</AltitudeMeters>
            <DistanceMeters>1782.4200439453125</DistanceMeters>
            <HeartRateBpm>
              <Value>123</Value>
            </HeartRateBpm>
            <Extensions>
              <ns3:TPX>
                <ns3:Speed>2.4630000591278076</ns3:Speed>
                <ns3:RunCadence>83</ns3:RunCadence>
              </ns3:TPX>
            </Extensions>
          </Trackpoint>
          <Trackpoint>
            <Time>2026-01-10T09:33:47.000Z</Time>
            <Position>
              <LatitudeDegrees>38.90935393050313</LatitudeDegrees>
              <LongitudeDegrees>-6.333839865401387</LongitudeDegrees>
            </Position>
            <AltitudeMeters>223.1999969482422</AltitudeMeters>
            <DistanceMeters>1802.8699951171875</DistanceMeters>
            <HeartRateBpm>
              <Value>123</Value>
            </HeartRateBpm>
            <Extensions>
              <ns3:TPX>
                <ns3:Speed>2.4820001125335693</ns3:Speed>
                <ns3:RunCadence>82</ns3:RunCadence>
              </ns3:TPX>
            </Extensions>
          </Trackpoint>
          <Trackpoint>
            <Time>2026-01-10T09:33:51.000Z</Time>
            <Position>
              <LatitudeDegrees>38.90928343869746</LatitudeDegrees>
              <LongitudeDegrees>-6.333909435197711</LongitudeDegrees>
            </Position>
            <AltitudeMeters>223.0</AltitudeMeters>
            <DistanceMeters>1812.75</DistanceMeters>
            <HeartRateBpm>
              <Value>126</Value>
            </HeartRateBpm>
            <Extensions>
              <ns3:TPX>
                <ns3:Speed>2.500999927520752</ns3:Speed>
                <ns3:RunCadence>83</ns3:RunCadence>
              </ns3:TPX>
            </Extensions>
          </Trackpoint>
          <Trackpoint>
            <Time>2026-01-10T09:33:57.000Z</Time>
            <Position>
              <LatitudeDegrees>38.90917908400297</LatitudeDegrees>
              <LongitudeDegrees>-6.3340215012431145</LongitudeDegrees>
            </Position>
            <AltitudeMeters>223.0</AltitudeMeters>
            <DistanceMeters>1827.8599853515625</DistanceMeters>
            <HeartRateBpm>
              <Value>127</Value>
            </HeartRateBpm>
            <Extensions>
              <ns3:TPX>
                <ns3:Speed>2.509999990463257</ns3:Speed>
                <ns3:RunCadence>82</ns3:RunCadence>
              </ns3:TPX>
            </Extensions>
          </Trackpoint>
          <Trackpoint>
            <Time>2026-01-10T09:34:05.000Z</Time>
            <Position>
              <LatitudeDegrees>38.909008679911494</LatitudeDegrees>
              <LongitudeDegrees>-6.334115210920572</LongitudeDegrees>
            </Position>
            <AltitudeMeters>223.0</AltitudeMeters>
            <DistanceMeters>1848.56005859375</DistanceMeters>
            <HeartRateBpm>
              <Value>125</Value>
            </HeartRateBpm>
            <Extensions>
              <ns3:TPX>
                <ns3:Speed>2.5190000534057617</ns3:Speed>
                <ns3:RunCadence>83</ns3:RunCadence>
              </ns3:TPX>
            </Extensions>
          </Trackpoint>
          <Trackpoint>
            <Time>2026-01-10T09:34:06.000Z</Time>
            <Position>
              <LatitudeDegrees>38.90898554585874</LatitudeDegrees>
              <LongitudeDegrees>-6.334122167900205</LongitudeDegrees>
            </Position>
            <AltitudeMeters>223.1999969482422</AltitudeMeters>
            <DistanceMeters>1851.199951171875</DistanceMeters>
            <HeartRateBpm>
              <Value>125</Value>
            </HeartRateBpm>
            <Extensions>
              <ns3:TPX>
                <ns3:Speed>2.5190000534057617</ns3:Speed>
                <ns3:RunCadence>83</ns3:RunCadence>
              </ns3:TPX>
            </Extensions>
          </Trackpoint>
          <Trackpoint>
            <Time>2026-01-10T09:34:13.000Z</Time>
            <Position>
              <LatitudeDegrees>38.908820170909166</LatitudeDegrees>
              <LongitudeDegrees>-6.33410532027483</LongitudeDegrees>
            </Position>
            <AltitudeMeters>224.39999389648438</AltitudeMeters>
            <DistanceMeters>1869.760009765625</DistanceMeters>
            <HeartRateBpm>
              <Value>125</Value>
            </HeartRateBpm>
            <Extensions>
              <ns3:TPX>
                <ns3:Speed>2.5380001068115234</ns3:Speed>
                <ns3:RunCadence>83</ns3:RunCadence>
              </ns3:TPX>
            </Extensions>
          </Trackpoint>
          <Trackpoint>
            <Time>2026-01-10T09:34:20.000Z</Time>
            <Position>
              <LatitudeDegrees>38.90867038629949</LatitudeDegrees>
              <LongitudeDegrees>-6.33400515653193</LongitudeDegrees>
            </Position>
            <AltitudeMeters>225.60000610351562</AltitudeMeters>
            <DistanceMeters>1888.719970703125</DistanceMeters>
            <HeartRateBpm>
              <Value>127</Value>
            </HeartRateBpm>
            <Extensions>
              <ns3:TPX>
                <ns3:Speed>2.556999921798706</ns3:Speed>
                <ns3:RunCadence>83</ns3:RunCadence>
              </ns3:TPX>
            </Extensions>
          </Trackpoint>
          <Trackpoint>
            <Time>2026-01-10T09:34:28.000Z</Time>
            <Position>
              <LatitudeDegrees>38.90855547040701</LatitudeDegrees>
              <LongitudeDegrees>-6.333810361102223</LongitudeDegrees>
            </Position>
            <AltitudeMeters>226.8000030517578</AltitudeMeters>
            <DistanceMeters>1910.0400390625</DistanceMeters>
            <HeartRateBpm>
              <Value>127</Value>
            </HeartRateBpm>
            <Extensions>
              <ns3:TPX>
                <ns3:Speed>2.575000047683716</ns3:Speed>
                <ns3:RunCadence>82</ns3:RunCadence>
              </ns3:TPX>
            </Extensions>
          </Trackpoint>
          <Trackpoint>
            <Time>2026-01-10T09:34:35.000Z</Time>
            <Position>
              <LatitudeDegrees>38.9085179194808</LatitudeDegrees>
              <LongitudeDegrees>-6.333603076636791</LongitudeDegrees>
            </Position>
            <AltitudeMeters>227.0</AltitudeMeters>
            <DistanceMeters>1928.6199951171875</DistanceMeters>
            <HeartRateBpm>
              <Value>129</Value>
            </HeartRateBpm>
            <Extensions>
              <ns3:TPX>
                <ns3:Speed>2.5850000381469727</ns3:Speed>
                <ns3:RunCadence>84</ns3:RunCadence>
              </ns3:TPX>
            </Extensions>
          </Trackpoint>
          <Trackpoint>
            <Time>2026-01-10T09:34:42.000Z</Time>
            <Position>
              <LatitudeDegrees>38.90853786841035</LatitudeDegrees>
              <LongitudeDegrees>-6.333384979516268</LongitudeDegrees>
            </Position>
            <AltitudeMeters>227.39999389648438</AltitudeMeters>
            <DistanceMeters>1947.780029296875</DistanceMeters>
            <HeartRateBpm>
              <Value>129</Value>
            </HeartRateBpm>
            <Extensions>
              <ns3:TPX>
                <ns3:Speed>2.6029999256134033</ns3:Speed>
                <ns3:RunCadence>84</ns3:RunCadence>
              </ns3:TPX>
            </Extensions>
          </Trackpoint>
          <Trackpoint>
            <Time>2026-01-10T09:34:48.000Z</Time>
            <Position>
              <LatitudeDegrees>38.908598301932216</LatitudeDegrees>
              <LongitudeDegrees>-6.333219772204757</LongitudeDegrees>
            </Position>
            <AltitudeMeters>227.8000030517578</AltitudeMeters>
            <DistanceMeters>1963.6300048828125</DistanceMeters>
            <HeartRateBpm>
              <Value>129</Value>
            </HeartRateBpm>
            <Extensions>
              <ns3:TPX>
                <ns3:Speed>2.61299991607666</ns3:Speed>
                <ns3:RunCadence>83</ns3:RunCadence>
              </ns3:TPX>
            </Extensions>
          </Trackpoint>
          <Trackpoint>
            <Time>2026-01-10T09:34:54.000Z</Time>
            <Position>
              <LatitudeDegrees>38.90871095471084</LatitudeDegrees>
              <LongitudeDegrees>-6.333095468580723</LongitudeDegrees>
            </Position>
            <AltitudeMeters>228.60000610351562</AltitudeMeters>
            <DistanceMeters>1980.199951171875</DistanceMeters>
            <HeartRateBpm>
              <Value>127</Value>
            </HeartRateBpm>
            <Extensions>
              <ns3:TPX>
                <ns3:Speed>2.621999979019165</ns3:Speed>
                <ns3:RunCadence>83</ns3:RunCadence>
              </ns3:TPX>
            </Extensions>
          </Trackpoint>
          <Trackpoint>
            <Time>2026-01-10T09:35:02.000Z</Time>
            <Position>
              <LatitudeDegrees>38.908871384337544</LatitudeDegrees>
              <LongitudeDegrees>-6.332945013418794</LongitudeDegrees>
            </Position>
            <AltitudeMeters>228.39999389648438</AltitudeMeters>
            <DistanceMeters>2002.2900390625</DistanceMeters>
            <HeartRateBpm>
              <Value>128</Value>
            </HeartRateBpm>
            <Extensions>
              <ns3:TPX>
                <ns3:Speed>2.63100004196167</ns3:Speed>
                <ns3:RunCadence>82</ns3:RunCadence>
              </ns3:TPX>
            </Extensions>
          </Trackpoint>
          <Trackpoint>
            <Time>2026-01-10T09:47:00.000Z</Time>
            <Position>
              <LatitudeDegrees>38.90895411372185</LatitudeDegrees>
              <LongitudeDegrees>-6.3328914530575275</LongitudeDegrees>
            </Position>
            <AltitudeMeters>228.1999969482422</AltitudeMeters>
            <DistanceMeters>2002.2900390625</DistanceMeters>
            <HeartRateBpm>
              <Value>88</Value>
            </HeartRateBpm>
            <Extensions>
              <ns3:TPX>
                <ns3:Speed>0.0</ns3:Speed>
                <ns3:RunCadence>0</ns3:RunCadence>
              </ns3:TPX>
            </Extensions>
          </Trackpoint>
          <Trackpoint>
            <Time>2026-01-10T09:47:01.000Z</Time>
            <Position>
              <LatitudeDegrees>38.908953946083784</LatitudeDegrees>
              <LongitudeDegrees>-6.3328914530575275</LongitudeDegrees>
            </Position>
            <AltitudeMeters>228.1999969482422</AltitudeMeters>
            <DistanceMeters>2002.2900390625</DistanceMeters>
            <HeartRateBpm>
              <Value>88</Value>
            </HeartRateBpm>
            <Extensions>
              <ns3:TPX>
                <ns3:Speed>0.0</ns3:Speed>
                <ns3:RunCadence>0</ns3:RunCadence>
              </ns3:TPX>
            </Extensions>
          </Trackpoint>
        </Track>
        <Extensions>
          <ns3:LX>
            <ns3:AvgSpeed>2.5299999713897705</ns3:AvgSpeed>
            <ns3:AvgRunCadence>82</ns3:AvgRunCadence>
            <ns3:MaxRunCadence>84</ns3:MaxRunCadence>
          </ns3:LX>
        </Extensions>
      </Lap>
      <Lap StartTime="2026-01-10T09:47:01.000Z">
        <TotalTimeSeconds>286.388</TotalTimeSeconds>
        <DistanceMeters>1000.0</DistanceMeters>
        <MaximumSpeed>4.031000137329102</MaximumSpeed>
        <Calories>69</Calories>
        <AverageHeartRateBpm>
          <Value>146</Value>
        </AverageHeartRateBpm>
        <MaximumHeartRateBpm>
          <Value>154</Value>
        </MaximumHeartRateBpm>
        <Intensity>Active</Intensity>
        <TriggerMethod>Manual</TriggerMethod>
        <Track>
          <Trackpoint>
            <Time>2026-01-10T09:47:01.000Z</Time>
            <Position>
              <LatitudeDegrees>38.908953946083784</LatitudeDegrees>
              <LongitudeDegrees>-6.3328914530575275</LongitudeDegrees>
            </Position>
            <AltitudeMeters>228.1999969482422</AltitudeMeters>
            <DistanceMeters>2002.2900390625</DistanceMeters>
            <HeartRateBpm>
              <Value>88</Value>
            </HeartRateBpm>
            <Extensions>
              <ns3:TPX>
                <ns3:Speed>0.0</ns3:Speed>
                <ns3:RunCadence>0</ns3:RunCadence>
              </ns3:TPX>
            </Extensions>
          </Trackpoint>
          <Trackpoint>
            <Time>2026-01-10T09:47:06.000Z</Time>
            <Position>
              <LatitudeDegrees>38.90901672653854</LatitudeDegrees>
              <LongitudeDegrees>-6.332828337326646</LongitudeDegrees>
            </Position>
            <AltitudeMeters>228.0</AltitudeMeters>
            <DistanceMeters>2011.18994140625</DistanceMeters>
            <HeartRateBpm>
              <Value>89</Value>
            </HeartRateBpm>
            <Extensions>
              <ns3:TPX>
                <ns3:Speed>0.0</ns3:Speed>
                <ns3:RunCadence>92</ns3:RunCadence>
              </ns3:TPX>
            </Extensions>
          </Trackpoint>
          <Trackpoint>
            <Time>2026-01-10T09:47:11.000Z</Time>
            <Position>
              <LatitudeDegrees>38.90917816199362</LatitudeDegrees>
              <LongitudeDegrees>-6.332662375643849</LongitudeDegrees>
            </Position>
            <AltitudeMeters>227.39999389648438</AltitudeMeters>
            <DistanceMeters>2034.18994140625</DistanceMeters>
            <HeartRateBpm>
              <Value>90</Value>
            </HeartRateBpm>
            <Extensions>
              <ns3:TPX>
                <ns3:Speed>3.9560000896453857</ns3:Speed>
                <ns3:RunCadence>90</ns3:RunCadence>
              </ns3:TPX>
            </Extensions>
          </Trackpoint>
          <Trackpoint>
            <Time>2026-01-10T09:47:12.000Z</Time>
            <Position>
              <LatitudeDegrees>38.909210516139865</LatitudeDegrees>
              <LongitudeDegrees>-6.332630189135671</LongitudeDegrees>
            </Position>
            <AltitudeMeters>227.1999969482422</AltitudeMeters>
            <DistanceMeters>2038.739990234375</DistanceMeters>
            <HeartRateBpm>
              <Value>97</Value>
            </HeartRateBpm>
            <Extensions>
              <ns3:TPX>
                <ns3:Speed>3.927999973297119</ns3:Speed>
                <ns3:RunCadence>89</ns3:RunCadence>
              </ns3:TPX>
            </Extensions>
          </Trackpoint>
          <Trackpoint>
            <Time>2026-01-10T09:47:13.000Z</Time>
            <Position>
              <LatitudeDegrees>38.909241361543536</LatitudeDegrees>
              <LongitudeDegrees>-6.332596745342016</LongitudeDegrees>
            </Position>
            <AltitudeMeters>227.1999969482422</AltitudeMeters>
            <DistanceMeters>2043.219970703125</DistanceMeters>
            <HeartRateBpm>
              <Value>97</Value>
            </HeartRateBpm>
            <Extensions>
              <ns3:TPX>
                <ns3:Speed>3.742000102996826</ns3:Speed>
                <ns3:RunCadence>88</ns3:RunCadence>
              </ns3:TPX>
            </Extensions>
          </Trackpoint>
          <Trackpoint>
            <Time>2026-01-10T09:47:14.000Z</Time>
            <Position>
              <LatitudeDegrees>38.909272123128176</LatitudeDegrees>
              <LongitudeDegrees>-6.332569168880582</LongitudeDegrees>
            </Position>
            <AltitudeMeters>227.0</AltitudeMeters>
            <DistanceMeters>2047.3900146484375</DistanceMeters>
            <HeartRateBpm>
              <Value>101</Value>
            </HeartRateBpm>
            <Extensions>
              <ns3:TPX>
                <ns3:Speed>3.7039999961853027</ns3:Speed>
                <ns3:RunCadence>88</ns3:RunCadence>
              </ns3:TPX>
            </Extensions>
          </Trackpoint>
          <Trackpoint>
            <Time>2026-01-10T09:47:15.000Z</Time>
            <Position>
              <LatitudeDegrees>38.90930305235088</LatitudeDegrees>
              <LongitudeDegrees>-6.33254611864686</LongitudeDegrees>
            </Position>
            <AltitudeMeters>227.0</AltitudeMeters>
            <DistanceMeters>2051.360107421875</DistanceMeters>
            <HeartRateBpm>
              <Value>106</Value>
            </HeartRateBpm>
            <Extensions>
              <ns3:TPX>
                <ns3:Speed>3.686000108718872</ns3:Speed>
                <ns3:RunCadence>89</ns3:RunCadence>
              </ns3:TPX>
            </Extensions>
          </Trackpoint>
          <Trackpoint>
            <Time>2026-01-10T09:47:16.000Z</Time>
            <Position>
              <LatitudeDegrees>38.909332221373916</LatitudeDegrees>
              <LongitudeDegrees>-6.332525918260217</LongitudeDegrees>
            </Position>
            <AltitudeMeters>226.8000030517578</AltitudeMeters>
            <DistanceMeters>2055.0400390625</DistanceMeters>
            <HeartRateBpm>
              <Value>106</Value>
            </HeartRateBpm>
            <Extensions>
              <ns3:TPX>
                <ns3:Speed>3.563999891281128</ns3:Speed>
                <ns3:RunCadence>89</ns3:RunCadence>
              </ns3:TPX>
            </Extensions>
          </Trackpoint>
          <Trackpoint>
            <Time>2026-01-10T09:47:17.000Z</Time>
            <Position>
              <LatitudeDegrees>38.90936516225338</LatitudeDegrees>
              <LongitudeDegrees>-6.332509154453874</LongitudeDegrees>
            </Position>
            <AltitudeMeters>226.60000610351562</AltitudeMeters>
            <DistanceMeters>2058.969970703125</DistanceMeters>
            <HeartRateBpm>
              <Value>113</Value>
            </HeartRateBpm>
            <Extensions>
              <ns3:TPX>
                <ns3:Speed>3.5179998874664307</ns3:Speed>
                <ns3:RunCadence>89</ns3:RunCadence>
              </ns3:TPX>
            </Extensions>
          </Trackpoint>
          <Trackpoint>
            <Time>2026-01-10T09:47:18.000Z</Time>
            <Position>
              <LatitudeDegrees>38.90940019860864</LatitudeDegrees>
              <LongitudeDegrees>-6.332495827227831</LongitudeDegrees>
            </Position>
            <AltitudeMeters>226.60000610351562</AltitudeMeters>
            <DistanceMeters>2063.030029296875</DistanceMeters>
            <HeartRateBpm>
              <Value>115</Value>
            </HeartRateBpm>
            <Extensions>
              <ns3:TPX>
                <ns3:Speed>3.5179998874664307</ns3:Speed>
                <ns3:RunCadence>89</ns3:RunCadence>
              </ns3:TPX>
            </Extensions>
          </Trackpoint>
          <Trackpoint>
            <Time>2026-01-10T09:47:21.000Z</Time>
            <Position>
              <LatitudeDegrees>38.90951042063534</LatitudeDegrees>
              <LongitudeDegrees>-6.3324779737740755</LongitudeDegrees>
            </Position>
            <AltitudeMeters>226.1999969482422</AltitudeMeters>
            <DistanceMeters>2075.419921875</DistanceMeters>
            <HeartRateBpm>
              <Value>121</Value>
            </HeartRateBpm>
            <Extensions>
              <ns3:TPX>
                <ns3:Speed>3.6110000610351562</ns3:Speed>
                <ns3:RunCadence>89</ns3:RunCadence>
              </ns3:TPX>
            </Extensions>
          </Trackpoint>
          <Trackpoint>
            <Time>2026-01-10T09:47:23.000Z</Time>
            <Position>
              <LatitudeDegrees>38.909583343192935</LatitudeDegrees>
              <LongitudeDegrees>-6.332488367334008</LongitudeDegrees>
            </Position>
            <AltitudeMeters>225.8000030517578</AltitudeMeters>
            <DistanceMeters>2083.56005859375</DistanceMeters>
            <HeartRateBpm>
              <Value>124</Value>
            </HeartRateBpm>
            <Extensions>
              <ns3:TPX>
                <ns3:Speed>3.619999885559082</ns3:Speed>
                <ns3:RunCadence>89</ns3:RunCadence>
              </ns3:TPX>
            </Extensions>
          </Trackpoint>
          <Trackpoint>
            <Time>2026-01-10T09:47:24.000Z</Time>
            <Position>
              <LatitudeDegrees>38.90961921773851</LatitudeDegrees>
              <LongitudeDegrees>-6.332499096170068</LongitudeDegrees>
            </Position>
            <AltitudeMeters>225.60000610351562</AltitudeMeters>
            <DistanceMeters>2087.64990234375</DistanceMeters>
            <HeartRateBpm>
              <Value>125</Value>
            </HeartRateBpm>
            <Extensions>
              <ns3:TPX>
                <ns3:Speed>3.6480000019073486</ns3:Speed>
                <ns3:RunCadence>88</ns3:RunCadence>
              </ns3:TPX>
            </Extensions>
          </Trackpoint>
          <Trackpoint>
            <Time>2026-01-10T09:47:28.000Z</Time>
            <Position>
              <LatitudeDegrees>38.90975651331246</LatitudeDegrees>
              <LongitudeDegrees>-6.332573778927326</LongitudeDegrees>
            </Position>
            <AltitudeMeters>224.8000030517578</AltitudeMeters>
            <DistanceMeters>2104.239990234375</DistanceMeters>
            <HeartRateBpm>
              <Value>128</Value>
            </HeartRateBpm>
            <Extensions>
              <ns3:TPX>
                <ns3:Speed>3.7699999809265137</ns3:Speed>
                <ns3:RunCadence>88</ns3:RunCadence>
              </ns3:TPX>
            </Extensions>
          </Trackpoint>
          <Trackpoint>
            <Time>2026-01-10T09:47:30.000Z</Time>
            <Position>
              <LatitudeDegrees>38.90981325879693</LatitudeDegrees>
              <LongitudeDegrees>-6.332629853859544</LongitudeDegrees>
            </Position>
            <AltitudeMeters>224.39999389648438</AltitudeMeters>
            <DistanceMeters>2112.18994140625</DistanceMeters>
            <HeartRateBpm>
              <Value>129</Value>
            </HeartRateBpm>
            <Extensions>
              <ns3:TPX>
                <ns3:Speed>3.815999984741211</ns3:Speed>
                <ns3:RunCadence>88</ns3:RunCadence>
              </ns3:TPX>
            </Extensions>
          </Trackpoint>
          <Trackpoint>
            <Time>2026-01-10T09:47:32.000Z</Time>
            <Position>
              <LatitudeDegrees>38.90986019745469</LatitudeDegrees>
              <LongitudeDegrees>-6.332699507474899</LongitudeDegrees>
            </Position>
            <AltitudeMeters>224.0</AltitudeMeters>
            <DistanceMeters>2120.18994140625</DistanceMeters>
            <HeartRateBpm>
              <Value>132</Value>
            </HeartRateBpm>
            <Extensions>
              <ns3:TPX>
                <ns3:Speed>3.8440001010894775</ns3:Speed>
                <ns3:RunCadence>88</ns3:RunCadence>
              </ns3:TPX>
            </Extensions>
          </Trackpoint>
          <Trackpoint>
            <Time>2026-01-10T09:47:36.000Z</Time>
            <Position>
              <LatitudeDegrees>38.909922474995255</LatitudeDegrees>
              <LongitudeDegrees>-6.332860942929983</LongitudeDegrees>
            </Position>
            <AltitudeMeters>224.0</AltitudeMeters>
            <DistanceMeters>2135.830078125</DistanceMeters>
            <HeartRateBpm>
              <Value>136</Value>
            </HeartRateBpm>
            <Extensions>
              <ns3:TPX>
                <ns3:Speed>3.927999973297119</ns3:Speed>
                <ns3:RunCadence>87</ns3:RunCadence>
              </ns3:TPX>
            </Extensions>
          </Trackpoint>
          <Trackpoint>
            <Time>2026-01-10T09:47:40.000Z</Time>
            <Position>
              <LatitudeDegrees>38.909948877990246</LatitudeDegrees>
              <LongitudeDegrees>-6.333039393648505</LongitudeDegrees>
            </Position>
            <AltitudeMeters>224.60000610351562</AltitudeMeters>
            <DistanceMeters>2151.639892578125</DistanceMeters>
            <HeartRateBpm>
              <Value>139</Value>
            </HeartRateBpm>
            <Extensions>
              <ns3:TPX>
                <ns3:Speed>3.99399995803833</ns3:Speed>
                <ns3:RunCadence>88</ns3:RunCadence>
              </ns3:TPX>
            </Extensions>
          </Trackpoint>
          <Trackpoint>
            <Time>2026-01-10T09:47:42.000Z</Time>
            <Position>
              <LatitudeDegrees>38.90994661487639</LatitudeDegrees>
              <LongitudeDegrees>-6.333129499107599</LongitudeDegrees>
            </Position>
            <AltitudeMeters>224.8000030517578</AltitudeMeters>
            <DistanceMeters>2159.4599609375</DistanceMeters>
            <HeartRateBpm>
              <Value>142</Value>
            </HeartRateBpm>
            <Extensions>
              <ns3:TPX>
                <ns3:Speed>4.01200008392334</ns3:Speed>
                <ns3:RunCadence>88</ns3:RunCadence>
              </ns3:TPX>
            </Extensions>
          </Trackpoint>
          <Trackpoint>
            <Time>2026-01-10T09:47:47.000Z</Time>
            <Position>
              <LatitudeDegrees>38.90988701954484</LatitudeDegrees>
              <LongitudeDegrees>-6.333337873220444</LongitudeDegrees>
            </Position>
            <AltitudeMeters>225.1999969482422</AltitudeMeters>
            <DistanceMeters>2178.919921875</DistanceMeters>
            <HeartRateBpm>
              <Value>144</Value>
            </HeartRateBpm>
            <Extensions>
              <ns3:TPX>
                <ns3:Speed>4.002999782562256</ns3:Speed>
                <ns3:RunCadence>88</ns3:RunCadence>
              </ns3:TPX>
            </Extensions>
          </Trackpoint>
          <Trackpoint>
            <Time>2026-01-10T09:47:51.000Z</Time>
            <Position>
              <LatitudeDegrees>38.90979188494384</LatitudeDegrees>
              <LongitudeDegrees>-6.333462009206414</LongitudeDegrees>
            </Position>
            <AltitudeMeters>225.0</AltitudeMeters>
            <DistanceMeters>2194.070068359375</DistanceMeters>
            <HeartRateBpm>
              <Value>147</Value>
            </HeartRateBpm>
            <Extensions>
              <ns3:TPX>
                <ns3:Speed>4.01200008392334</ns3:Speed>
                <ns3:RunCadence>87</ns3:RunCadence>
              </ns3:TPX>
            </Extensions>
          </Trackpoint>
          <Trackpoint>
            <Time>2026-01-10T09:47:52.000Z</Time>
            <Position>
              <LatitudeDegrees>38.90976682305336</LatitudeDegrees>
              <LongitudeDegrees>-6.333487574011087</LongitudeDegrees>
            </Position>
            <AltitudeMeters>225.0</AltitudeMeters>
            <DistanceMeters>2197.6298828125</DistanceMeters>
            <HeartRateBpm>
              <Value>146</Value>
            </HeartRateBpm>
            <Extensions>
              <ns3:TPX>
                <ns3:Speed>4.002999782562256</ns3:Speed>
                <ns3:RunCadence>87</ns3:RunCadence>
              </ns3:TPX>
            </Extensions>
          </Trackpoint>
          <Trackpoint>
            <Time>2026-01-10T09:47:56.000Z</Time>
            <Position>
              <LatitudeDegrees>38.90965634956956</LatitudeDegrees>
              <LongitudeDegrees>-6.333586983382702</LongitudeDegrees>
            </Position>
            <AltitudeMeters>225.0</AltitudeMeters>
            <DistanceMeters>2212.6201171875</DistanceMeters>
            <HeartRateBpm>
              <Value>149</Value>
            </HeartRateBpm>
            <Extensions>
              <ns3:TPX>
                <ns3:Speed>3.8910000324249268</ns3:Speed>
                <ns3:RunCadence>88</ns3:RunCadence>
              </ns3:TPX>
            </Extensions>
          </Trackpoint>
          <Trackpoint>
            <Time>2026-01-10T09:48:02.000Z</Time>
            <Position>
              <LatitudeDegrees>38.90948586165905</LatitudeDegrees>
              <LongitudeDegrees>-6.333730733022094</LongitudeDegrees>
            </Position>
            <AltitudeMeters>224.1999969482422</AltitudeMeters>
            <DistanceMeters>2235.27001953125</DistanceMeters>
            <HeartRateBpm>
              <Value>150</Value>
            </HeartRateBpm>
            <Extensions>
              <ns3:TPX>
                <ns3:Speed>3.8910000324249268</ns3:Speed>
                <ns3:RunCadence>87</ns3:RunCadence>
              </ns3:TPX>
            </Extensions>
          </Trackpoint>
          <Trackpoint>
            <Time>2026-01-10T09:48:08.000Z</Time>
            <Position>
              <LatitudeDegrees>38.90932660549879</LatitudeDegrees>
              <LongitudeDegrees>-6.33389376103878</LongitudeDegrees>
            </Position>
            <AltitudeMeters>223.1999969482422</AltitudeMeters>
            <DistanceMeters>2257.919921875</DistanceMeters>
            <HeartRateBpm>
              <Value>151</Value>
            </HeartRateBpm>
            <Extensions>
              <ns3:TPX>
                <ns3:Speed>3.8910000324249268</ns3:Speed>
                <ns3:RunCadence>87</ns3:RunCadence>
              </ns3:TPX>
            </Extensions>
          </Trackpoint>
          <Trackpoint>
            <Time>2026-01-10T09:48:10.000Z</Time>
            <Position>
              <LatitudeDegrees>38.90927488915622</LatitudeDegrees>
              <LongitudeDegrees>-6.333949165418744</LongitudeDegrees>
            </Position>
            <AltitudeMeters>223.0</AltitudeMeters>
            <DistanceMeters>2265.39990234375</DistanceMeters>
            <HeartRateBpm>
              <Value>153</Value>
            </HeartRateBpm>
            <Extensions>
              <ns3:TPX>
                <ns3:Speed>3.881999969482422</ns3:Speed>
                <ns3:RunCadence>87</ns3:RunCadence>
              </ns3:TPX>
            </Extensions>
          </Trackpoint>
          <Trackpoint>
            <Time>2026-01-10T09:48:16.000Z</Time>
            <Position>
              <LatitudeDegrees>38.90911404043436</LatitudeDegrees>
              <LongitudeDegrees>-6.334081599488854</LongitudeDegrees>
            </Position>
            <AltitudeMeters>223.0</AltitudeMeters>
            <DistanceMeters>2286.659912109375</DistanceMeters>
            <HeartRateBpm>
              <Value>151</Value>
            </HeartRateBpm>
            <Extensions>
              <ns3:TPX>
                <ns3:Speed>3.8259999752044678</ns3:Speed>
                <ns3:RunCadence>89</ns3:RunCadence>
              </ns3:TPX>
            </Extensions>
          </Trackpoint>
          <Trackpoint>
            <Time>2026-01-10T09:48:18.000Z</Time>
            <Position>
              <LatitudeDegrees>38.90905092470348</LatitudeDegrees>
              <LongitudeDegrees>-6.334113283082843</LongitudeDegrees>
            </Position>
            <AltitudeMeters>223.0</AltitudeMeters>
            <DistanceMeters>2294.18994140625</DistanceMeters>
            <HeartRateBpm>
              <Value>150</Value>
            </HeartRateBpm>
            <Extensions>
              <ns3:TPX>
                <ns3:Speed>3.806999921798706</ns3:Speed>
                <ns3:RunCadence>87</ns3:RunCadence>
              </ns3:TPX>
            </Extensions>
          </Trackpoint>
          <Trackpoint>
            <Time>2026-01-10T09:48:24.000Z</Time>
            <Position>
              <LatitudeDegrees>38.90885889530182</LatitudeDegrees>
              <LongitudeDegrees>-6.334104984998703</LongitudeDegrees>
            </Position>
            <AltitudeMeters>224.0</AltitudeMeters>
            <DistanceMeters>2315.699951171875</DistanceMeters>
            <HeartRateBpm>
              <Value>149</Value>
            </HeartRateBpm>
            <Extensions>
              <ns3:TPX>
                <ns3:Speed>3.750999927520752</ns3:Speed>
                <ns3:RunCadence>86</ns3:RunCadence>
              </ns3:TPX>
            </Extensions>
          </Trackpoint>
          <Trackpoint>
            <Time>2026-01-10T09:48:30.000Z</Time>
            <Position>
              <LatitudeDegrees>38.90868589282036</LatitudeDegrees>
              <LongitudeDegrees>-6.33400272578001</LongitudeDegrees>
            </Position>
            <AltitudeMeters>225.60000610351562</AltitudeMeters>
            <DistanceMeters>2336.97998046875</DistanceMeters>
            <HeartRateBpm>
              <Value>151</Value>
            </HeartRateBpm>
            <Extensions>
              <ns3:TPX>
                <ns3:Speed>3.7230000495910645</ns3:Speed>
                <ns3:RunCadence>86</ns3:RunCadence>
              </ns3:TPX>
            </Extensions>
          </Trackpoint>
          <Trackpoint>
            <Time>2026-01-10T09:48:35.000Z</Time>
            <Position>
              <LatitudeDegrees>38.90858472324908</LatitudeDegrees>
              <LongitudeDegrees>-6.333844140172005</LongitudeDegrees>
            </Position>
            <AltitudeMeters>226.39999389648438</AltitudeMeters>
            <DistanceMeters>2354.919921875</DistanceMeters>
            <HeartRateBpm>
              <Value>151</Value>
            </HeartRateBpm>
            <Extensions>
              <ns3:TPX>
                <ns3:Speed>3.694999933242798</ns3:Speed>
                <ns3:RunCadence>87</ns3:RunCadence>
              </ns3:TPX>
            </Extensions>
          </Trackpoint>
          <Trackpoint>
            <Time>2026-01-10T09:48:41.000Z</Time>
            <Position>
              <LatitudeDegrees>38.90852856449783</LatitudeDegrees>
              <LongitudeDegrees>-6.33360399864614</LongitudeDegrees>
            </Position>
            <AltitudeMeters>227.0</AltitudeMeters>
            <DistanceMeters>2376.93994140625</DistanceMeters>
            <HeartRateBpm>
              <Value>153</Value>
            </HeartRateBpm>
            <Extensions>
              <ns3:TPX>
                <ns3:Speed>3.6760001182556152</ns3:Speed>
                <ns3:RunCadence>85</ns3:RunCadence>
              </ns3:TPX>
            </Extensions>
          </Trackpoint>
          <Trackpoint>
            <Time>2026-01-10T09:48:42.000Z</Time>
            <Position>
              <LatitudeDegrees>38.90852898359299</LatitudeDegrees>
              <LongitudeDegrees>-6.333559323102236</LongitudeDegrees>
            </Position>
            <AltitudeMeters>227.0</AltitudeMeters>
            <DistanceMeters>2380.81005859375</DistanceMeters>
            <HeartRateBpm>
              <Value>153</Value>
            </HeartRateBpm>
            <Extensions>
              <ns3:TPX>
                <ns3:Speed>3.6760001182556152</ns3:Speed>
                <ns3:RunCadence>86</ns3:RunCadence>
              </ns3:TPX>
            </Extensions>
          </Trackpoint>
          <Trackpoint>
            <Time>2026-01-10T09:48:48.000Z</Time>
            <Position>
              <LatitudeDegrees>38.908582208678126</LatitudeDegrees>
              <LongitudeDegrees>-6.333331670612097</LongitudeDegrees>
            </Position>
            <AltitudeMeters>227.39999389648438</AltitudeMeters>
            <DistanceMeters>2401.6201171875</DistanceMeters>
            <HeartRateBpm>
              <Value>153</Value>
            </HeartRateBpm>
            <Extensions>
              <ns3:TPX>
                <ns3:Speed>3.6760001182556152</ns3:Speed>
                <ns3:RunCadence>86</ns3:RunCadence>
              </ns3:TPX>
            </Extensions>
          </Trackpoint>
          <Trackpoint>
            <Time>2026-01-10T09:48:49.000Z</Time>
            <Position>
              <LatitudeDegrees>38.90859545208514</LatitudeDegrees>
              <LongitudeDegrees>-6.333297556266189</LongitudeDegrees>
            </Position>
            <AltitudeMeters>227.60000610351562</AltitudeMeters>
            <DistanceMeters>2404.919921875</DistanceMeters>
            <HeartRateBpm>
              <Value>153</Value>
            </HeartRateBpm>
            <Extensions>
              <ns3:TPX>
                <ns3:Speed>3.6760001182556152</ns3:Speed>
                <ns3:RunCadence>86</ns3:RunCadence>
              </ns3:TPX>
            </Extensions>
          </Trackpoint>
          <Trackpoint>
            <Time>2026-01-10T09:48:55.000Z</Time>
            <Position>
              <LatitudeDegrees>38.908716654405</LatitudeDegrees>
              <LongitudeDegrees>-6.333110723644495</LongitudeDegrees>
            </Position>
            <AltitudeMeters>228.60000610351562</AltitudeMeters>
            <DistanceMeters>2426.1298828125</DistanceMeters>
            <HeartRateBpm>
              <Value>153</Value>
            </HeartRateBpm>
            <Extensions>
              <ns3:TPX>
                <ns3:Speed>3.6670000553131104</ns3:Speed>
                <ns3:RunCadence>86</ns3:RunCadence>
              </ns3:TPX>
            </Extensions>
          </Trackpoint>
          <Trackpoint>
            <Time>2026-01-10T09:49:01.000Z</Time>
            <Position>
              <LatitudeDegrees>38.90886107459664</LatitudeDegrees>
              <LongitudeDegrees>-6.33296680636704</LongitudeDegrees>
            </Position>
            <AltitudeMeters>228.60000610351562</AltitudeMeters>
            <DistanceMeters>2446.43994140625</DistanceMeters>
            <HeartRateBpm>
              <Value>152</Value>
            </HeartRateBpm>
            <Extensions>
              <ns3:TPX>
                <ns3:Speed>3.6480000019073486</ns3:Speed>
                <ns3:RunCadence>86</ns3:RunCadence>
              </ns3:TPX>
            </Extensions>
          </Trackpoint>
          <Trackpoint>
            <Time>2026-01-10T09:49:05.000Z</Time>
            <Position>
              <LatitudeDegrees>38.90896157361567</LatitudeDegrees>
              <LongitudeDegrees>-6.332881981506944</LongitudeDegrees>
            </Position>
            <AltitudeMeters>228.1999969482422</AltitudeMeters>
            <DistanceMeters>2459.820068359375</DistanceMeters>
            <HeartRateBpm>
              <Value>152</Value>
            </HeartRateBpm>
            <Extensions>
              <ns3:TPX>
                <ns3:Speed>3.6389999389648438</ns3:Speed>
                <ns3:RunCadence>86</ns3:RunCadence>
              </ns3:TPX>
            </Extensions>
          </Trackpoint>
          <Trackpoint>
            <Time>2026-01-10T09:49:11.000Z</Time>
            <Position>
              <LatitudeDegrees>38.90911311842501</LatitudeDegrees>
              <LongitudeDegrees>-6.332742674276233</LongitudeDegrees>
            </Position>
            <AltitudeMeters>227.60000610351562</AltitudeMeters>
            <DistanceMeters>2480.530029296875</DistanceMeters>
            <HeartRateBpm>
              <Value>152</Value>
            </HeartRateBpm>
            <Extensions>
              <ns3:TPX>
                <ns3:Speed>3.619999885559082</ns3:Speed>
                <ns3:RunCadence>85</ns3:RunCadence>
              </ns3:TPX>
            </Extensions>
          </Trackpoint>
          <Trackpoint>
            <Time>2026-01-10T09:49:13.000Z</Time>
            <Position>
              <LatitudeDegrees>38.90915947034955</LatitudeDegrees>
              <LongitudeDegrees>-6.332687856629491</LongitudeDegrees>
            </Position>
            <AltitudeMeters>227.39999389648438</AltitudeMeters>
            <DistanceMeters>2487.489990234375</DistanceMeters>
            <HeartRateBpm>
              <Value>152</Value>
            </HeartRateBpm>
            <Extensions>
              <ns3:TPX>
                <ns3:Speed>3.6110000610351562</ns3:Speed>
                <ns3:RunCadence>85</ns3:RunCadence>
              </ns3:TPX>
            </Extensions>
          </Trackpoint>
          <Trackpoint>
            <Time>2026-01-10T09:49:19.000Z</Time>
            <Position>
              <LatitudeDegrees>38.90931487083435</LatitudeDegrees>
              <LongitudeDegrees>-6.332551063969731</LongitudeDegrees>
            </Position>
            <AltitudeMeters>226.8000030517578</AltitudeMeters>
            <DistanceMeters>2508.5</DistanceMeters>
            <HeartRateBpm>
              <Value>153</Value>
            </HeartRateBpm>
            <Extensions>
              <ns3:TPX>
                <ns3:Speed>3.6019999980926514</ns3:Speed>
                <ns3:RunCadence>86</ns3:RunCadence>
              </ns3:TPX>
            </Extensions>
          </Trackpoint>
          <Trackpoint>
            <Time>2026-01-10T09:49:23.000Z</Time>
            <Position>
              <LatitudeDegrees>38.9094278588891</LatitudeDegrees>
              <LongitudeDegrees>-6.332487193867564</LongitudeDegrees>
            </Position>
            <AltitudeMeters>226.39999389648438</AltitudeMeters>
            <DistanceMeters>2522.2099609375</DistanceMeters>
            <HeartRateBpm>
              <Value>153</Value>
            </HeartRateBpm>
            <Extensions>
              <ns3:TPX>
                <ns3:Speed>3.5920000076293945</ns3:Speed>
                <ns3:RunCadence>86</ns3:RunCadence>
              </ns3:TPX>
            </Extensions>
          </Trackpoint>
          <Trackpoint>
            <Time>2026-01-10T09:49:29.000Z</Time>
            <Position>
              <LatitudeDegrees>38.90962860547006</LatitudeDegrees>
              <LongitudeDegrees>-6.332489708438516</LongitudeDegrees>
            </Position>
            <AltitudeMeters>225.60000610351562</AltitudeMeters>
            <DistanceMeters>2544.659912109375</DistanceMeters>
            <HeartRateBpm>
              <Value>153</Value>
            </HeartRateBpm>
            <Extensions>
              <ns3:TPX>
                <ns3:Speed>3.5739998817443848</ns3:Speed>
                <ns3:RunCadence>86</ns3:RunCadence>
              </ns3:TPX>
            </Extensions>
          </Trackpoint>
          <Trackpoint>
            <Time>2026-01-10T09:49:36.000Z</Time>
            <Position>
              <LatitudeDegrees>38.909813929349184</LatitudeDegrees>
              <LongitudeDegrees>-6.332612251862884</LongitudeDegrees>
            </Position>
            <AltitudeMeters>224.60000610351562</AltitudeMeters>
            <DistanceMeters>2568.0400390625</DistanceMeters>
            <HeartRateBpm>
              <Value>153</Value>
            </HeartRateBpm>
            <Extensions>
              <ns3:TPX>
                <ns3:Speed>3.563999891281128</ns3:Speed>
                <ns3:RunCadence>87</ns3:RunCadence>
              </ns3:TPX>
            </Extensions>
          </Trackpoint>
          <Trackpoint>
            <Time>2026-01-10T09:49:42.000Z</Time>
            <Position>
              <LatitudeDegrees>38.90991442836821</LatitudeDegrees>
              <LongitudeDegrees>-6.33280755020678</LongitudeDegrees>
            </Position>
            <AltitudeMeters>224.0</AltitudeMeters>
            <DistanceMeters>2588.419921875</DistanceMeters>
            <HeartRateBpm>
              <Value>154</Value>
            </HeartRateBpm>
            <Extensions>
              <ns3:TPX>
                <ns3:Speed>3.555000066757202</ns3:Speed>
                <ns3:RunCadence>87</ns3:RunCadence>
              </ns3:TPX>
            </Extensions>
          </Trackpoint>
          <Trackpoint>
            <Time>2026-01-10T09:49:43.000Z</Time>
            <Position>
              <LatitudeDegrees>38.909926414489746</LatitudeDegrees>
              <LongitudeDegrees>-6.332843340933323</LongitudeDegrees>
            </Position>
            <AltitudeMeters>224.0</AltitudeMeters>
            <DistanceMeters>2591.7900390625</DistanceMeters>
            <HeartRateBpm>
              <Value>154</Value>
            </HeartRateBpm>
            <Extensions>
              <ns3:TPX>
                <ns3:Speed>3.5460000038146973</ns3:Speed>
                <ns3:RunCadence>86</ns3:RunCadence>
              </ns3:TPX>
            </Extensions>
          </Trackpoint>
          <Trackpoint>
            <Time>2026-01-10T09:49:48.000Z</Time>
            <Position>
              <LatitudeDegrees>38.90994728542864</LatitudeDegrees>
              <LongitudeDegrees>-6.333032688125968</LongitudeDegrees>
            </Position>
            <AltitudeMeters>224.39999389648438</AltitudeMeters>
            <DistanceMeters>2608.39990234375</DistanceMeters>
            <HeartRateBpm>
              <Value>154</Value>
            </HeartRateBpm>
            <Extensions>
              <ns3:TPX>
                <ns3:Speed>3.5360000133514404</ns3:Speed>
                <ns3:RunCadence>86</ns3:RunCadence>
              </ns3:TPX>
            </Extensions>
          </Trackpoint>
          <Trackpoint>
            <Time>2026-01-10T09:49:54.000Z</Time>
            <Position>
              <LatitudeDegrees>38.90990504063666</LatitudeDegrees>
              <LongitudeDegrees>-6.333265118300915</LongitudeDegrees>
            </Position>
            <AltitudeMeters>225.1999969482422</AltitudeMeters>
            <DistanceMeters>2629.260009765625</DistanceMeters>
            <HeartRateBpm>
              <Value>154</Value>
            </HeartRateBpm>
            <Extensions>
              <ns3:TPX>
                <ns3:Speed>3.5179998874664307</ns3:Speed>
                <ns3:RunCadence>86</ns3:RunCadence>
              </ns3:TPX>
            </Extensions>
          </Trackpoint>
          <Trackpoint>
            <Time>2026-01-10T09:50:00.000Z</Time>
            <Position>
              <LatitudeDegrees>38.90978878363967</LatitudeDegrees>
              <LongitudeDegrees>-6.333444574847817</LongitudeDegrees>
            </Position>
            <AltitudeMeters>225.0</AltitudeMeters>
            <DistanceMeters>2649.639892578125</DistanceMeters>
            <HeartRateBpm>
              <Value>154</Value>
            </HeartRateBpm>
            <Extensions>
              <ns3:TPX>
                <ns3:Speed>3.490000009536743</ns3:Speed>
                <ns3:RunCadence>86</ns3:RunCadence>
              </ns3:TPX>
            </Extensions>
          </Trackpoint>
          <Trackpoint>
            <Time>2026-01-10T09:50:01.000Z</Time>
            <Position>
              <LatitudeDegrees>38.90976472757757</LatitudeDegrees>
              <LongitudeDegrees>-6.333469720557332</LongitudeDegrees>
            </Position>
            <AltitudeMeters>225.0</AltitudeMeters>
            <DistanceMeters>2653.080078125</DistanceMeters>
            <HeartRateBpm>
              <Value>154</Value>
            </HeartRateBpm>
            <Extensions>
              <ns3:TPX>
                <ns3:Speed>3.490000009536743</ns3:Speed>
                <ns3:RunCadence>87</ns3:RunCadence>
              </ns3:TPX>
            </Extensions>
          </Trackpoint>
          <Trackpoint>
            <Time>2026-01-10T09:50:08.000Z</Time>
            <Position>
              <LatitudeDegrees>38.909598011523485</LatitudeDegrees>
              <LongitudeDegrees>-6.333624450489879</LongitudeDegrees>
            </Position>
            <AltitudeMeters>224.8000030517578</AltitudeMeters>
            <DistanceMeters>2675.93994140625</DistanceMeters>
            <HeartRateBpm>
              <Value>150</Value>
            </HeartRateBpm>
            <Extensions>
              <ns3:TPX>
                <ns3:Speed>3.4619998931884766</ns3:Speed>
                <ns3:RunCadence>87</ns3:RunCadence>
              </ns3:TPX>
            </Extensions>
          </Trackpoint>
          <Trackpoint>
            <Time>2026-01-10T09:50:12.000Z</Time>
            <Position>
              <LatitudeDegrees>38.90949130989611</LatitudeDegrees>
              <LongitudeDegrees>-6.333708269521594</LongitudeDegrees>
            </Position>
            <AltitudeMeters>224.1999969482422</AltitudeMeters>
            <DistanceMeters>2689.830078125</DistanceMeters>
            <HeartRateBpm>
              <Value>149</Value>
            </HeartRateBpm>
            <Extensions>
              <ns3:TPX>
                <ns3:Speed>3.443000078201294</ns3:Speed>
                <ns3:RunCadence>85</ns3:RunCadence>
              </ns3:TPX>
            </Extensions>
          </Trackpoint>
          <Trackpoint>
            <Time>2026-01-10T09:50:16.000Z</Time>
            <Position>
              <LatitudeDegrees>38.909395756199956</LatitudeDegrees>
              <LongitudeDegrees>-6.333801141008735</LongitudeDegrees>
            </Position>
            <AltitudeMeters>223.60000610351562</AltitudeMeters>
            <DistanceMeters>2703.14990234375</DistanceMeters>
            <HeartRateBpm>
              <Value>152</Value>
            </HeartRateBpm>
            <Extensions>
              <ns3:TPX>
                <ns3:Speed>3.4240000247955322</ns3:Speed>
                <ns3:RunCadence>86</ns3:RunCadence>
              </ns3:TPX>
            </Extensions>
          </Trackpoint>
          <Trackpoint>
            <Time>2026-01-10T09:50:21.000Z</Time>
            <Position>
              <LatitudeDegrees>38.90927237458527</LatitudeDegrees>
              <LongitudeDegrees>-6.333915805444121</LongitudeDegrees>
            </Position>
            <AltitudeMeters>223.0</AltitudeMeters>
            <DistanceMeters>2720.080078125</DistanceMeters>
            <HeartRateBpm>
              <Value>152</Value>
            </HeartRateBpm>
            <Extensions>
              <ns3:TPX>
                <ns3:Speed>3.4240000247955322</ns3:Speed>
                <ns3:RunCadence>86</ns3:RunCadence>
              </ns3:TPX>
            </Extensions>
          </Trackpoint>
          <Trackpoint>
            <Time>2026-01-10T09:50:28.000Z</Time>
            <Position>
              <LatitudeDegrees>38.90910029411316</LatitudeDegrees>
              <LongitudeDegrees>-6.334063829854131</LongitudeDegrees>
            </Position>
            <AltitudeMeters>223.0</AltitudeMeters>
            <DistanceMeters>2743.2099609375</DistanceMeters>
            <HeartRateBpm>
              <Value>152</Value>
            </HeartRateBpm>
            <Extensions>
              <ns3:TPX>
                <ns3:Speed>3.4059998989105225</ns3:Speed>
                <ns3:RunCadence>85</ns3:RunCadence>
              </ns3:TPX>
            </Extensions>
          </Trackpoint>
          <Trackpoint>
            <Time>2026-01-10T09:50:31.000Z</Time>
            <Position>
              <LatitudeDegrees>38.909017983824015</LatitudeDegrees>
              <LongitudeDegrees>-6.334096770733595</LongitudeDegrees>
            </Position>
            <AltitudeMeters>223.0</AltitudeMeters>
            <DistanceMeters>2752.800048828125</DistanceMeters>
            <HeartRateBpm>
              <Value>152</Value>
            </HeartRateBpm>
            <Extensions>
              <ns3:TPX>
                <ns3:Speed>3.3959999084472656</ns3:Speed>
                <ns3:RunCadence>87</ns3:RunCadence>
              </ns3:TPX>
            </Extensions>
          </Trackpoint>
          <Trackpoint>
            <Time>2026-01-10T09:50:37.000Z</Time>
            <Position>
              <LatitudeDegrees>38.90884347259998</LatitudeDegrees>
              <LongitudeDegrees>-6.3340971898287535</LongitudeDegrees>
            </Position>
            <AltitudeMeters>224.1999969482422</AltitudeMeters>
            <DistanceMeters>2772.340087890625</DistanceMeters>
            <HeartRateBpm>
              <Value>152</Value>
            </HeartRateBpm>
            <Extensions>
              <ns3:TPX>
                <ns3:Speed>3.368000030517578</ns3:Speed>
                <ns3:RunCadence>86</ns3:RunCadence>
              </ns3:TPX>
            </Extensions>
          </Trackpoint>
          <Trackpoint>
            <Time>2026-01-10T09:50:44.000Z</Time>
            <Position>
              <LatitudeDegrees>38.908677930012345</LatitudeDegrees>
              <LongitudeDegrees>-6.334010856226087</LongitudeDegrees>
            </Position>
            <AltitudeMeters>225.60000610351562</AltitudeMeters>
            <DistanceMeters>2792.320068359375</DistanceMeters>
            <HeartRateBpm>
              <Value>153</Value>
            </HeartRateBpm>
            <Extensions>
              <ns3:TPX>
                <ns3:Speed>3.3499999046325684</ns3:Speed>
                <ns3:RunCadence>87</ns3:RunCadence>
              </ns3:TPX>
            </Extensions>
          </Trackpoint>
          <Trackpoint>
            <Time>2026-01-10T09:50:50.000Z</Time>
            <Position>
              <LatitudeDegrees>38.908568462356925</LatitudeDegrees>
              <LongitudeDegrees>-6.333828717470169</LongitudeDegrees>
            </Position>
            <AltitudeMeters>226.60000610351562</AltitudeMeters>
            <DistanceMeters>2812.530029296875</DistanceMeters>
            <HeartRateBpm>
              <Value>153</Value>
            </HeartRateBpm>
            <Extensions>
              <ns3:TPX>
                <ns3:Speed>3.322000026702881</ns3:Speed>
                <ns3:RunCadence>86</ns3:RunCadence>
              </ns3:TPX>
            </Extensions>
          </Trackpoint>
          <Trackpoint>
            <Time>2026-01-10T09:50:56.000Z</Time>
            <Position>
              <LatitudeDegrees>38.908526469022036</LatitudeDegrees>
              <LongitudeDegrees>-6.333599388599396</LongitudeDegrees>
            </Position>
            <AltitudeMeters>227.0</AltitudeMeters>
            <DistanceMeters>2833.1201171875</DistanceMeters>
            <HeartRateBpm>
              <Value>152</Value>
            </HeartRateBpm>
            <Extensions>
              <ns3:TPX>
                <ns3:Speed>3.302999973297119</ns3:Speed>
                <ns3:RunCadence>86</ns3:RunCadence>
              </ns3:TPX>
            </Extensions>
          </Trackpoint>
          <Trackpoint>
            <Time>2026-01-10T09:50:57.000Z</Time>
            <Position>
              <LatitudeDegrees>38.90852730721235</LatitudeDegrees>
              <LongitudeDegrees>-6.333558317273855</LongitudeDegrees>
            </Position>
            <AltitudeMeters>227.0</AltitudeMeters>
            <DistanceMeters>2836.679931640625</DistanceMeters>
            <HeartRateBpm>
              <Value>152</Value>
            </HeartRateBpm>
            <Extensions>
              <ns3:TPX>
                <ns3:Speed>3.302999973297119</ns3:Speed>
                <ns3:RunCadence>86</ns3:RunCadence>
              </ns3:TPX>
            </Extensions>
          </Trackpoint>
          <Trackpoint>
            <Time>2026-01-10T09:51:03.000Z</Time>
            <Position>
              <LatitudeDegrees>38.90856578014791</LatitudeDegrees>
              <LongitudeDegrees>-6.333331083878875</LongitudeDegrees>
            </Position>
            <AltitudeMeters>227.39999389648438</AltitudeMeters>
            <DistanceMeters>2856.889892578125</DistanceMeters>
            <HeartRateBpm>
              <Value>152</Value>
            </HeartRateBpm>
            <Extensions>
              <ns3:TPX>
                <ns3:Speed>3.302999973297119</ns3:Speed>
                <ns3:RunCadence>86</ns3:RunCadence>
              </ns3:TPX>
            </Extensions>
          </Trackpoint>
          <Trackpoint>
            <Time>2026-01-10T09:51:04.000Z</Time>
            <Position>
              <LatitudeDegrees>38.90858053229749</LatitudeDegrees>
              <LongitudeDegrees>-6.333296382799745</LongitudeDegrees>
            </Position>
            <AltitudeMeters>227.39999389648438</AltitudeMeters>
            <DistanceMeters>2860.31005859375</DistanceMeters>
            <HeartRateBpm>
              <Value>152</Value>
            </HeartRateBpm>
            <Extensions>
              <ns3:TPX>
                <ns3:Speed>3.302999973297119</ns3:Speed>
                <ns3:RunCadence>86</ns3:RunCadence>
              </ns3:TPX>
            </Extensions>
          </Trackpoint>
          <Trackpoint>
            <Time>2026-01-10T09:51:09.000Z</Time>
            <Position>
              <LatitudeDegrees>38.90867440961301</LatitudeDegrees>
              <LongitudeDegrees>-6.333152716979384</LongitudeDegrees>
            </Position>
            <AltitudeMeters>228.39999389648438</AltitudeMeters>
            <DistanceMeters>2876.570068359375</DistanceMeters>
            <HeartRateBpm>
              <Value>152</Value>
            </HeartRateBpm>
            <Extensions>
              <ns3:TPX>
                <ns3:Speed>3.2939999103546143</ns3:Speed>
                <ns3:RunCadence>86</ns3:RunCadence>
              </ns3:TPX>
            </Extensions>
          </Trackpoint>
          <Trackpoint>
            <Time>2026-01-10T09:51:15.000Z</Time>
            <Position>
              <LatitudeDegrees>38.90881287865341</LatitudeDegrees>
              <LongitudeDegrees>-6.333005614578724</LongitudeDegrees>
            </Position>
            <AltitudeMeters>228.60000610351562</AltitudeMeters>
            <DistanceMeters>2896.580078125</DistanceMeters>
            <HeartRateBpm>
              <Value>151</Value>
            </HeartRateBpm>
            <Extensions>
              <ns3:TPX>
                <ns3:Speed>3.2750000953674316</ns3:Speed>
                <ns3:RunCadence>86</ns3:RunCadence>
              </ns3:TPX>
            </Extensions>
          </Trackpoint>
          <Trackpoint>
            <Time>2026-01-10T09:51:17.000Z</Time>
            <Position>
              <LatitudeDegrees>38.908860655501485</LatitudeDegrees>
              <LongitudeDegrees>-6.332960352301598</LongitudeDegrees>
            </Position>
            <AltitudeMeters>228.60000610351562</AltitudeMeters>
            <DistanceMeters>2903.169921875</DistanceMeters>
            <HeartRateBpm>
              <Value>151</Value>
            </HeartRateBpm>
            <Extensions>
              <ns3:TPX>
                <ns3:Speed>3.2750000953674316</ns3:Speed>
                <ns3:RunCadence>86</ns3:RunCadence>
              </ns3:TPX>
            </Extensions>
          </Trackpoint>
          <Trackpoint>
            <Time>2026-01-10T09:51:24.000Z</Time>
            <Position>
              <LatitudeDegrees>38.909022426232696</LatitudeDegrees>
              <LongitudeDegrees>-6.332811405882239</LongitudeDegrees>
            </Position>
            <AltitudeMeters>228.0</AltitudeMeters>
            <DistanceMeters>2925.2900390625</DistanceMeters>
            <HeartRateBpm>
              <Value>151</Value>
            </HeartRateBpm>
            <Extensions>
              <ns3:TPX>
                <ns3:Speed>3.2660000324249268</ns3:Speed>
                <ns3:RunCadence>86</ns3:RunCadence>
              </ns3:TPX>
            </Extensions>
          </Trackpoint>
          <Trackpoint>
            <Time>2026-01-10T09:51:27.000Z</Time>
            <Position>
              <LatitudeDegrees>38.90909744426608</LatitudeDegrees>
              <LongitudeDegrees>-6.332744769752026</LongitudeDegrees>
            </Position>
            <AltitudeMeters>227.60000610351562</AltitudeMeters>
            <DistanceMeters>2935.429931640625</DistanceMeters>
            <HeartRateBpm>
              <Value>151</Value>
            </HeartRateBpm>
            <Extensions>
              <ns3:TPX>
                <ns3:Speed>3.2660000324249268</ns3:Speed>
                <ns3:RunCadence>85</ns3:RunCadence>
              </ns3:TPX>
            </Extensions>
          </Trackpoint>
          <Trackpoint>
            <Time>2026-01-10T09:51:34.000Z</Time>
            <Position>
              <LatitudeDegrees>38.90926457941532</LatitudeDegrees>
              <LongitudeDegrees>-6.332584172487259</LongitudeDegrees>
            </Position>
            <AltitudeMeters>227.0</AltitudeMeters>
            <DistanceMeters>2958.64990234375</DistanceMeters>
            <HeartRateBpm>
              <Value>151</Value>
            </HeartRateBpm>
            <Extensions>
              <ns3:TPX>
                <ns3:Speed>3.25600004196167</ns3:Speed>
                <ns3:RunCadence>86</ns3:RunCadence>
              </ns3:TPX>
            </Extensions>
          </Trackpoint>
          <Trackpoint>
            <Time>2026-01-10T09:51:37.000Z</Time>
            <Position>
              <LatitudeDegrees>38.90934429131448</LatitudeDegrees>
              <LongitudeDegrees>-6.332530193030834</LongitudeDegrees>
            </Position>
            <AltitudeMeters>226.8000030517578</AltitudeMeters>
            <DistanceMeters>2968.669921875</DistanceMeters>
            <HeartRateBpm>
              <Value>151</Value>
            </HeartRateBpm>
            <Extensions>
              <ns3:TPX>
                <ns3:Speed>3.25600004196167</ns3:Speed>
                <ns3:RunCadence>86</ns3:RunCadence>
              </ns3:TPX>
            </Extensions>
          </Trackpoint>
          <Trackpoint>
            <Time>2026-01-10T09:51:44.000Z</Time>
            <Position>
              <LatitudeDegrees>38.90954654663801</LatitudeDegrees>
              <LongitudeDegrees>-6.332480991259217</LongitudeDegrees>
            </Position>
            <AltitudeMeters>226.0</AltitudeMeters>
            <DistanceMeters>2991.8701171875</DistanceMeters>
            <HeartRateBpm>
              <Value>151</Value>
            </HeartRateBpm>
            <Extensions>
              <ns3:TPX>
                <ns3:Speed>3.246999979019165</ns3:Speed>
                <ns3:RunCadence>87</ns3:RunCadence>
              </ns3:TPX>
            </Extensions>
          </Trackpoint>
          <Trackpoint>
            <Time>2026-01-10T09:51:47.000Z</Time>
            <Position>
              <LatitudeDegrees>38.90963723883033</LatitudeDegrees>
              <LongitudeDegrees>-6.332498425617814</LongitudeDegrees>
            </Position>
            <AltitudeMeters>225.60000610351562</AltitudeMeters>
            <DistanceMeters>3002.0400390625</DistanceMeters>
            <HeartRateBpm>
              <Value>151</Value>
            </HeartRateBpm>
            <Extensions>
              <ns3:TPX>
                <ns3:Speed>3.23799991607666</ns3:Speed>
                <ns3:RunCadence>86</ns3:RunCadence>
              </ns3:TPX>
            </Extensions>
          </Trackpoint>
        </Track>
        <Extensions>
          <ns3:LX>
            <ns3:AvgSpeed>3.492000102996826</ns3:AvgSpeed>
            <ns3:AvgRunCadence>85</ns3:AvgRunCadence>
            <ns3:MaxRunCadence>92</ns3:MaxRunCadence>
          </ns3:LX>
        </Extensions>
      </Lap>
      <Lap StartTime="2026-01-10T09:51:48.000Z">
        <TotalTimeSeconds>303.144</TotalTimeSeconds>
        <DistanceMeters>1000.0</DistanceMeters>
        <MaximumSpeed>3.331000089645386</MaximumSpeed>
        <Calories>71</Calories>
        <AverageHeartRateBpm>
          <Value>152</Value>
        </AverageHeartRateBpm>
        <MaximumHeartRateBpm>
          <Value>155</Value>
        </MaximumHeartRateBpm>
        <Intensity>Active</Intensity>
        <TriggerMethod>Manual</TriggerMethod>
        <Track>
          <Trackpoint>
            <Time>2026-01-10T09:51:51.000Z</Time>
            <Position>
              <LatitudeDegrees>38.90974595211446</LatitudeDegrees>
              <LongitudeDegrees>-6.332565816119313</LongitudeDegrees>
            </Position>
            <AltitudeMeters>225.0</AltitudeMeters>
            <DistanceMeters>3015.52001953125</DistanceMeters>
            <HeartRateBpm>
              <Value>151</Value>
            </HeartRateBpm>
            <Extensions>
              <ns3:TPX>
                <ns3:Speed>3.23799991607666</ns3:Speed>
                <ns3:RunCadence>86</ns3:RunCadence>
              </ns3:TPX>
            </Extensions>
          </Trackpoint>
          <Trackpoint>
            <Time>2026-01-10T09:51:58.000Z</Time>
            <Position>
              <LatitudeDegrees>38.9098837506026</LatitudeDegrees>
              <LongitudeDegrees>-6.332760527729988</LongitudeDegrees>
            </Position>
            <AltitudeMeters>224.0</AltitudeMeters>
            <DistanceMeters>3038.43994140625</DistanceMeters>
            <HeartRateBpm>
              <Value>151</Value>
            </HeartRateBpm>
            <Extensions>
              <ns3:TPX>
                <ns3:Speed>3.246999979019165</ns3:Speed>
                <ns3:RunCadence>84</ns3:RunCadence>
              </ns3:TPX>
            </Extensions>
          </Trackpoint>
          <Trackpoint>
            <Time>2026-01-10T09:52:05.000Z</Time>
            <Position>
              <LatitudeDegrees>38.90993085689843</LatitudeDegrees>
              <LongitudeDegrees>-6.333019193261862</LongitudeDegrees>
            </Position>
            <AltitudeMeters>224.39999389648438</AltitudeMeters>
            <DistanceMeters>3061.590087890625</DistanceMeters>
            <HeartRateBpm>
              <Value>151</Value>
            </HeartRateBpm>
            <Extensions>
              <ns3:TPX>
                <ns3:Speed>3.23799991607666</ns3:Speed>
                <ns3:RunCadence>86</ns3:RunCadence>
              </ns3:TPX>
            </Extensions>
          </Trackpoint>
          <Trackpoint>
            <Time>2026-01-10T09:52:11.000Z</Time>
            <Position>
              <LatitudeDegrees>38.90989146195352</LatitudeDegrees>
              <LongitudeDegrees>-6.333246510475874</LongitudeDegrees>
            </Position>
            <AltitudeMeters>225.0</AltitudeMeters>
            <DistanceMeters>3081.919921875</DistanceMeters>
            <HeartRateBpm>
              <Value>151</Value>
            </HeartRateBpm>
            <Extensions>
              <ns3:TPX>
                <ns3:Speed>3.23799991607666</ns3:Speed>
                <ns3:RunCadence>85</ns3:RunCadence>
              </ns3:TPX>
            </Extensions>
          </Trackpoint>
          <Trackpoint>
            <Time>2026-01-10T09:52:12.000Z</Time>
            <Position>
              <LatitudeDegrees>38.909879978746176</LatitudeDegrees>
              <LongitudeDegrees>-6.333283139392734</LongitudeDegrees>
            </Position>
            <AltitudeMeters>225.1999969482422</AltitudeMeters>
            <DistanceMeters>3085.35009765625</DistanceMeters>
            <HeartRateBpm>
              <Value>151</Value>
            </HeartRateBpm>
            <Extensions>
              <ns3:TPX>
                <ns3:Speed>3.23799991607666</ns3:Speed>
                <ns3:RunCadence>85</ns3:RunCadence>
              </ns3:TPX>
            </Extensions>
          </Trackpoint>
          <Trackpoint>
            <Time>2026-01-10T09:52:18.000Z</Time>
            <Position>
              <LatitudeDegrees>38.90976305119693</LatitudeDegrees>
              <LongitudeDegrees>-6.333464356139302</LongitudeDegrees>
            </Position>
            <AltitudeMeters>225.0</AltitudeMeters>
            <DistanceMeters>3105.989990234375</DistanceMeters>
            <HeartRateBpm>
              <Value>151</Value>
            </HeartRateBpm>
            <Extensions>
              <ns3:TPX>
                <ns3:Speed>3.246999979019165</ns3:Speed>
                <ns3:RunCadence>86</ns3:RunCadence>
              </ns3:TPX>
            </Extensions>
          </Trackpoint>
          <Trackpoint>
            <Time>2026-01-10T09:52:24.000Z</Time>
            <Position>
              <LatitudeDegrees>38.909612679854035</LatitudeDegrees>
              <LongitudeDegrees>-6.333604082465172</LongitudeDegrees>
            </Position>
            <AltitudeMeters>224.8000030517578</AltitudeMeters>
            <DistanceMeters>3126.60009765625</DistanceMeters>
            <HeartRateBpm>
              <Value>152</Value>
            </HeartRateBpm>
            <Extensions>
              <ns3:TPX>
                <ns3:Speed>3.2660000324249268</ns3:Speed>
                <ns3:RunCadence>86</ns3:RunCadence>
              </ns3:TPX>
            </Extensions>
          </Trackpoint>
          <Trackpoint>
            <Time>2026-01-10T09:52:29.000Z</Time>
            <Position>
              <LatitudeDegrees>38.90948477201164</LatitudeDegrees>
              <LongitudeDegrees>-6.333727547898889</LongitudeDegrees>
            </Position>
            <AltitudeMeters>224.1999969482422</AltitudeMeters>
            <DistanceMeters>3144.389892578125</DistanceMeters>
            <HeartRateBpm>
              <Value>152</Value>
            </HeartRateBpm>
            <Extensions>
              <ns3:TPX>
                <ns3:Speed>3.2839999198913574</ns3:Speed>
                <ns3:RunCadence>86</ns3:RunCadence>
              </ns3:TPX>
            </Extensions>
          </Trackpoint>
          <Trackpoint>
            <Time>2026-01-10T09:52:35.000Z</Time>
            <Position>
              <LatitudeDegrees>38.90934026800096</LatitudeDegrees>
              <LongitudeDegrees>-6.333874734118581</LongitudeDegrees>
            </Position>
            <AltitudeMeters>223.1999969482422</AltitudeMeters>
            <DistanceMeters>3164.89990234375</DistanceMeters>
            <HeartRateBpm>
              <Value>152</Value>
            </HeartRateBpm>
            <Extensions>
              <ns3:TPX>
                <ns3:Speed>3.302999973297119</ns3:Speed>
                <ns3:RunCadence>86</ns3:RunCadence>
              </ns3:TPX>
            </Extensions>
          </Trackpoint>
          <Trackpoint>
            <Time>2026-01-10T09:52:39.000Z</Time>
            <Position>
              <LatitudeDegrees>38.90924362465739</LatitudeDegrees>
              <LongitudeDegrees>-6.333973975852132</LongitudeDegrees>
            </Position>
            <AltitudeMeters>223.0</AltitudeMeters>
            <DistanceMeters>3178.64990234375</DistanceMeters>
            <HeartRateBpm>
              <Value>152</Value>
            </HeartRateBpm>
            <Extensions>
              <ns3:TPX>
                <ns3:Speed>3.322000026702881</ns3:Speed>
                <ns3:RunCadence>86</ns3:RunCadence>
              </ns3:TPX>
            </Extensions>
          </Trackpoint>
          <Trackpoint>
            <Time>2026-01-10T09:52:45.000Z</Time>
            <Position>
              <LatitudeDegrees>38.90909249894321</LatitudeDegrees>
              <LongitudeDegrees>-6.334097273647785</LongitudeDegrees>
            </Position>
            <AltitudeMeters>223.0</AltitudeMeters>
            <DistanceMeters>3198.669921875</DistanceMeters>
            <HeartRateBpm>
              <Value>152</Value>
            </HeartRateBpm>
            <Extensions>
              <ns3:TPX>
                <ns3:Speed>3.322000026702881</ns3:Speed>
                <ns3:RunCadence>86</ns3:RunCadence>
              </ns3:TPX>
            </Extensions>
          </Trackpoint>
          <Trackpoint>
            <Time>2026-01-10T09:52:48.000Z</Time>
            <Position>
              <LatitudeDegrees>38.909008176997304</LatitudeDegrees>
              <LongitudeDegrees>-6.334123592823744</LongitudeDegrees>
            </Position>
            <AltitudeMeters>223.0</AltitudeMeters>
            <DistanceMeters>3208.330078125</DistanceMeters>
            <HeartRateBpm>
              <Value>152</Value>
            </HeartRateBpm>
            <Extensions>
              <ns3:TPX>
                <ns3:Speed>3.322000026702881</ns3:Speed>
                <ns3:RunCadence>87</ns3:RunCadence>
              </ns3:TPX>
            </Extensions>
          </Trackpoint>
          <Trackpoint>
            <Time>2026-01-10T09:52:54.000Z</Time>
            <Position>
              <LatitudeDegrees>38.90882913954556</LatitudeDegrees>
              <LongitudeDegrees>-6.334104733541608</LongitudeDegrees>
            </Position>
            <AltitudeMeters>224.39999389648438</AltitudeMeters>
            <DistanceMeters>3228.35009765625</DistanceMeters>
            <HeartRateBpm>
              <Value>152</Value>
            </HeartRateBpm>
            <Extensions>
              <ns3:TPX>
                <ns3:Speed>3.312000036239624</ns3:Speed>
                <ns3:RunCadence>87</ns3:RunCadence>
              </ns3:TPX>
            </Extensions>
          </Trackpoint>
          <Trackpoint>
            <Time>2026-01-10T09:52:59.000Z</Time>
            <Position>
              <LatitudeDegrees>38.90871539711952</LatitudeDegrees>
              <LongitudeDegrees>-6.334031140431762</LongitudeDegrees>
            </Position>
            <AltitudeMeters>225.39999389648438</AltitudeMeters>
            <DistanceMeters>3242.570068359375</DistanceMeters>
            <HeartRateBpm>
              <Value>152</Value>
            </HeartRateBpm>
            <Extensions>
              <ns3:TPX>
                <ns3:Speed>3.2939999103546143</ns3:Speed>
                <ns3:RunCadence>87</ns3:RunCadence>
              </ns3:TPX>
            </Extensions>
          </Trackpoint>
          <Trackpoint>
            <Time>2026-01-10T09:53:05.000Z</Time>
            <Position>
              <LatitudeDegrees>38.90858966857195</LatitudeDegrees>
              <LongitudeDegrees>-6.333868699148297</LongitudeDegrees>
            </Position>
            <AltitudeMeters>226.39999389648438</AltitudeMeters>
            <DistanceMeters>3262.659912109375</DistanceMeters>
            <HeartRateBpm>
              <Value>152</Value>
            </HeartRateBpm>
            <Extensions>
              <ns3:TPX>
                <ns3:Speed>3.2750000953674316</ns3:Speed>
                <ns3:RunCadence>85</ns3:RunCadence>
              </ns3:TPX>
            </Extensions>
          </Trackpoint>
          <Trackpoint>
            <Time>2026-01-10T09:53:12.000Z</Time>
            <Position>
              <LatitudeDegrees>38.908526469022036</LatitudeDegrees>
              <LongitudeDegrees>-6.333619421347976</LongitudeDegrees>
            </Position>
            <AltitudeMeters>227.0</AltitudeMeters>
            <DistanceMeters>3285.6201171875</DistanceMeters>
            <HeartRateBpm>
              <Value>152</Value>
            </HeartRateBpm>
            <Extensions>
              <ns3:TPX>
                <ns3:Speed>3.2750000953674316</ns3:Speed>
                <ns3:RunCadence>86</ns3:RunCadence>
              </ns3:TPX>
            </Extensions>
          </Trackpoint>
          <Trackpoint>
            <Time>2026-01-10T09:53:18.000Z</Time>
            <Position>
              <LatitudeDegrees>38.90855496749282</LatitudeDegrees>
              <LongitudeDegrees>-6.333402497693896</LongitudeDegrees>
            </Position>
            <AltitudeMeters>227.39999389648438</AltitudeMeters>
            <DistanceMeters>3304.909912109375</DistanceMeters>
            <HeartRateBpm>
              <Value>152</Value>
            </HeartRateBpm>
            <Extensions>
              <ns3:TPX>
                <ns3:Speed>3.2660000324249268</ns3:Speed>
                <ns3:RunCadence>85</ns3:RunCadence>
              </ns3:TPX>
            </Extensions>
          </Trackpoint>
          <Trackpoint>
            <Time>2026-01-10T09:53:25.000Z</Time>
            <Position>
              <LatitudeDegrees>38.90866745263338</LatitudeDegrees>
              <LongitudeDegrees>-6.333185406401753</LongitudeDegrees>
            </Position>
            <AltitudeMeters>228.1999969482422</AltitudeMeters>
            <DistanceMeters>3327.6201171875</DistanceMeters>
            <HeartRateBpm>
              <Value>151</Value>
            </HeartRateBpm>
            <Extensions>
              <ns3:TPX>
                <ns3:Speed>3.246999979019165</ns3:Speed>
                <ns3:RunCadence>85</ns3:RunCadence>
              </ns3:TPX>
            </Extensions>
          </Trackpoint>
          <Trackpoint>
            <Time>2026-01-10T09:53:32.000Z</Time>
            <Position>
              <LatitudeDegrees>38.908823104575276</LatitudeDegrees>
              <LongitudeDegrees>-6.333019193261862</LongitudeDegrees>
            </Position>
            <AltitudeMeters>228.60000610351562</AltitudeMeters>
            <DistanceMeters>3350.139892578125</DistanceMeters>
            <HeartRateBpm>
              <Value>152</Value>
            </HeartRateBpm>
            <Extensions>
              <ns3:TPX>
                <ns3:Speed>3.2279999256134033</ns3:Speed>
                <ns3:RunCadence>85</ns3:RunCadence>
              </ns3:TPX>
            </Extensions>
          </Trackpoint>
          <Trackpoint>
            <Time>2026-01-10T09:53:39.000Z</Time>
            <Position>
              <LatitudeDegrees>38.90897188335657</LatitudeDegrees>
              <LongitudeDegrees>-6.332858093082905</LongitudeDegrees>
            </Position>
            <AltitudeMeters>228.1999969482422</AltitudeMeters>
            <DistanceMeters>3371.7900390625</DistanceMeters>
            <HeartRateBpm>
              <Value>151</Value>
            </HeartRateBpm>
            <Extensions>
              <ns3:TPX>
                <ns3:Speed>3.2190001010894775</ns3:Speed>
                <ns3:RunCadence>84</ns3:RunCadence>
              </ns3:TPX>
            </Extensions>
          </Trackpoint>
          <Trackpoint>
            <Time>2026-01-10T09:53:41.000Z</Time>
            <Position>
              <LatitudeDegrees>38.90902309678495</LatitudeDegrees>
              <LongitudeDegrees>-6.332809813320637</LongitudeDegrees>
            </Position>
            <AltitudeMeters>228.0</AltitudeMeters>
            <DistanceMeters>3378.85009765625</DistanceMeters>
            <HeartRateBpm>
              <Value>151</Value>
            </HeartRateBpm>
            <Extensions>
              <ns3:TPX>
                <ns3:Speed>3.2100000381469727</ns3:Speed>
                <ns3:RunCadence>85</ns3:RunCadence>
              </ns3:TPX>
            </Extensions>
          </Trackpoint>
          <Trackpoint>
            <Time>2026-01-10T09:53:48.000Z</Time>
            <Position>
              <LatitudeDegrees>38.90917355194688</LatitudeDegrees>
              <LongitudeDegrees>-6.332640666514635</LongitudeDegrees>
            </Position>
            <AltitudeMeters>227.39999389648438</AltitudeMeters>
            <DistanceMeters>3401.090087890625</DistanceMeters>
            <HeartRateBpm>
              <Value>151</Value>
            </HeartRateBpm>
            <Extensions>
              <ns3:TPX>
                <ns3:Speed>3.200000047683716</ns3:Speed>
                <ns3:RunCadence>85</ns3:RunCadence>
              </ns3:TPX>
            </Extensions>
          </Trackpoint>
          <Trackpoint>
            <Time>2026-01-10T09:53:51.000Z</Time>
            <Position>
              <LatitudeDegrees>38.909242786467075</LatitudeDegrees>
              <LongitudeDegrees>-6.332570845261216</LongitudeDegrees>
            </Position>
            <AltitudeMeters>227.1999969482422</AltitudeMeters>
            <DistanceMeters>3410.8798828125</DistanceMeters>
            <HeartRateBpm>
              <Value>151</Value>
            </HeartRateBpm>
            <Extensions>
              <ns3:TPX>
                <ns3:Speed>3.200000047683716</ns3:Speed>
                <ns3:RunCadence>85</ns3:RunCadence>
              </ns3:TPX>
            </Extensions>
          </Trackpoint>
          <Trackpoint>
            <Time>2026-01-10T09:53:57.000Z</Time>
            <Position>
              <LatitudeDegrees>38.90940137207508</LatitudeDegrees>
              <LongitudeDegrees>-6.332461712881923</LongitudeDegrees>
            </Position>
            <AltitudeMeters>226.60000610351562</AltitudeMeters>
            <DistanceMeters>3430.969970703125</DistanceMeters>
            <HeartRateBpm>
              <Value>151</Value>
            </HeartRateBpm>
            <Extensions>
              <ns3:TPX>
                <ns3:Speed>3.190999984741211</ns3:Speed>
                <ns3:RunCadence>87</ns3:RunCadence>
              </ns3:TPX>
            </Extensions>
          </Trackpoint>
          <Trackpoint>
            <Time>2026-01-10T09:53:59.000Z</Time>
            <Position>
              <LatitudeDegrees>38.90945694409311</LatitudeDegrees>
              <LongitudeDegrees>-6.332446290180087</LongitudeDegrees>
            </Position>
            <AltitudeMeters>226.39999389648438</AltitudeMeters>
            <DistanceMeters>3437.280029296875</DistanceMeters>
            <HeartRateBpm>
              <Value>151</Value>
            </HeartRateBpm>
            <Extensions>
              <ns3:TPX>
                <ns3:Speed>3.200000047683716</ns3:Speed>
                <ns3:RunCadence>86</ns3:RunCadence>
              </ns3:TPX>
            </Extensions>
          </Trackpoint>
          <Trackpoint>
            <Time>2026-01-10T09:54:06.000Z</Time>
            <Position>
              <LatitudeDegrees>38.90965794213116</LatitudeDegrees>
              <LongitudeDegrees>-6.33248065598309</LongitudeDegrees>
            </Position>
            <AltitudeMeters>225.60000610351562</AltitudeMeters>
            <DistanceMeters>3460.10009765625</DistanceMeters>
            <HeartRateBpm>
              <Value>151</Value>
            </HeartRateBpm>
            <Extensions>
              <ns3:TPX>
                <ns3:Speed>3.190999984741211</ns3:Speed>
                <ns3:RunCadence>86</ns3:RunCadence>
              </ns3:TPX>
            </Extensions>
          </Trackpoint>
          <Trackpoint>
            <Time>2026-01-10T09:54:12.000Z</Time>
            <Position>
              <LatitudeDegrees>38.909809151664376</LatitudeDegrees>
              <LongitudeDegrees>-6.332612000405788</LongitudeDegrees>
            </Position>
            <AltitudeMeters>224.60000610351562</AltitudeMeters>
            <DistanceMeters>3480.5400390625</DistanceMeters>
            <HeartRateBpm>
              <Value>151</Value>
            </HeartRateBpm>
            <Extensions>
              <ns3:TPX>
                <ns3:Speed>3.190999984741211</ns3:Speed>
                <ns3:RunCadence>85</ns3:RunCadence>
              </ns3:TPX>
            </Extensions>
          </Trackpoint>
          <Trackpoint>
            <Time>2026-01-10T09:54:13.000Z</Time>
            <Position>
              <LatitudeDegrees>38.909827591851354</LatitudeDegrees>
              <LongitudeDegrees>-6.3326396606862545</LongitudeDegrees>
            </Position>
            <AltitudeMeters>224.39999389648438</AltitudeMeters>
            <DistanceMeters>3483.68994140625</DistanceMeters>
            <HeartRateBpm>
              <Value>151</Value>
            </HeartRateBpm>
            <Extensions>
              <ns3:TPX>
                <ns3:Speed>3.190999984741211</ns3:Speed>
                <ns3:RunCadence>85</ns3:RunCadence>
              </ns3:TPX>
            </Extensions>
          </Trackpoint>
          <Trackpoint>
            <Time>2026-01-10T09:54:20.000Z</Time>
            <Position>
              <LatitudeDegrees>38.90992230735719</LatitudeDegrees>
              <LongitudeDegrees>-6.332873767241836</LongitudeDegrees>
            </Position>
            <AltitudeMeters>224.0</AltitudeMeters>
            <DistanceMeters>3506.739990234375</DistanceMeters>
            <HeartRateBpm>
              <Value>151</Value>
            </HeartRateBpm>
            <Extensions>
              <ns3:TPX>
                <ns3:Speed>3.190999984741211</ns3:Speed>
                <ns3:RunCadence>85</ns3:RunCadence>
              </ns3:TPX>
            </Extensions>
          </Trackpoint>
          <Trackpoint>
            <Time>2026-01-10T09:54:27.000Z</Time>
            <Position>
              <LatitudeDegrees>38.90993261709809</LatitudeDegrees>
              <LongitudeDegrees>-6.333138132467866</LongitudeDegrees>
            </Position>
            <AltitudeMeters>224.8000030517578</AltitudeMeters>
            <DistanceMeters>3529.9599609375</DistanceMeters>
            <HeartRateBpm>
              <Value>151</Value>
            </HeartRateBpm>
            <Extensions>
              <ns3:TPX>
                <ns3:Speed>3.190999984741211</ns3:Speed>
                <ns3:RunCadence>86</ns3:RunCadence>
              </ns3:TPX>
            </Extensions>
          </Trackpoint>
          <Trackpoint>
            <Time>2026-01-10T09:54:28.000Z</Time>
            <Position>
              <LatitudeDegrees>38.909923983737826</LatitudeDegrees>
              <LongitudeDegrees>-6.33317643776536</LongitudeDegrees>
            </Position>
            <AltitudeMeters>225.0</AltitudeMeters>
            <DistanceMeters>3533.419921875</DistanceMeters>
            <HeartRateBpm>
              <Value>151</Value>
            </HeartRateBpm>
            <Extensions>
              <ns3:TPX>
                <ns3:Speed>3.190999984741211</ns3:Speed>
                <ns3:RunCadence>86</ns3:RunCadence>
              </ns3:TPX>
            </Extensions>
          </Trackpoint>
          <Trackpoint>
            <Time>2026-01-10T09:54:35.000Z</Time>
            <Position>
              <LatitudeDegrees>38.90982449054718</LatitudeDegrees>
              <LongitudeDegrees>-6.333407945930958</LongitudeDegrees>
            </Position>
            <AltitudeMeters>225.0</AltitudeMeters>
            <DistanceMeters>3556.659912109375</DistanceMeters>
            <HeartRateBpm>
              <Value>151</Value>
            </HeartRateBpm>
            <Extensions>
              <ns3:TPX>
                <ns3:Speed>3.200000047683716</ns3:Speed>
                <ns3:RunCadence>85</ns3:RunCadence>
              </ns3:TPX>
            </Extensions>
          </Trackpoint>
          <Trackpoint>
            <Time>2026-01-10T09:54:41.000Z</Time>
            <Position>
              <LatitudeDegrees>38.909678645431995</LatitudeDegrees>
              <LongitudeDegrees>-6.3335490971803665</LongitudeDegrees>
            </Position>
            <AltitudeMeters>225.0</AltitudeMeters>
            <DistanceMeters>3577.0</DistanceMeters>
            <HeartRateBpm>
              <Value>151</Value>
            </HeartRateBpm>
            <Extensions>
              <ns3:TPX>
                <ns3:Speed>3.2100000381469727</ns3:Speed>
                <ns3:RunCadence>85</ns3:RunCadence>
              </ns3:TPX>
            </Extensions>
          </Trackpoint>
          <Trackpoint>
            <Time>2026-01-10T09:54:43.000Z</Time>
            <Position>
              <LatitudeDegrees>38.90963061712682</LatitudeDegrees>
              <LongitudeDegrees>-6.333596622571349</LongitudeDegrees>
            </Position>
            <AltitudeMeters>224.8000030517578</AltitudeMeters>
            <DistanceMeters>3583.739990234375</DistanceMeters>
            <HeartRateBpm>
              <Value>150</Value>
            </HeartRateBpm>
            <Extensions>
              <ns3:TPX>
                <ns3:Speed>3.2100000381469727</ns3:Speed>
                <ns3:RunCadence>85</ns3:RunCadence>
              </ns3:TPX>
            </Extensions>
          </Trackpoint>
          <Trackpoint>
            <Time>2026-01-10T09:54:50.000Z</Time>
            <Position>
              <LatitudeDegrees>38.909467589110136</LatitudeDegrees>
              <LongitudeDegrees>-6.333754789084196</LongitudeDegrees>
            </Position>
            <AltitudeMeters>224.0</AltitudeMeters>
            <DistanceMeters>3606.4599609375</DistanceMeters>
            <HeartRateBpm>
              <Value>151</Value>
            </HeartRateBpm>
            <Extensions>
              <ns3:TPX>
                <ns3:Speed>3.2279999256134033</ns3:Speed>
                <ns3:RunCadence>85</ns3:RunCadence>
              </ns3:TPX>
            </Extensions>
          </Trackpoint>
          <Trackpoint>
            <Time>2026-01-10T09:54:52.000Z</Time>
            <Position>
              <LatitudeDegrees>38.90942006371915</LatitudeDegrees>
              <LongitudeDegrees>-6.333802985027432</LongitudeDegrees>
            </Position>
            <AltitudeMeters>223.60000610351562</AltitudeMeters>
            <DistanceMeters>3613.199951171875</DistanceMeters>
            <HeartRateBpm>
              <Value>150</Value>
            </HeartRateBpm>
            <Extensions>
              <ns3:TPX>
                <ns3:Speed>3.2279999256134033</ns3:Speed>
                <ns3:RunCadence>84</ns3:RunCadence>
              </ns3:TPX>
            </Extensions>
          </Trackpoint>
          <Trackpoint>
            <Time>2026-01-10T09:54:58.000Z</Time>
            <Position>
              <LatitudeDegrees>38.90927128493786</LatitudeDegrees>
              <LongitudeDegrees>-6.333950003609061</LongitudeDegrees>
            </Position>
            <AltitudeMeters>223.0</AltitudeMeters>
            <DistanceMeters>3634.070068359375</DistanceMeters>
            <HeartRateBpm>
              <Value>151</Value>
            </HeartRateBpm>
            <Extensions>
              <ns3:TPX>
                <ns3:Speed>3.246999979019165</ns3:Speed>
                <ns3:RunCadence>85</ns3:RunCadence>
              </ns3:TPX>
            </Extensions>
          </Trackpoint>
          <Trackpoint>
            <Time>2026-01-10T09:55:01.000Z</Time>
            <Position>
              <LatitudeDegrees>38.90919283032417</LatitudeDegrees>
              <LongitudeDegrees>-6.334027200937271</LongitudeDegrees>
            </Position>
            <AltitudeMeters>223.0</AltitudeMeters>
            <DistanceMeters>3645.080078125</DistanceMeters>
            <HeartRateBpm>
              <Value>151</Value>
            </HeartRateBpm>
            <Extensions>
              <ns3:TPX>
                <ns3:Speed>3.25600004196167</ns3:Speed>
                <ns3:RunCadence>86</ns3:RunCadence>
              </ns3:TPX>
            </Extensions>
          </Trackpoint>
          <Trackpoint>
            <Time>2026-01-10T09:55:07.000Z</Time>
            <Position>
              <LatitudeDegrees>38.90901672653854</LatitudeDegrees>
              <LongitudeDegrees>-6.3341172225773335</LongitudeDegrees>
            </Position>
            <AltitudeMeters>223.0</AltitudeMeters>
            <DistanceMeters>3666.219970703125</DistanceMeters>
            <HeartRateBpm>
              <Value>151</Value>
            </HeartRateBpm>
            <Extensions>
              <ns3:TPX>
                <ns3:Speed>3.302999973297119</ns3:Speed>
                <ns3:RunCadence>87</ns3:RunCadence>
              </ns3:TPX>
            </Extensions>
          </Trackpoint>
          <Trackpoint>
            <Time>2026-01-10T09:55:08.000Z</Time>
            <Position>
              <LatitudeDegrees>38.9089878089726</LatitudeDegrees>
              <LongitudeDegrees>-6.3341242633759975</LongitudeDegrees>
            </Position>
            <AltitudeMeters>223.1999969482422</AltitudeMeters>
            <DistanceMeters>3669.47998046875</DistanceMeters>
            <HeartRateBpm>
              <Value>152</Value>
            </HeartRateBpm>
            <Extensions>
              <ns3:TPX>
                <ns3:Speed>3.312000036239624</ns3:Speed>
                <ns3:RunCadence>87</ns3:RunCadence>
              </ns3:TPX>
            </Extensions>
          </Trackpoint>
          <Trackpoint>
            <Time>2026-01-10T09:55:14.000Z</Time>
            <Position>
              <LatitudeDegrees>38.90881111845374</LatitudeDegrees>
              <LongitudeDegrees>-6.3341007102280855</LongitudeDegrees>
            </Position>
            <AltitudeMeters>224.39999389648438</AltitudeMeters>
            <DistanceMeters>3689.4599609375</DistanceMeters>
            <HeartRateBpm>
              <Value>153</Value>
            </HeartRateBpm>
            <Extensions>
              <ns3:TPX>
                <ns3:Speed>3.3310000896453857</ns3:Speed>
                <ns3:RunCadence>86</ns3:RunCadence>
              </ns3:TPX>
            </Extensions>
          </Trackpoint>
          <Trackpoint>
            <Time>2026-01-10T09:55:21.000Z</Time>
            <Position>
              <LatitudeDegrees>38.908642306923866</LatitudeDegrees>
              <LongitudeDegrees>-6.333971545100212</LongitudeDegrees>
            </Position>
            <AltitudeMeters>225.8000030517578</AltitudeMeters>
            <DistanceMeters>3711.580078125</DistanceMeters>
            <HeartRateBpm>
              <Value>153</Value>
            </HeartRateBpm>
            <Extensions>
              <ns3:TPX>
                <ns3:Speed>3.312000036239624</ns3:Speed>
                <ns3:RunCadence>87</ns3:RunCadence>
              </ns3:TPX>
            </Extensions>
          </Trackpoint>
          <Trackpoint>
            <Time>2026-01-10T09:55:28.000Z</Time>
            <Position>
              <LatitudeDegrees>38.90853929333389</LatitudeDegrees>
              <LongitudeDegrees>-6.333752106875181</LongitudeDegrees>
            </Position>
            <AltitudeMeters>227.0</AltitudeMeters>
            <DistanceMeters>3734.010009765625</DistanceMeters>
            <HeartRateBpm>
              <Value>153</Value>
            </HeartRateBpm>
            <Extensions>
              <ns3:TPX>
                <ns3:Speed>3.2750000953674316</ns3:Speed>
                <ns3:RunCadence>86</ns3:RunCadence>
              </ns3:TPX>
            </Extensions>
          </Trackpoint>
          <Trackpoint>
            <Time>2026-01-10T09:55:34.000Z</Time>
            <Position>
              <LatitudeDegrees>38.90852755866945</LatitudeDegrees>
              <LongitudeDegrees>-6.333544319495559</LongitudeDegrees>
            </Position>
            <AltitudeMeters>227.0</AltitudeMeters>
            <DistanceMeters>3752.1201171875</DistanceMeters>
            <HeartRateBpm>
              <Value>153</Value>
            </HeartRateBpm>
            <Extensions>
              <ns3:TPX>
                <ns3:Speed>3.246999979019165</ns3:Speed>
                <ns3:RunCadence>85</ns3:RunCadence>
              </ns3:TPX>
            </Extensions>
          </Trackpoint>
          <Trackpoint>
            <Time>2026-01-10T09:55:40.000Z</Time>
            <Position>
              <LatitudeDegrees>38.908576592803</LatitudeDegrees>
              <LongitudeDegrees>-6.33333426900208</LongitudeDegrees>
            </Position>
            <AltitudeMeters>227.39999389648438</AltitudeMeters>
            <DistanceMeters>3771.25</DistanceMeters>
            <HeartRateBpm>
              <Value>152</Value>
            </HeartRateBpm>
            <Extensions>
              <ns3:TPX>
                <ns3:Speed>3.2190001010894775</ns3:Speed>
                <ns3:RunCadence>85</ns3:RunCadence>
              </ns3:TPX>
            </Extensions>
          </Trackpoint>
          <Trackpoint>
            <Time>2026-01-10T09:55:46.000Z</Time>
            <Position>
              <LatitudeDegrees>38.90868027694523</LatitudeDegrees>
              <LongitudeDegrees>-6.333158668130636</LongitudeDegrees>
            </Position>
            <AltitudeMeters>228.39999389648438</AltitudeMeters>
            <DistanceMeters>3790.699951171875</DistanceMeters>
            <HeartRateBpm>
              <Value>152</Value>
            </HeartRateBpm>
            <Extensions>
              <ns3:TPX>
                <ns3:Speed>3.2100000381469727</ns3:Speed>
                <ns3:RunCadence>86</ns3:RunCadence>
              </ns3:TPX>
            </Extensions>
          </Trackpoint>
          <Trackpoint>
            <Time>2026-01-10T09:55:52.000Z</Time>
            <Position>
              <LatitudeDegrees>38.90882880426943</LatitudeDegrees>
              <LongitudeDegrees>-6.333020199090242</LongitudeDegrees>
            </Position>
            <AltitudeMeters>228.60000610351562</AltitudeMeters>
            <DistanceMeters>3811.110107421875</DistanceMeters>
            <HeartRateBpm>
              <Value>151</Value>
            </HeartRateBpm>
            <Extensions>
              <ns3:TPX>
                <ns3:Speed>3.2100000381469727</ns3:Speed>
                <ns3:RunCadence>86</ns3:RunCadence>
              </ns3:TPX>
            </Extensions>
          </Trackpoint>
          <Trackpoint>
            <Time>2026-01-10T09:55:55.000Z</Time>
            <Position>
              <LatitudeDegrees>38.908892422914505</LatitudeDegrees>
              <LongitudeDegrees>-6.332947611808777</LongitudeDegrees>
            </Position>
            <AltitudeMeters>228.39999389648438</AltitudeMeters>
            <DistanceMeters>3820.570068359375</DistanceMeters>
            <HeartRateBpm>
              <Value>151</Value>
            </HeartRateBpm>
            <Extensions>
              <ns3:TPX>
                <ns3:Speed>3.2100000381469727</ns3:Speed>
                <ns3:RunCadence>86</ns3:RunCadence>
              </ns3:TPX>
            </Extensions>
          </Trackpoint>
          <Trackpoint>
            <Time>2026-01-10T09:56:02.000Z</Time>
            <Position>
              <LatitudeDegrees>38.90904690138996</LatitudeDegrees>
              <LongitudeDegrees>-6.332783494144678</LongitudeDegrees>
            </Position>
            <AltitudeMeters>227.8000030517578</AltitudeMeters>
            <DistanceMeters>3842.919921875</DistanceMeters>
            <HeartRateBpm>
              <Value>151</Value>
            </HeartRateBpm>
            <Extensions>
              <ns3:TPX>
                <ns3:Speed>3.200000047683716</ns3:Speed>
                <ns3:RunCadence>85</ns3:RunCadence>
              </ns3:TPX>
            </Extensions>
          </Trackpoint>
          <Trackpoint>
            <Time>2026-01-10T09:56:03.000Z</Time>
            <Position>
              <LatitudeDegrees>38.9090739749372</LatitudeDegrees>
              <LongitudeDegrees>-6.332762790843844</LongitudeDegrees>
            </Position>
            <AltitudeMeters>227.8000030517578</AltitudeMeters>
            <DistanceMeters>3846.419921875</DistanceMeters>
            <HeartRateBpm>
              <Value>151</Value>
            </HeartRateBpm>
            <Extensions>
              <ns3:TPX>
                <ns3:Speed>3.200000047683716</ns3:Speed>
                <ns3:RunCadence>85</ns3:RunCadence>
              </ns3:TPX>
            </Extensions>
          </Trackpoint>
          <Trackpoint>
            <Time>2026-01-10T09:56:09.000Z</Time>
            <Position>
              <LatitudeDegrees>38.90920934267342</LatitudeDegrees>
              <LongitudeDegrees>-6.332641588523984</LongitudeDegrees>
            </Position>
            <AltitudeMeters>227.1999969482422</AltitudeMeters>
            <DistanceMeters>3864.760009765625</DistanceMeters>
            <HeartRateBpm>
              <Value>152</Value>
            </HeartRateBpm>
            <Extensions>
              <ns3:TPX>
                <ns3:Speed>3.190999984741211</ns3:Speed>
                <ns3:RunCadence>86</ns3:RunCadence>
              </ns3:TPX>
            </Extensions>
          </Trackpoint>
          <Trackpoint>
            <Time>2026-01-10T09:56:14.000Z</Time>
            <Position>
              <LatitudeDegrees>38.90932903625071</LatitudeDegrees>
              <LongitudeDegrees>-6.332538826391101</LongitudeDegrees>
            </Position>
            <AltitudeMeters>226.8000030517578</AltitudeMeters>
            <DistanceMeters>3880.820068359375</DistanceMeters>
            <HeartRateBpm>
              <Value>153</Value>
            </HeartRateBpm>
            <Extensions>
              <ns3:TPX>
                <ns3:Speed>3.190999984741211</ns3:Speed>
                <ns3:RunCadence>85</ns3:RunCadence>
              </ns3:TPX>
            </Extensions>
          </Trackpoint>
          <Trackpoint>
            <Time>2026-01-10T09:56:20.000Z</Time>
            <Position>
              <LatitudeDegrees>38.909496422857046</LatitudeDegrees>
              <LongitudeDegrees>-6.332474537193775</LongitudeDegrees>
            </Position>
            <AltitudeMeters>226.1999969482422</AltitudeMeters>
            <DistanceMeters>3900.510009765625</DistanceMeters>
            <HeartRateBpm>
              <Value>154</Value>
            </HeartRateBpm>
            <Extensions>
              <ns3:TPX>
                <ns3:Speed>3.181999921798706</ns3:Speed>
                <ns3:RunCadence>85</ns3:RunCadence>
              </ns3:TPX>
            </Extensions>
          </Trackpoint>
          <Trackpoint>
            <Time>2026-01-10T09:56:26.000Z</Time>
            <Position>
              <LatitudeDegrees>38.90968233346939</LatitudeDegrees>
              <LongitudeDegrees>-6.332494402304292</LongitudeDegrees>
            </Position>
            <AltitudeMeters>225.39999389648438</AltitudeMeters>
            <DistanceMeters>3921.330078125</DistanceMeters>
            <HeartRateBpm>
              <Value>152</Value>
            </HeartRateBpm>
            <Extensions>
              <ns3:TPX>
                <ns3:Speed>3.190999984741211</ns3:Speed>
                <ns3:RunCadence>86</ns3:RunCadence>
              </ns3:TPX>
            </Extensions>
          </Trackpoint>
          <Trackpoint>
            <Time>2026-01-10T09:56:27.000Z</Time>
            <Position>
              <LatitudeDegrees>38.909712759777904</LatitudeDegrees>
              <LongitudeDegrees>-6.332511166110635</LongitudeDegrees>
            </Position>
            <AltitudeMeters>225.1999969482422</AltitudeMeters>
            <DistanceMeters>3925.0</DistanceMeters>
            <HeartRateBpm>
              <Value>152</Value>
            </HeartRateBpm>
            <Extensions>
              <ns3:TPX>
                <ns3:Speed>3.200000047683716</ns3:Speed>
                <ns3:RunCadence>86</ns3:RunCadence>
              </ns3:TPX>
            </Extensions>
          </Trackpoint>
          <Trackpoint>
            <Time>2026-01-10T09:56:34.000Z</Time>
            <Position>
              <LatitudeDegrees>38.90986363403499</LatitudeDegrees>
              <LongitudeDegrees>-6.332682240754366</LongitudeDegrees>
            </Position>
            <AltitudeMeters>224.0</AltitudeMeters>
            <DistanceMeters>3947.679931640625</DistanceMeters>
            <HeartRateBpm>
              <Value>152</Value>
            </HeartRateBpm>
            <Extensions>
              <ns3:TPX>
                <ns3:Speed>3.23799991607666</ns3:Speed>
                <ns3:RunCadence>86</ns3:RunCadence>
              </ns3:TPX>
            </Extensions>
          </Trackpoint>
          <Trackpoint>
            <Time>2026-01-10T09:56:41.000Z</Time>
            <Position>
              <LatitudeDegrees>38.90994284301996</LatitudeDegrees>
              <LongitudeDegrees>-6.332928249612451</LongitudeDegrees>
            </Position>
            <AltitudeMeters>224.0</AltitudeMeters>
            <DistanceMeters>3970.8701171875</DistanceMeters>
            <HeartRateBpm>
              <Value>151</Value>
            </HeartRateBpm>
            <Extensions>
              <ns3:TPX>
                <ns3:Speed>3.25600004196167</ns3:Speed>
                <ns3:RunCadence>86</ns3:RunCadence>
              </ns3:TPX>
            </Extensions>
          </Trackpoint>
          <Trackpoint>
            <Time>2026-01-10T09:56:42.000Z</Time>
            <Position>
              <LatitudeDegrees>38.90994845889509</LatitudeDegrees>
              <LongitudeDegrees>-6.332964962348342</LongitudeDegrees>
            </Position>
            <AltitudeMeters>224.1999969482422</AltitudeMeters>
            <DistanceMeters>3974.1201171875</DistanceMeters>
            <HeartRateBpm>
              <Value>154</Value>
            </HeartRateBpm>
            <Extensions>
              <ns3:TPX>
                <ns3:Speed>3.25600004196167</ns3:Speed>
                <ns3:RunCadence>86</ns3:RunCadence>
              </ns3:TPX>
            </Extensions>
          </Trackpoint>
          <Trackpoint>
            <Time>2026-01-10T09:56:43.000Z</Time>
            <Position>
              <LatitudeDegrees>38.90995164401829</LatitudeDegrees>
              <LongitudeDegrees>-6.333006201311946</LongitudeDegrees>
            </Position>
            <AltitudeMeters>224.39999389648438</AltitudeMeters>
            <DistanceMeters>3977.7099609375</DistanceMeters>
            <HeartRateBpm>
              <Value>151</Value>
            </HeartRateBpm>
            <Extensions>
              <ns3:TPX>
                <ns3:Speed>3.25600004196167</ns3:Speed>
                <ns3:RunCadence>86</ns3:RunCadence>
              </ns3:TPX>
            </Extensions>
          </Trackpoint>
          <Trackpoint>
            <Time>2026-01-10T09:56:48.000Z</Time>
            <Position>
              <LatitudeDegrees>38.90992859378457</LatitudeDegrees>
              <LongitudeDegrees>-6.333195716142654</LongitudeDegrees>
            </Position>
            <AltitudeMeters>225.0</AltitudeMeters>
            <DistanceMeters>3994.489990234375</DistanceMeters>
            <HeartRateBpm>
              <Value>151</Value>
            </HeartRateBpm>
            <Extensions>
              <ns3:TPX>
                <ns3:Speed>3.2660000324249268</ns3:Speed>
                <ns3:RunCadence>86</ns3:RunCadence>
              </ns3:TPX>
            </Extensions>
          </Trackpoint>
          <Trackpoint>
            <Time>2026-01-10T09:56:50.000Z</Time>
            <Position>
              <LatitudeDegrees>38.90990210697055</LatitudeDegrees>
              <LongitudeDegrees>-6.333271991461515</LongitudeDegrees>
            </Position>
            <AltitudeMeters>225.1999969482422</AltitudeMeters>
            <DistanceMeters>4001.739990234375</DistanceMeters>
            <HeartRateBpm>
              <Value>151</Value>
            </HeartRateBpm>
            <Extensions>
              <ns3:TPX>
                <ns3:Speed>3.2660000324249268</ns3:Speed>
                <ns3:RunCadence>86</ns3:RunCadence>
              </ns3:TPX>
            </Extensions>
          </Trackpoint>
        </Track>
        <Extensions>
          <ns3:LX>
            <ns3:AvgSpeed>3.2990000247955322</ns3:AvgSpeed>
            <ns3:AvgRunCadence>85</ns3:AvgRunCadence>
            <ns3:MaxRunCadence>88</ns3:MaxRunCadence>
          </ns3:LX>
        </Extensions>
      </Lap>
      <Lap StartTime="2026-01-10T09:56:51.000Z">
        <TotalTimeSeconds>299.545</TotalTimeSeconds>
        <DistanceMeters>1000.0</DistanceMeters>
        <MaximumSpeed>3.434000015258789</MaximumSpeed>
        <Calories>72</Calories>
        <AverageHeartRateBpm>
          <Value>155</Value>
        </AverageHeartRateBpm>
        <MaximumHeartRateBpm>
          <Value>159</Value>
        </MaximumHeartRateBpm>
        <Intensity>Active</Intensity>
        <TriggerMethod>Manual</TriggerMethod>
        <Track>
          <Trackpoint>
            <Time>2026-01-10T09:56:55.000Z</Time>
            <Position>
              <LatitudeDegrees>38.90979817137122</LatitudeDegrees>
              <LongitudeDegrees>-6.333427559584379</LongitudeDegrees>
            </Position>
            <AltitudeMeters>225.0</AltitudeMeters>
            <DistanceMeters>4019.580078125</DistanceMeters>
            <HeartRateBpm>
              <Value>152</Value>
            </HeartRateBpm>
            <Extensions>
              <ns3:TPX>
                <ns3:Speed>3.2839999198913574</ns3:Speed>
                <ns3:RunCadence>86</ns3:RunCadence>
              </ns3:TPX>
            </Extensions>
          </Trackpoint>
          <Trackpoint>
            <Time>2026-01-10T09:56:58.000Z</Time>
            <Position>
              <LatitudeDegrees>38.909725500270724</LatitudeDegrees>
              <LongitudeDegrees>-6.333505176007748</LongitudeDegrees>
            </Position>
            <AltitudeMeters>225.0</AltitudeMeters>
            <DistanceMeters>4030.090087890625</DistanceMeters>
            <HeartRateBpm>
              <Value>149</Value>
            </HeartRateBpm>
            <Extensions>
              <ns3:TPX>
                <ns3:Speed>3.2939999103546143</ns3:Speed>
                <ns3:RunCadence>85</ns3:RunCadence>
              </ns3:TPX>
            </Extensions>
          </Trackpoint>
          <Trackpoint>
            <Time>2026-01-10T09:56:59.000Z</Time>
            <Position>
              <LatitudeDegrees>38.9097008574754</LatitudeDegrees>
              <LongitudeDegrees>-6.333528142422438</LongitudeDegrees>
            </Position>
            <AltitudeMeters>225.0</AltitudeMeters>
            <DistanceMeters>4033.469970703125</DistanceMeters>
            <HeartRateBpm>
              <Value>152</Value>
            </HeartRateBpm>
            <Extensions>
              <ns3:TPX>
                <ns3:Speed>3.302999973297119</ns3:Speed>
                <ns3:RunCadence>85</ns3:RunCadence>
              </ns3:TPX>
            </Extensions>
          </Trackpoint>
          <Trackpoint>
            <Time>2026-01-10T09:57:05.000Z</Time>
            <Position>
              <LatitudeDegrees>38.909563310444355</LatitudeDegrees>
              <LongitudeDegrees>-6.333679938688874</LongitudeDegrees>
            </Position>
            <AltitudeMeters>224.60000610351562</AltitudeMeters>
            <DistanceMeters>4053.639892578125</DistanceMeters>
            <HeartRateBpm>
              <Value>153</Value>
            </HeartRateBpm>
            <Extensions>
              <ns3:TPX>
                <ns3:Speed>3.312000036239624</ns3:Speed>
                <ns3:RunCadence>85</ns3:RunCadence>
              </ns3:TPX>
            </Extensions>
          </Trackpoint>
          <Trackpoint>
            <Time>2026-01-10T09:57:06.000Z</Time>
            <Position>
              <LatitudeDegrees>38.909540344029665</LatitudeDegrees>
              <LongitudeDegrees>-6.333703910931945</LongitudeDegrees>
            </Position>
            <AltitudeMeters>224.39999389648438</AltitudeMeters>
            <DistanceMeters>4056.929931640625</DistanceMeters>
            <HeartRateBpm>
              <Value>153</Value>
            </HeartRateBpm>
            <Extensions>
              <ns3:TPX>
                <ns3:Speed>3.312000036239624</ns3:Speed>
                <ns3:RunCadence>85</ns3:RunCadence>
              </ns3:TPX>
            </Extensions>
          </Trackpoint>
          <Trackpoint>
            <Time>2026-01-10T09:57:12.000Z</Time>
            <Position>
              <LatitudeDegrees>38.909392319619656</LatitudeDegrees>
              <LongitudeDegrees>-6.333836931735277</LongitudeDegrees>
            </Position>
            <AltitudeMeters>223.39999389648438</AltitudeMeters>
            <DistanceMeters>4077.0</DistanceMeters>
            <HeartRateBpm>
              <Value>154</Value>
            </HeartRateBpm>
            <Extensions>
              <ns3:TPX>
                <ns3:Speed>3.302999973297119</ns3:Speed>
                <ns3:RunCadence>85</ns3:RunCadence>
              </ns3:TPX>
            </Extensions>
          </Trackpoint>
          <Trackpoint>
            <Time>2026-01-10T09:57:16.000Z</Time>
            <Position>
              <LatitudeDegrees>38.9092933293432</LatitudeDegrees>
              <LongitudeDegrees>-6.333932569250464</LongitudeDegrees>
            </Position>
            <AltitudeMeters>223.0</AltitudeMeters>
            <DistanceMeters>4090.77001953125</DistanceMeters>
            <HeartRateBpm>
              <Value>154</Value>
            </HeartRateBpm>
            <Extensions>
              <ns3:TPX>
                <ns3:Speed>3.312000036239624</ns3:Speed>
                <ns3:RunCadence>85</ns3:RunCadence>
              </ns3:TPX>
            </Extensions>
          </Trackpoint>
          <Trackpoint>
            <Time>2026-01-10T09:57:23.000Z</Time>
            <Position>
              <LatitudeDegrees>38.9091223385185</LatitudeDegrees>
              <LongitudeDegrees>-6.334080509841442</LongitudeDegrees>
            </Position>
            <AltitudeMeters>223.0</AltitudeMeters>
            <DistanceMeters>4113.81005859375</DistanceMeters>
            <HeartRateBpm>
              <Value>153</Value>
            </HeartRateBpm>
            <Extensions>
              <ns3:TPX>
                <ns3:Speed>3.322000026702881</ns3:Speed>
                <ns3:RunCadence>86</ns3:RunCadence>
              </ns3:TPX>
            </Extensions>
          </Trackpoint>
          <Trackpoint>
            <Time>2026-01-10T09:57:24.000Z</Time>
            <Position>
              <LatitudeDegrees>38.90909694135189</LatitudeDegrees>
              <LongitudeDegrees>-6.334095261991024</LongitudeDegrees>
            </Position>
            <AltitudeMeters>223.0</AltitudeMeters>
            <DistanceMeters>4116.89990234375</DistanceMeters>
            <HeartRateBpm>
              <Value>153</Value>
            </HeartRateBpm>
            <Extensions>
              <ns3:TPX>
                <ns3:Speed>3.322000026702881</ns3:Speed>
                <ns3:RunCadence>86</ns3:RunCadence>
              </ns3:TPX>
            </Extensions>
          </Trackpoint>
          <Trackpoint>
            <Time>2026-01-10T09:57:30.000Z</Time>
            <Position>
              <LatitudeDegrees>38.908919245004654</LatitudeDegrees>
              <LongitudeDegrees>-6.334135076031089</LongitudeDegrees>
            </Position>
            <AltitudeMeters>223.60000610351562</AltitudeMeters>
            <DistanceMeters>4137.08984375</DistanceMeters>
            <HeartRateBpm>
              <Value>153</Value>
            </HeartRateBpm>
            <Extensions>
              <ns3:TPX>
                <ns3:Speed>3.3310000896453857</ns3:Speed>
                <ns3:RunCadence>87</ns3:RunCadence>
              </ns3:TPX>
            </Extensions>
          </Trackpoint>
          <Trackpoint>
            <Time>2026-01-10T09:57:31.000Z</Time>
            <Position>
              <LatitudeDegrees>38.908888567239046</LatitudeDegrees>
              <LongitudeDegrees>-6.334129627794027</LongitudeDegrees>
            </Position>
            <AltitudeMeters>223.8000030517578</AltitudeMeters>
            <DistanceMeters>4140.52978515625</DistanceMeters>
            <HeartRateBpm>
              <Value>153</Value>
            </HeartRateBpm>
            <Extensions>
              <ns3:TPX>
                <ns3:Speed>3.3310000896453857</ns3:Speed>
                <ns3:RunCadence>87</ns3:RunCadence>
              </ns3:TPX>
            </Extensions>
          </Trackpoint>
          <Trackpoint>
            <Time>2026-01-10T09:57:37.000Z</Time>
            <Position>
              <LatitudeDegrees>38.908714558929205</LatitudeDegrees>
              <LongitudeDegrees>-6.334033822640777</LongitudeDegrees>
            </Position>
            <AltitudeMeters>225.39999389648438</AltitudeMeters>
            <DistanceMeters>4161.68994140625</DistanceMeters>
            <HeartRateBpm>
              <Value>153</Value>
            </HeartRateBpm>
            <Extensions>
              <ns3:TPX>
                <ns3:Speed>3.3310000896453857</ns3:Speed>
                <ns3:RunCadence>86</ns3:RunCadence>
              </ns3:TPX>
            </Extensions>
          </Trackpoint>
          <Trackpoint>
            <Time>2026-01-10T09:57:38.000Z</Time>
            <Position>
              <LatitudeDegrees>38.9086905028671</LatitudeDegrees>
              <LongitudeDegrees>-6.33400809019804</LongitudeDegrees>
            </Position>
            <AltitudeMeters>225.60000610351562</AltitudeMeters>
            <DistanceMeters>4165.18017578125</DistanceMeters>
            <HeartRateBpm>
              <Value>153</Value>
            </HeartRateBpm>
            <Extensions>
              <ns3:TPX>
                <ns3:Speed>3.3310000896453857</ns3:Speed>
                <ns3:RunCadence>86</ns3:RunCadence>
              </ns3:TPX>
            </Extensions>
          </Trackpoint>
          <Trackpoint>
            <Time>2026-01-10T09:57:44.000Z</Time>
            <Position>
              <LatitudeDegrees>38.908574329689145</LatitudeDegrees>
              <LongitudeDegrees>-6.333816396072507</LongitudeDegrees>
            </Position>
            <AltitudeMeters>226.60000610351562</AltitudeMeters>
            <DistanceMeters>4186.35009765625</DistanceMeters>
            <HeartRateBpm>
              <Value>153</Value>
            </HeartRateBpm>
            <Extensions>
              <ns3:TPX>
                <ns3:Speed>3.3499999046325684</ns3:Speed>
                <ns3:RunCadence>87</ns3:RunCadence>
              </ns3:TPX>
            </Extensions>
          </Trackpoint>
          <Trackpoint>
            <Time>2026-01-10T09:57:45.000Z</Time>
            <Position>
              <LatitudeDegrees>38.90856049954891</LatitudeDegrees>
              <LongitudeDegrees>-6.333779850974679</LongitudeDegrees>
            </Position>
            <AltitudeMeters>226.8000030517578</AltitudeMeters>
            <DistanceMeters>4189.85986328125</DistanceMeters>
            <HeartRateBpm>
              <Value>153</Value>
            </HeartRateBpm>
            <Extensions>
              <ns3:TPX>
                <ns3:Speed>3.3499999046325684</ns3:Speed>
                <ns3:RunCadence>87</ns3:RunCadence>
              </ns3:TPX>
            </Extensions>
          </Trackpoint>
          <Trackpoint>
            <Time>2026-01-10T09:57:51.000Z</Time>
            <Position>
              <LatitudeDegrees>38.90852797776461</LatitudeDegrees>
              <LongitudeDegrees>-6.333548175171018</LongitudeDegrees>
            </Position>
            <AltitudeMeters>227.0</AltitudeMeters>
            <DistanceMeters>4210.43017578125</DistanceMeters>
            <HeartRateBpm>
              <Value>155</Value>
            </HeartRateBpm>
            <Extensions>
              <ns3:TPX>
                <ns3:Speed>3.3589999675750732</ns3:Speed>
                <ns3:RunCadence>86</ns3:RunCadence>
              </ns3:TPX>
            </Extensions>
          </Trackpoint>
          <Trackpoint>
            <Time>2026-01-10T09:57:57.000Z</Time>
            <Position>
              <LatitudeDegrees>38.90858581289649</LatitudeDegrees>
              <LongitudeDegrees>-6.333326641470194</LongitudeDegrees>
            </Position>
            <AltitudeMeters>227.60000610351562</AltitudeMeters>
            <DistanceMeters>4230.91015625</DistanceMeters>
            <HeartRateBpm>
              <Value>155</Value>
            </HeartRateBpm>
            <Extensions>
              <ns3:TPX>
                <ns3:Speed>3.368000030517578</ns3:Speed>
                <ns3:RunCadence>85</ns3:RunCadence>
              </ns3:TPX>
            </Extensions>
          </Trackpoint>
          <Trackpoint>
            <Time>2026-01-10T09:58:01.000Z</Time>
            <Position>
              <LatitudeDegrees>38.90865320339799</LatitudeDegrees>
              <LongitudeDegrees>-6.333195213228464</LongitudeDegrees>
            </Position>
            <AltitudeMeters>228.0</AltitudeMeters>
            <DistanceMeters>4244.5400390625</DistanceMeters>
            <HeartRateBpm>
              <Value>152</Value>
            </HeartRateBpm>
            <Extensions>
              <ns3:TPX>
                <ns3:Speed>3.368000030517578</ns3:Speed>
                <ns3:RunCadence>85</ns3:RunCadence>
              </ns3:TPX>
            </Extensions>
          </Trackpoint>
          <Trackpoint>
            <Time>2026-01-10T09:58:04.000Z</Time>
            <Position>
              <LatitudeDegrees>38.90872319228947</LatitudeDegrees>
              <LongitudeDegrees>-6.333117010071874</LongitudeDegrees>
            </Position>
            <AltitudeMeters>228.60000610351562</AltitudeMeters>
            <DistanceMeters>4254.8701171875</DistanceMeters>
            <HeartRateBpm>
              <Value>155</Value>
            </HeartRateBpm>
            <Extensions>
              <ns3:TPX>
                <ns3:Speed>3.378000020980835</ns3:Speed>
                <ns3:RunCadence>85</ns3:RunCadence>
              </ns3:TPX>
            </Extensions>
          </Trackpoint>
          <Trackpoint>
            <Time>2026-01-10T09:58:11.000Z</Time>
            <Position>
              <LatitudeDegrees>38.908884543925524</LatitudeDegrees>
              <LongitudeDegrees>-6.332957418635488</LongitudeDegrees>
            </Position>
            <AltitudeMeters>228.39999389648438</AltitudeMeters>
            <DistanceMeters>4277.52001953125</DistanceMeters>
            <HeartRateBpm>
              <Value>155</Value>
            </HeartRateBpm>
            <Extensions>
              <ns3:TPX>
                <ns3:Speed>3.378000020980835</ns3:Speed>
                <ns3:RunCadence>85</ns3:RunCadence>
              </ns3:TPX>
            </Extensions>
          </Trackpoint>
          <Trackpoint>
            <Time>2026-01-10T09:58:12.000Z</Time>
            <Position>
              <LatitudeDegrees>38.908910024911165</LatitudeDegrees>
              <LongitudeDegrees>-6.332934033125639</LongitudeDegrees>
            </Position>
            <AltitudeMeters>228.39999389648438</AltitudeMeters>
            <DistanceMeters>4281.009765625</DistanceMeters>
            <HeartRateBpm>
              <Value>155</Value>
            </HeartRateBpm>
            <Extensions>
              <ns3:TPX>
                <ns3:Speed>3.378000020980835</ns3:Speed>
                <ns3:RunCadence>84</ns3:RunCadence>
              </ns3:TPX>
            </Extensions>
          </Trackpoint>
          <Trackpoint>
            <Time>2026-01-10T09:58:18.000Z</Time>
            <Position>
              <LatitudeDegrees>38.90905000269413</LatitudeDegrees>
              <LongitudeDegrees>-6.3327766209840775</LongitudeDegrees>
            </Position>
            <AltitudeMeters>227.8000030517578</AltitudeMeters>
            <DistanceMeters>4301.68994140625</DistanceMeters>
            <HeartRateBpm>
              <Value>156</Value>
            </HeartRateBpm>
            <Extensions>
              <ns3:TPX>
                <ns3:Speed>3.378000020980835</ns3:Speed>
                <ns3:RunCadence>85</ns3:RunCadence>
              </ns3:TPX>
            </Extensions>
          </Trackpoint>
          <Trackpoint>
            <Time>2026-01-10T09:58:20.000Z</Time>
            <Position>
              <LatitudeDegrees>38.90910440124571</LatitudeDegrees>
              <LongitudeDegrees>-6.332725742831826</LongitudeDegrees>
            </Position>
            <AltitudeMeters>227.60000610351562</AltitudeMeters>
            <DistanceMeters>4309.16015625</DistanceMeters>
            <HeartRateBpm>
              <Value>155</Value>
            </HeartRateBpm>
            <Extensions>
              <ns3:TPX>
                <ns3:Speed>3.378000020980835</ns3:Speed>
                <ns3:RunCadence>85</ns3:RunCadence>
              </ns3:TPX>
            </Extensions>
          </Trackpoint>
          <Trackpoint>
            <Time>2026-01-10T09:58:26.000Z</Time>
            <Position>
              <LatitudeDegrees>38.909255443140864</LatitudeDegrees>
              <LongitudeDegrees>-6.332578472793102</LongitudeDegrees>
            </Position>
            <AltitudeMeters>227.0</AltitudeMeters>
            <DistanceMeters>4330.22998046875</DistanceMeters>
            <HeartRateBpm>
              <Value>155</Value>
            </HeartRateBpm>
            <Extensions>
              <ns3:TPX>
                <ns3:Speed>3.3959999084472656</ns3:Speed>
                <ns3:RunCadence>83</ns3:RunCadence>
              </ns3:TPX>
            </Extensions>
          </Trackpoint>
          <Trackpoint>
            <Time>2026-01-10T09:58:27.000Z</Time>
            <Position>
              <LatitudeDegrees>38.90928260050714</LatitudeDegrees>
              <LongitudeDegrees>-6.332557098940015</LongitudeDegrees>
            </Position>
            <AltitudeMeters>227.0</AltitudeMeters>
            <DistanceMeters>4333.759765625</DistanceMeters>
            <HeartRateBpm>
              <Value>155</Value>
            </HeartRateBpm>
            <Extensions>
              <ns3:TPX>
                <ns3:Speed>3.4059998989105225</ns3:Speed>
                <ns3:RunCadence>83</ns3:RunCadence>
              </ns3:TPX>
            </Extensions>
          </Trackpoint>
          <Trackpoint>
            <Time>2026-01-10T09:58:33.000Z</Time>
            <Position>
              <LatitudeDegrees>38.90944981947541</LatitudeDegrees>
              <LongitudeDegrees>-6.332470178604126</LongitudeDegrees>
            </Position>
            <AltitudeMeters>226.39999389648438</AltitudeMeters>
            <DistanceMeters>4353.93017578125</DistanceMeters>
            <HeartRateBpm>
              <Value>155</Value>
            </HeartRateBpm>
            <Extensions>
              <ns3:TPX>
                <ns3:Speed>3.4149999618530273</ns3:Speed>
                <ns3:RunCadence>84</ns3:RunCadence>
              </ns3:TPX>
            </Extensions>
          </Trackpoint>
          <Trackpoint>
            <Time>2026-01-10T09:58:34.000Z</Time>
            <Position>
              <LatitudeDegrees>38.90947856940329</LatitudeDegrees>
              <LongitudeDegrees>-6.3324647303670645</LongitudeDegrees>
            </Position>
            <AltitudeMeters>226.1999969482422</AltitudeMeters>
            <DistanceMeters>4357.14990234375</DistanceMeters>
            <HeartRateBpm>
              <Value>153</Value>
            </HeartRateBpm>
            <Extensions>
              <ns3:TPX>
                <ns3:Speed>3.4149999618530273</ns3:Speed>
                <ns3:RunCadence>85</ns3:RunCadence>
              </ns3:TPX>
            </Extensions>
          </Trackpoint>
          <Trackpoint>
            <Time>2026-01-10T09:58:40.000Z</Time>
            <Position>
              <LatitudeDegrees>38.90966825187206</LatitudeDegrees>
              <LongitudeDegrees>-6.332493480294943</LongitudeDegrees>
            </Position>
            <AltitudeMeters>225.39999389648438</AltitudeMeters>
            <DistanceMeters>4378.490234375</DistanceMeters>
            <HeartRateBpm>
              <Value>156</Value>
            </HeartRateBpm>
            <Extensions>
              <ns3:TPX>
                <ns3:Speed>3.4240000247955322</ns3:Speed>
                <ns3:RunCadence>85</ns3:RunCadence>
              </ns3:TPX>
            </Extensions>
          </Trackpoint>
          <Trackpoint>
            <Time>2026-01-10T09:58:41.000Z</Time>
            <Position>
              <LatitudeDegrees>38.90969591215253</LatitudeDegrees>
              <LongitudeDegrees>-6.332508064806461</LongitudeDegrees>
            </Position>
            <AltitudeMeters>225.39999389648438</AltitudeMeters>
            <DistanceMeters>4381.81982421875</DistanceMeters>
            <HeartRateBpm>
              <Value>156</Value>
            </HeartRateBpm>
            <Extensions>
              <ns3:TPX>
                <ns3:Speed>3.4240000247955322</ns3:Speed>
                <ns3:RunCadence>85</ns3:RunCadence>
              </ns3:TPX>
            </Extensions>
          </Trackpoint>
          <Trackpoint>
            <Time>2026-01-10T09:58:47.000Z</Time>
            <Position>
              <LatitudeDegrees>38.909840416163206</LatitudeDegrees>
              <LongitudeDegrees>-6.332646030932665</LongitudeDegrees>
            </Position>
            <AltitudeMeters>224.1999969482422</AltitudeMeters>
            <DistanceMeters>4402.0400390625</DistanceMeters>
            <HeartRateBpm>
              <Value>158</Value>
            </HeartRateBpm>
            <Extensions>
              <ns3:TPX>
                <ns3:Speed>3.434000015258789</ns3:Speed>
                <ns3:RunCadence>86</ns3:RunCadence>
              </ns3:TPX>
            </Extensions>
          </Trackpoint>
          <Trackpoint>
            <Time>2026-01-10T09:58:48.000Z</Time>
            <Position>
              <LatitudeDegrees>38.90985826961696</LatitudeDegrees>
              <LongitudeDegrees>-6.332676373422146</LongitudeDegrees>
            </Position>
            <AltitudeMeters>224.1999969482422</AltitudeMeters>
            <DistanceMeters>4405.33984375</DistanceMeters>
            <HeartRateBpm>
              <Value>158</Value>
            </HeartRateBpm>
            <Extensions>
              <ns3:TPX>
                <ns3:Speed>3.434000015258789</ns3:Speed>
                <ns3:RunCadence>86</ns3:RunCadence>
              </ns3:TPX>
            </Extensions>
          </Trackpoint>
          <Trackpoint>
            <Time>2026-01-10T09:58:55.000Z</Time>
            <Position>
              <LatitudeDegrees>38.90994384884834</LatitudeDegrees>
              <LongitudeDegrees>-6.332916850224137</LongitudeDegrees>
            </Position>
            <AltitudeMeters>224.0</AltitudeMeters>
            <DistanceMeters>4428.5</DistanceMeters>
            <HeartRateBpm>
              <Value>155</Value>
            </HeartRateBpm>
            <Extensions>
              <ns3:TPX>
                <ns3:Speed>3.4240000247955322</ns3:Speed>
                <ns3:RunCadence>86</ns3:RunCadence>
              </ns3:TPX>
            </Extensions>
          </Trackpoint>
          <Trackpoint>
            <Time>2026-01-10T09:59:01.000Z</Time>
            <Position>
              <LatitudeDegrees>38.90993781387806</LatitudeDegrees>
              <LongitudeDegrees>-6.333143915981054</LongitudeDegrees>
            </Position>
            <AltitudeMeters>224.8000030517578</AltitudeMeters>
            <DistanceMeters>4448.39990234375</DistanceMeters>
            <HeartRateBpm>
              <Value>155</Value>
            </HeartRateBpm>
            <Extensions>
              <ns3:TPX>
                <ns3:Speed>3.4149999618530273</ns3:Speed>
                <ns3:RunCadence>86</ns3:RunCadence>
              </ns3:TPX>
            </Extensions>
          </Trackpoint>
          <Trackpoint>
            <Time>2026-01-10T09:59:07.000Z</Time>
            <Position>
              <LatitudeDegrees>38.909873105585575</LatitudeDegrees>
              <LongitudeDegrees>-6.33334307000041</LongitudeDegrees>
            </Position>
            <AltitudeMeters>225.1999969482422</AltitudeMeters>
            <DistanceMeters>4467.31005859375</DistanceMeters>
            <HeartRateBpm>
              <Value>156</Value>
            </HeartRateBpm>
            <Extensions>
              <ns3:TPX>
                <ns3:Speed>3.4059998989105225</ns3:Speed>
                <ns3:RunCadence>85</ns3:RunCadence>
              </ns3:TPX>
            </Extensions>
          </Trackpoint>
          <Trackpoint>
            <Time>2026-01-10T09:59:14.000Z</Time>
            <Position>
              <LatitudeDegrees>38.90971686691046</LatitudeDegrees>
              <LongitudeDegrees>-6.33351749740541</LongitudeDegrees>
            </Position>
            <AltitudeMeters>225.0</AltitudeMeters>
            <DistanceMeters>4490.3798828125</DistanceMeters>
            <HeartRateBpm>
              <Value>155</Value>
            </HeartRateBpm>
            <Extensions>
              <ns3:TPX>
                <ns3:Speed>3.378000020980835</ns3:Speed>
                <ns3:RunCadence>85</ns3:RunCadence>
              </ns3:TPX>
            </Extensions>
          </Trackpoint>
          <Trackpoint>
            <Time>2026-01-10T09:59:21.000Z</Time>
            <Position>
              <LatitudeDegrees>38.909553084522486</LatitudeDegrees>
              <LongitudeDegrees>-6.333676166832447</LongitudeDegrees>
            </Position>
            <AltitudeMeters>224.60000610351562</AltitudeMeters>
            <DistanceMeters>4513.18017578125</DistanceMeters>
            <HeartRateBpm>
              <Value>156</Value>
            </HeartRateBpm>
            <Extensions>
              <ns3:TPX>
                <ns3:Speed>3.3589999675750732</ns3:Speed>
                <ns3:RunCadence>85</ns3:RunCadence>
              </ns3:TPX>
            </Extensions>
          </Trackpoint>
          <Trackpoint>
            <Time>2026-01-10T09:59:23.000Z</Time>
            <Position>
              <LatitudeDegrees>38.90950622968376</LatitudeDegrees>
              <LongitudeDegrees>-6.333725284785032</LongitudeDegrees>
            </Position>
            <AltitudeMeters>224.1999969482422</AltitudeMeters>
            <DistanceMeters>4519.91015625</DistanceMeters>
            <HeartRateBpm>
              <Value>156</Value>
            </HeartRateBpm>
            <Extensions>
              <ns3:TPX>
                <ns3:Speed>3.3499999046325684</ns3:Speed>
                <ns3:RunCadence>85</ns3:RunCadence>
              </ns3:TPX>
            </Extensions>
          </Trackpoint>
          <Trackpoint>
            <Time>2026-01-10T09:59:30.000Z</Time>
            <Position>
              <LatitudeDegrees>38.9093451295048</LatitudeDegrees>
              <LongitudeDegrees>-6.333892922848463</LongitudeDegrees>
            </Position>
            <AltitudeMeters>223.1999969482422</AltitudeMeters>
            <DistanceMeters>4542.9501953125</DistanceMeters>
            <HeartRateBpm>
              <Value>155</Value>
            </HeartRateBpm>
            <Extensions>
              <ns3:TPX>
                <ns3:Speed>3.3310000896453857</ns3:Speed>
                <ns3:RunCadence>86</ns3:RunCadence>
              </ns3:TPX>
            </Extensions>
          </Trackpoint>
          <Trackpoint>
            <Time>2026-01-10T09:59:35.000Z</Time>
            <Position>
              <LatitudeDegrees>38.90922644175589</LatitudeDegrees>
              <LongitudeDegrees>-6.334011359140277</LongitudeDegrees>
            </Position>
            <AltitudeMeters>223.0</AltitudeMeters>
            <DistanceMeters>4559.64990234375</DistanceMeters>
            <HeartRateBpm>
              <Value>155</Value>
            </HeartRateBpm>
            <Extensions>
              <ns3:TPX>
                <ns3:Speed>3.322000026702881</ns3:Speed>
                <ns3:RunCadence>86</ns3:RunCadence>
              </ns3:TPX>
            </Extensions>
          </Trackpoint>
          <Trackpoint>
            <Time>2026-01-10T09:59:41.000Z</Time>
            <Position>
              <LatitudeDegrees>38.90906819142401</LatitudeDegrees>
              <LongitudeDegrees>-6.334107331931591</LongitudeDegrees>
            </Position>
            <AltitudeMeters>223.0</AltitudeMeters>
            <DistanceMeters>4579.2900390625</DistanceMeters>
            <HeartRateBpm>
              <Value>155</Value>
            </HeartRateBpm>
            <Extensions>
              <ns3:TPX>
                <ns3:Speed>3.322000026702881</ns3:Speed>
                <ns3:RunCadence>86</ns3:RunCadence>
              </ns3:TPX>
            </Extensions>
          </Trackpoint>
          <Trackpoint>
            <Time>2026-01-10T09:59:47.000Z</Time>
            <Position>
              <LatitudeDegrees>38.90888865105808</LatitudeDegrees>
              <LongitudeDegrees>-6.334114288911223</LongitudeDegrees>
            </Position>
            <AltitudeMeters>223.8000030517578</AltitudeMeters>
            <DistanceMeters>4599.27001953125</DistanceMeters>
            <HeartRateBpm>
              <Value>155</Value>
            </HeartRateBpm>
            <Extensions>
              <ns3:TPX>
                <ns3:Speed>3.312000036239624</ns3:Speed>
                <ns3:RunCadence>85</ns3:RunCadence>
              </ns3:TPX>
            </Extensions>
          </Trackpoint>
          <Trackpoint>
            <Time>2026-01-10T09:59:53.000Z</Time>
            <Position>
              <LatitudeDegrees>38.90872034244239</LatitudeDegrees>
              <LongitudeDegrees>-6.3340329844504595</LongitudeDegrees>
            </Position>
            <AltitudeMeters>225.39999389648438</AltitudeMeters>
            <DistanceMeters>4619.33984375</DistanceMeters>
            <HeartRateBpm>
              <Value>156</Value>
            </HeartRateBpm>
            <Extensions>
              <ns3:TPX>
                <ns3:Speed>3.312000036239624</ns3:Speed>
                <ns3:RunCadence>84</ns3:RunCadence>
              </ns3:TPX>
            </Extensions>
          </Trackpoint>
          <Trackpoint>
            <Time>2026-01-10T09:59:54.000Z</Time>
            <Position>
              <LatitudeDegrees>38.9086957834661</LatitudeDegrees>
              <LongitudeDegrees>-6.334009682759643</LongitudeDegrees>
            </Position>
            <AltitudeMeters>225.60000610351562</AltitudeMeters>
            <DistanceMeters>4622.72998046875</DistanceMeters>
            <HeartRateBpm>
              <Value>155</Value>
            </HeartRateBpm>
            <Extensions>
              <ns3:TPX>
                <ns3:Speed>3.312000036239624</ns3:Speed>
                <ns3:RunCadence>84</ns3:RunCadence>
              </ns3:TPX>
            </Extensions>
          </Trackpoint>
          <Trackpoint>
            <Time>2026-01-10T10:00:00.000Z</Time>
            <Position>
              <LatitudeDegrees>38.90857810154557</LatitudeDegrees>
              <LongitudeDegrees>-6.33383072912693</LongitudeDegrees>
            </Position>
            <AltitudeMeters>226.60000610351562</AltitudeMeters>
            <DistanceMeters>4643.1298828125</DistanceMeters>
            <HeartRateBpm>
              <Value>156</Value>
            </HeartRateBpm>
            <Extensions>
              <ns3:TPX>
                <ns3:Speed>3.312000036239624</ns3:Speed>
                <ns3:RunCadence>85</ns3:RunCadence>
              </ns3:TPX>
            </Extensions>
          </Trackpoint>
          <Trackpoint>
            <Time>2026-01-10T10:00:01.000Z</Time>
            <Position>
              <LatitudeDegrees>38.9085644390434</LatitudeDegrees>
              <LongitudeDegrees>-6.333797788247466</LongitudeDegrees>
            </Position>
            <AltitudeMeters>226.8000030517578</AltitudeMeters>
            <DistanceMeters>4646.3701171875</DistanceMeters>
            <HeartRateBpm>
              <Value>156</Value>
            </HeartRateBpm>
            <Extensions>
              <ns3:TPX>
                <ns3:Speed>3.312000036239624</ns3:Speed>
                <ns3:RunCadence>85</ns3:RunCadence>
              </ns3:TPX>
            </Extensions>
          </Trackpoint>
          <Trackpoint>
            <Time>2026-01-10T10:00:08.000Z</Time>
            <Position>
              <LatitudeDegrees>38.90852118842304</LatitudeDegrees>
              <LongitudeDegrees>-6.3335467502474785</LongitudeDegrees>
            </Position>
            <AltitudeMeters>227.0</AltitudeMeters>
            <DistanceMeters>4668.8701171875</DistanceMeters>
            <HeartRateBpm>
              <Value>156</Value>
            </HeartRateBpm>
            <Extensions>
              <ns3:TPX>
                <ns3:Speed>3.302999973297119</ns3:Speed>
                <ns3:RunCadence>86</ns3:RunCadence>
              </ns3:TPX>
            </Extensions>
          </Trackpoint>
          <Trackpoint>
            <Time>2026-01-10T10:00:14.000Z</Time>
            <Position>
              <LatitudeDegrees>38.908572401851416</LatitudeDegrees>
              <LongitudeDegrees>-6.333325132727623</LongitudeDegrees>
            </Position>
            <AltitudeMeters>227.39999389648438</AltitudeMeters>
            <DistanceMeters>4689.02978515625</DistanceMeters>
            <HeartRateBpm>
              <Value>155</Value>
            </HeartRateBpm>
            <Extensions>
              <ns3:TPX>
                <ns3:Speed>3.2939999103546143</ns3:Speed>
                <ns3:RunCadence>86</ns3:RunCadence>
              </ns3:TPX>
            </Extensions>
          </Trackpoint>
          <Trackpoint>
            <Time>2026-01-10T10:00:21.000Z</Time>
            <Position>
              <LatitudeDegrees>38.90869997441769</LatitudeDegrees>
              <LongitudeDegrees>-6.333122290670872</LongitudeDegrees>
            </Position>
            <AltitudeMeters>228.60000610351562</AltitudeMeters>
            <DistanceMeters>4711.740234375</DistanceMeters>
            <HeartRateBpm>
              <Value>155</Value>
            </HeartRateBpm>
            <Extensions>
              <ns3:TPX>
                <ns3:Speed>3.302999973297119</ns3:Speed>
                <ns3:RunCadence>84</ns3:RunCadence>
              </ns3:TPX>
            </Extensions>
          </Trackpoint>
          <Trackpoint>
            <Time>2026-01-10T10:00:28.000Z</Time>
            <Position>
              <LatitudeDegrees>38.90886191278696</LatitudeDegrees>
              <LongitudeDegrees>-6.332959346473217</LongitudeDegrees>
            </Position>
            <AltitudeMeters>228.60000610351562</AltitudeMeters>
            <DistanceMeters>4734.60009765625</DistanceMeters>
            <HeartRateBpm>
              <Value>156</Value>
            </HeartRateBpm>
            <Extensions>
              <ns3:TPX>
                <ns3:Speed>3.302999973297119</ns3:Speed>
                <ns3:RunCadence>84</ns3:RunCadence>
              </ns3:TPX>
            </Extensions>
          </Trackpoint>
          <Trackpoint>
            <Time>2026-01-10T10:00:31.000Z</Time>
            <Position>
              <LatitudeDegrees>38.908934500068426</LatitudeDegrees>
              <LongitudeDegrees>-6.332894554361701</LongitudeDegrees>
            </Position>
            <AltitudeMeters>228.1999969482422</AltitudeMeters>
            <DistanceMeters>4744.419921875</DistanceMeters>
            <HeartRateBpm>
              <Value>156</Value>
            </HeartRateBpm>
            <Extensions>
              <ns3:TPX>
                <ns3:Speed>3.302999973297119</ns3:Speed>
                <ns3:RunCadence>85</ns3:RunCadence>
              </ns3:TPX>
            </Extensions>
          </Trackpoint>
          <Trackpoint>
            <Time>2026-01-10T10:00:37.000Z</Time>
            <Position>
              <LatitudeDegrees>38.90907975845039</LatitudeDegrees>
              <LongitudeDegrees>-6.332750804722309</LongitudeDegrees>
            </Position>
            <AltitudeMeters>227.8000030517578</AltitudeMeters>
            <DistanceMeters>4764.7998046875</DistanceMeters>
            <HeartRateBpm>
              <Value>156</Value>
            </HeartRateBpm>
            <Extensions>
              <ns3:TPX>
                <ns3:Speed>3.302999973297119</ns3:Speed>
                <ns3:RunCadence>84</ns3:RunCadence>
              </ns3:TPX>
            </Extensions>
          </Trackpoint>
          <Trackpoint>
            <Time>2026-01-10T10:00:39.000Z</Time>
            <Position>
              <LatitudeDegrees>38.90912963077426</LatitudeDegrees>
              <LongitudeDegrees>-6.332703782245517</LongitudeDegrees>
            </Position>
            <AltitudeMeters>227.60000610351562</AltitudeMeters>
            <DistanceMeters>4771.66015625</DistanceMeters>
            <HeartRateBpm>
              <Value>155</Value>
            </HeartRateBpm>
            <Extensions>
              <ns3:TPX>
                <ns3:Speed>3.312000036239624</ns3:Speed>
                <ns3:RunCadence>85</ns3:RunCadence>
              </ns3:TPX>
            </Extensions>
          </Trackpoint>
          <Trackpoint>
            <Time>2026-01-10T10:00:45.000Z</Time>
            <Position>
              <LatitudeDegrees>38.90927321277559</LatitudeDegrees>
              <LongitudeDegrees>-6.33255978114903</LongitudeDegrees>
            </Position>
            <AltitudeMeters>227.0</AltitudeMeters>
            <DistanceMeters>4791.919921875</DistanceMeters>
            <HeartRateBpm>
              <Value>155</Value>
            </HeartRateBpm>
            <Extensions>
              <ns3:TPX>
                <ns3:Speed>3.322000026702881</ns3:Speed>
                <ns3:RunCadence>85</ns3:RunCadence>
              </ns3:TPX>
            </Extensions>
          </Trackpoint>
          <Trackpoint>
            <Time>2026-01-10T10:00:46.000Z</Time>
            <Position>
              <LatitudeDegrees>38.90929718501866</LatitudeDegrees>
              <LongitudeDegrees>-6.332539496943355</LongitudeDegrees>
            </Position>
            <AltitudeMeters>227.0</AltitudeMeters>
            <DistanceMeters>4795.10986328125</DistanceMeters>
            <HeartRateBpm>
              <Value>155</Value>
            </HeartRateBpm>
            <Extensions>
              <ns3:TPX>
                <ns3:Speed>3.322000026702881</ns3:Speed>
                <ns3:RunCadence>85</ns3:RunCadence>
              </ns3:TPX>
            </Extensions>
          </Trackpoint>
          <Trackpoint>
            <Time>2026-01-10T10:00:53.000Z</Time>
            <Position>
              <LatitudeDegrees>38.9094902202487</LatitudeDegrees>
              <LongitudeDegrees>-6.332461712881923</LongitudeDegrees>
            </Position>
            <AltitudeMeters>226.1999969482422</AltitudeMeters>
            <DistanceMeters>4817.72021484375</DistanceMeters>
            <HeartRateBpm>
              <Value>155</Value>
            </HeartRateBpm>
            <Extensions>
              <ns3:TPX>
                <ns3:Speed>3.322000026702881</ns3:Speed>
                <ns3:RunCadence>86</ns3:RunCadence>
              </ns3:TPX>
            </Extensions>
          </Trackpoint>
          <Trackpoint>
            <Time>2026-01-10T10:00:56.000Z</Time>
            <Position>
              <LatitudeDegrees>38.909587701782584</LatitudeDegrees>
              <LongitudeDegrees>-6.332475459203124</LongitudeDegrees>
            </Position>
            <AltitudeMeters>225.8000030517578</AltitudeMeters>
            <DistanceMeters>4828.6298828125</DistanceMeters>
            <HeartRateBpm>
              <Value>159</Value>
            </HeartRateBpm>
            <Extensions>
              <ns3:TPX>
                <ns3:Speed>3.312000036239624</ns3:Speed>
                <ns3:RunCadence>86</ns3:RunCadence>
              </ns3:TPX>
            </Extensions>
          </Trackpoint>
          <Trackpoint>
            <Time>2026-01-10T10:00:57.000Z</Time>
            <Position>
              <LatitudeDegrees>38.90961745753884</LatitudeDegrees>
              <LongitudeDegrees>-6.332482835277915</LongitudeDegrees>
            </Position>
            <AltitudeMeters>225.60000610351562</AltitudeMeters>
            <DistanceMeters>4831.990234375</DistanceMeters>
            <HeartRateBpm>
              <Value>155</Value>
            </HeartRateBpm>
            <Extensions>
              <ns3:TPX>
                <ns3:Speed>3.312000036239624</ns3:Speed>
                <ns3:RunCadence>86</ns3:RunCadence>
              </ns3:TPX>
            </Extensions>
          </Trackpoint>
          <Trackpoint>
            <Time>2026-01-10T10:01:00.000Z</Time>
            <Position>
              <LatitudeDegrees>38.90970362350345</LatitudeDegrees>
              <LongitudeDegrees>-6.3325215596705675</LongitudeDegrees>
            </Position>
            <AltitudeMeters>225.1999969482422</AltitudeMeters>
            <DistanceMeters>4842.14990234375</DistanceMeters>
            <HeartRateBpm>
              <Value>155</Value>
            </HeartRateBpm>
            <Extensions>
              <ns3:TPX>
                <ns3:Speed>3.312000036239624</ns3:Speed>
                <ns3:RunCadence>86</ns3:RunCadence>
              </ns3:TPX>
            </Extensions>
          </Trackpoint>
          <Trackpoint>
            <Time>2026-01-10T10:01:07.000Z</Time>
            <Position>
              <LatitudeDegrees>38.90985927544534</LatitudeDegrees>
              <LongitudeDegrees>-6.332689533010125</LongitudeDegrees>
            </Position>
            <AltitudeMeters>224.0</AltitudeMeters>
            <DistanceMeters>4864.919921875</DistanceMeters>
            <HeartRateBpm>
              <Value>156</Value>
            </HeartRateBpm>
            <Extensions>
              <ns3:TPX>
                <ns3:Speed>3.3310000896453857</ns3:Speed>
                <ns3:RunCadence>85</ns3:RunCadence>
              </ns3:TPX>
            </Extensions>
          </Trackpoint>
          <Trackpoint>
            <Time>2026-01-10T10:01:14.000Z</Time>
            <Position>
              <LatitudeDegrees>38.90993345528841</LatitudeDegrees>
              <LongitudeDegrees>-6.33291894569993</LongitudeDegrees>
            </Position>
            <AltitudeMeters>224.0</AltitudeMeters>
            <DistanceMeters>4886.7099609375</DistanceMeters>
            <HeartRateBpm>
              <Value>156</Value>
            </HeartRateBpm>
            <Extensions>
              <ns3:TPX>
                <ns3:Speed>3.312000036239624</ns3:Speed>
                <ns3:RunCadence>87</ns3:RunCadence>
              </ns3:TPX>
            </Extensions>
          </Trackpoint>
          <Trackpoint>
            <Time>2026-01-10T10:01:20.000Z</Time>
            <Position>
              <LatitudeDegrees>38.90993135981262</LatitudeDegrees>
              <LongitudeDegrees>-6.333133354783058</LongitudeDegrees>
            </Position>
            <AltitudeMeters>224.8000030517578</AltitudeMeters>
            <DistanceMeters>4905.39013671875</DistanceMeters>
            <HeartRateBpm>
              <Value>156</Value>
            </HeartRateBpm>
            <Extensions>
              <ns3:TPX>
                <ns3:Speed>3.2939999103546143</ns3:Speed>
                <ns3:RunCadence>87</ns3:RunCadence>
              </ns3:TPX>
            </Extensions>
          </Trackpoint>
          <Trackpoint>
            <Time>2026-01-10T10:01:26.000Z</Time>
            <Position>
              <LatitudeDegrees>38.90986413694918</LatitudeDegrees>
              <LongitudeDegrees>-6.333334185183048</LongitudeDegrees>
            </Position>
            <AltitudeMeters>225.1999969482422</AltitudeMeters>
            <DistanceMeters>4924.56982421875</DistanceMeters>
            <HeartRateBpm>
              <Value>156</Value>
            </HeartRateBpm>
            <Extensions>
              <ns3:TPX>
                <ns3:Speed>3.2750000953674316</ns3:Speed>
                <ns3:RunCadence>86</ns3:RunCadence>
              </ns3:TPX>
            </Extensions>
          </Trackpoint>
          <Trackpoint>
            <Time>2026-01-10T10:01:33.000Z</Time>
            <Position>
              <LatitudeDegrees>38.90971653163433</LatitudeDegrees>
              <LongitudeDegrees>-6.333510288968682</LongitudeDegrees>
            </Position>
            <AltitudeMeters>225.0</AltitudeMeters>
            <DistanceMeters>4947.10009765625</DistanceMeters>
            <HeartRateBpm>
              <Value>155</Value>
            </HeartRateBpm>
            <Extensions>
              <ns3:TPX>
                <ns3:Speed>3.25600004196167</ns3:Speed>
                <ns3:RunCadence>85</ns3:RunCadence>
              </ns3:TPX>
            </Extensions>
          </Trackpoint>
          <Trackpoint>
            <Time>2026-01-10T10:01:35.000Z</Time>
            <Position>
              <LatitudeDegrees>38.909670347347856</LatitudeDegrees>
              <LongitudeDegrees>-6.33355806581676</LongitudeDegrees>
            </Position>
            <AltitudeMeters>225.0</AltitudeMeters>
            <DistanceMeters>4953.7099609375</DistanceMeters>
            <HeartRateBpm>
              <Value>155</Value>
            </HeartRateBpm>
            <Extensions>
              <ns3:TPX>
                <ns3:Speed>3.246999979019165</ns3:Speed>
                <ns3:RunCadence>86</ns3:RunCadence>
              </ns3:TPX>
            </Extensions>
          </Trackpoint>
          <Trackpoint>
            <Time>2026-01-10T10:01:42.000Z</Time>
            <Position>
              <LatitudeDegrees>38.909511007368565</LatitudeDegrees>
              <LongitudeDegrees>-6.33372126147151</LongitudeDegrees>
            </Position>
            <AltitudeMeters>224.1999969482422</AltitudeMeters>
            <DistanceMeters>4976.35009765625</DistanceMeters>
            <HeartRateBpm>
              <Value>154</Value>
            </HeartRateBpm>
            <Extensions>
              <ns3:TPX>
                <ns3:Speed>3.246999979019165</ns3:Speed>
                <ns3:RunCadence>85</ns3:RunCadence>
              </ns3:TPX>
            </Extensions>
          </Trackpoint>
          <Trackpoint>
            <Time>2026-01-10T10:01:44.000Z</Time>
            <Position>
              <LatitudeDegrees>38.90946540981531</LatitudeDegrees>
              <LongitudeDegrees>-6.333763841539621</LongitudeDegrees>
            </Position>
            <AltitudeMeters>224.0</AltitudeMeters>
            <DistanceMeters>4982.60009765625</DistanceMeters>
            <HeartRateBpm>
              <Value>154</Value>
            </HeartRateBpm>
            <Extensions>
              <ns3:TPX>
                <ns3:Speed>3.246999979019165</ns3:Speed>
                <ns3:RunCadence>86</ns3:RunCadence>
              </ns3:TPX>
            </Extensions>
          </Trackpoint>
          <Trackpoint>
            <Time>2026-01-10T10:01:50.000Z</Time>
            <Position>
              <LatitudeDegrees>38.90931939706206</LatitudeDegrees>
              <LongitudeDegrees>-6.33390842936933</LongitudeDegrees>
            </Position>
            <AltitudeMeters>223.1999969482422</AltitudeMeters>
            <DistanceMeters>5003.10986328125</DistanceMeters>
            <HeartRateBpm>
              <Value>155</Value>
            </HeartRateBpm>
            <Extensions>
              <ns3:TPX>
                <ns3:Speed>3.246999979019165</ns3:Speed>
                <ns3:RunCadence>86</ns3:RunCadence>
              </ns3:TPX>
            </Extensions>
          </Trackpoint>
        </Track>
        <Extensions>
          <ns3:LX>
            <ns3:AvgSpeed>3.338000059127808</ns3:AvgSpeed>
            <ns3:AvgRunCadence>85</ns3:AvgRunCadence>
            <ns3:MaxRunCadence>87</ns3:MaxRunCadence>
          </ns3:LX>
        </Extensions>
      </Lap>
      <Lap StartTime="2026-01-10T10:01:51.000Z">
        <TotalTimeSeconds>298.557</TotalTimeSeconds>
        <DistanceMeters>1000.0</DistanceMeters>
        <MaximumSpeed>3.4059998989105225</MaximumSpeed>
        <Calories>72</Calories>
        <AverageHeartRateBpm>
          <Value>157</Value>
        </AverageHeartRateBpm>
        <MaximumHeartRateBpm>
          <Value>160</Value>
        </MaximumHeartRateBpm>
        <Intensity>Active</Intensity>
        <TriggerMethod>Manual</TriggerMethod>
        <Track>
          <Trackpoint>
            <Time>2026-01-10T10:01:55.000Z</Time>
            <Position>
              <LatitudeDegrees>38.90920339152217</LatitudeDegrees>
              <LongitudeDegrees>-6.334023512899876</LongitudeDegrees>
            </Position>
            <AltitudeMeters>223.0</AltitudeMeters>
            <DistanceMeters>5019.419921875</DistanceMeters>
            <HeartRateBpm>
              <Value>155</Value>
            </HeartRateBpm>
            <Extensions>
              <ns3:TPX>
                <ns3:Speed>3.246999979019165</ns3:Speed>
                <ns3:RunCadence>86</ns3:RunCadence>
              </ns3:TPX>
            </Extensions>
          </Trackpoint>
          <Trackpoint>
            <Time>2026-01-10T10:02:02.000Z</Time>
            <Position>
              <LatitudeDegrees>38.909016977995634</LatitudeDegrees>
              <LongitudeDegrees>-6.334126107394695</LongitudeDegrees>
            </Position>
            <AltitudeMeters>223.0</AltitudeMeters>
            <DistanceMeters>5042.10009765625</DistanceMeters>
            <HeartRateBpm>
              <Value>152</Value>
            </HeartRateBpm>
            <Extensions>
              <ns3:TPX>
                <ns3:Speed>3.246999979019165</ns3:Speed>
                <ns3:RunCadence>89</ns3:RunCadence>
              </ns3:TPX>
            </Extensions>
          </Trackpoint>
          <Trackpoint>
            <Time>2026-01-10T10:02:08.000Z</Time>
            <Position>
              <LatitudeDegrees>38.90883844345808</LatitudeDegrees>
              <LongitudeDegrees>-6.334117138758302</LongitudeDegrees>
            </Position>
            <AltitudeMeters>224.1999969482422</AltitudeMeters>
            <DistanceMeters>5062.10986328125</DistanceMeters>
            <HeartRateBpm>
              <Value>153</Value>
            </HeartRateBpm>
            <Extensions>
              <ns3:TPX>
                <ns3:Speed>3.2660000324249268</ns3:Speed>
                <ns3:RunCadence>86</ns3:RunCadence>
              </ns3:TPX>
            </Extensions>
          </Trackpoint>
          <Trackpoint>
            <Time>2026-01-10T10:02:14.000Z</Time>
            <Position>
              <LatitudeDegrees>38.90868145041168</LatitudeDegrees>
              <LongitudeDegrees>-6.33401345461607</LongitudeDegrees>
            </Position>
            <AltitudeMeters>225.60000610351562</AltitudeMeters>
            <DistanceMeters>5081.83984375</DistanceMeters>
            <HeartRateBpm>
              <Value>155</Value>
            </HeartRateBpm>
            <Extensions>
              <ns3:TPX>
                <ns3:Speed>3.2660000324249268</ns3:Speed>
                <ns3:RunCadence>85</ns3:RunCadence>
              </ns3:TPX>
            </Extensions>
          </Trackpoint>
          <Trackpoint>
            <Time>2026-01-10T10:02:20.000Z</Time>
            <Position>
              <LatitudeDegrees>38.90856737270951</LatitudeDegrees>
              <LongitudeDegrees>-6.33382779546082</LongitudeDegrees>
            </Position>
            <AltitudeMeters>226.60000610351562</AltitudeMeters>
            <DistanceMeters>5102.43994140625</DistanceMeters>
            <HeartRateBpm>
              <Value>155</Value>
            </HeartRateBpm>
            <Extensions>
              <ns3:TPX>
                <ns3:Speed>3.25600004196167</ns3:Speed>
                <ns3:RunCadence>87</ns3:RunCadence>
              </ns3:TPX>
            </Extensions>
          </Trackpoint>
          <Trackpoint>
            <Time>2026-01-10T10:02:21.000Z</Time>
            <Position>
              <LatitudeDegrees>38.90855446457863</LatitudeDegrees>
              <LongitudeDegrees>-6.333790998905897</LongitudeDegrees>
            </Position>
            <AltitudeMeters>226.8000030517578</AltitudeMeters>
            <DistanceMeters>5105.93994140625</DistanceMeters>
            <HeartRateBpm>
              <Value>155</Value>
            </HeartRateBpm>
            <Extensions>
              <ns3:TPX>
                <ns3:Speed>3.25600004196167</ns3:Speed>
                <ns3:RunCadence>86</ns3:RunCadence>
              </ns3:TPX>
            </Extensions>
          </Trackpoint>
          <Trackpoint>
            <Time>2026-01-10T10:02:28.000Z</Time>
            <Position>
              <LatitudeDegrees>38.908520601689816</LatitudeDegrees>
              <LongitudeDegrees>-6.333535518497229</LongitudeDegrees>
            </Position>
            <AltitudeMeters>227.1999969482422</AltitudeMeters>
            <DistanceMeters>5128.66015625</DistanceMeters>
            <HeartRateBpm>
              <Value>155</Value>
            </HeartRateBpm>
            <Extensions>
              <ns3:TPX>
                <ns3:Speed>3.2660000324249268</ns3:Speed>
                <ns3:RunCadence>86</ns3:RunCadence>
              </ns3:TPX>
            </Extensions>
          </Trackpoint>
          <Trackpoint>
            <Time>2026-01-10T10:02:29.000Z</Time>
            <Position>
              <LatitudeDegrees>38.908524457365274</LatitudeDegrees>
              <LongitudeDegrees>-6.333495872095227</LongitudeDegrees>
            </Position>
            <AltitudeMeters>227.1999969482422</AltitudeMeters>
            <DistanceMeters>5132.1298828125</DistanceMeters>
            <HeartRateBpm>
              <Value>155</Value>
            </HeartRateBpm>
            <Extensions>
              <ns3:TPX>
                <ns3:Speed>3.2660000324249268</ns3:Speed>
                <ns3:RunCadence>86</ns3:RunCadence>
              </ns3:TPX>
            </Extensions>
          </Trackpoint>
          <Trackpoint>
            <Time>2026-01-10T10:02:35.000Z</Time>
            <Position>
              <LatitudeDegrees>38.90859302133322</LatitudeDegrees>
              <LongitudeDegrees>-6.333282804116607</LongitudeDegrees>
            </Position>
            <AltitudeMeters>227.60000610351562</AltitudeMeters>
            <DistanceMeters>5152.33984375</DistanceMeters>
            <HeartRateBpm>
              <Value>156</Value>
            </HeartRateBpm>
            <Extensions>
              <ns3:TPX>
                <ns3:Speed>3.2750000953674316</ns3:Speed>
                <ns3:RunCadence>86</ns3:RunCadence>
              </ns3:TPX>
            </Extensions>
          </Trackpoint>
          <Trackpoint>
            <Time>2026-01-10T10:02:41.000Z</Time>
            <Position>
              <LatitudeDegrees>38.908723779022694</LatitudeDegrees>
              <LongitudeDegrees>-6.333115166053176</LongitudeDegrees>
            </Position>
            <AltitudeMeters>228.60000610351562</AltitudeMeters>
            <DistanceMeters>5172.93017578125</DistanceMeters>
            <HeartRateBpm>
              <Value>156</Value>
            </HeartRateBpm>
            <Extensions>
              <ns3:TPX>
                <ns3:Speed>3.2839999198913574</ns3:Speed>
                <ns3:RunCadence>86</ns3:RunCadence>
              </ns3:TPX>
            </Extensions>
          </Trackpoint>
          <Trackpoint>
            <Time>2026-01-10T10:02:43.000Z</Time>
            <Position>
              <LatitudeDegrees>38.908772729337215</LatitudeDegrees>
              <LongitudeDegrees>-6.333070155233145</LongitudeDegrees>
            </Position>
            <AltitudeMeters>228.60000610351562</AltitudeMeters>
            <DistanceMeters>5179.60009765625</DistanceMeters>
            <HeartRateBpm>
              <Value>157</Value>
            </HeartRateBpm>
            <Extensions>
              <ns3:TPX>
                <ns3:Speed>3.2939999103546143</ns3:Speed>
                <ns3:RunCadence>86</ns3:RunCadence>
              </ns3:TPX>
            </Extensions>
          </Trackpoint>
          <Trackpoint>
            <Time>2026-01-10T10:02:49.000Z</Time>
            <Position>
              <LatitudeDegrees>38.90892284922302</LatitudeDegrees>
              <LongitudeDegrees>-6.332931937649846</LongitudeDegrees>
            </Position>
            <AltitudeMeters>228.1999969482422</AltitudeMeters>
            <DistanceMeters>5200.1298828125</DistanceMeters>
            <HeartRateBpm>
              <Value>156</Value>
            </HeartRateBpm>
            <Extensions>
              <ns3:TPX>
                <ns3:Speed>3.302999973297119</ns3:Speed>
                <ns3:RunCadence>85</ns3:RunCadence>
              </ns3:TPX>
            </Extensions>
          </Trackpoint>
          <Trackpoint>
            <Time>2026-01-10T10:02:51.000Z</Time>
            <Position>
              <LatitudeDegrees>38.90897322446108</LatitudeDegrees>
              <LongitudeDegrees>-6.332887010648847</LongitudeDegrees>
            </Position>
            <AltitudeMeters>228.1999969482422</AltitudeMeters>
            <DistanceMeters>5206.9501953125</DistanceMeters>
            <HeartRateBpm>
              <Value>156</Value>
            </HeartRateBpm>
            <Extensions>
              <ns3:TPX>
                <ns3:Speed>3.302999973297119</ns3:Speed>
                <ns3:RunCadence>84</ns3:RunCadence>
              </ns3:TPX>
            </Extensions>
          </Trackpoint>
          <Trackpoint>
            <Time>2026-01-10T10:02:58.000Z</Time>
            <Position>
              <LatitudeDegrees>38.90913348644972</LatitudeDegrees>
              <LongitudeDegrees>-6.332715768367052</LongitudeDegrees>
            </Position>
            <AltitudeMeters>227.60000610351562</AltitudeMeters>
            <DistanceMeters>5230.1298828125</DistanceMeters>
            <HeartRateBpm>
              <Value>156</Value>
            </HeartRateBpm>
            <Extensions>
              <ns3:TPX>
                <ns3:Speed>3.312000036239624</ns3:Speed>
                <ns3:RunCadence>85</ns3:RunCadence>
              </ns3:TPX>
            </Extensions>
          </Trackpoint>
          <Trackpoint>
            <Time>2026-01-10T10:02:59.000Z</Time>
            <Position>
              <LatitudeDegrees>38.90915913507342</LatitudeDegrees>
              <LongitudeDegrees>-6.332691041752696</LongitudeDegrees>
            </Position>
            <AltitudeMeters>227.39999389648438</AltitudeMeters>
            <DistanceMeters>5233.68994140625</DistanceMeters>
            <HeartRateBpm>
              <Value>155</Value>
            </HeartRateBpm>
            <Extensions>
              <ns3:TPX>
                <ns3:Speed>3.312000036239624</ns3:Speed>
                <ns3:RunCadence>85</ns3:RunCadence>
              </ns3:TPX>
            </Extensions>
          </Trackpoint>
          <Trackpoint>
            <Time>2026-01-10T10:03:05.000Z</Time>
            <Position>
              <LatitudeDegrees>38.90930908732116</LatitudeDegrees>
              <LongitudeDegrees>-6.332547124475241</LongitudeDegrees>
            </Position>
            <AltitudeMeters>226.8000030517578</AltitudeMeters>
            <DistanceMeters>5254.52978515625</DistanceMeters>
            <HeartRateBpm>
              <Value>156</Value>
            </HeartRateBpm>
            <Extensions>
              <ns3:TPX>
                <ns3:Speed>3.322000026702881</ns3:Speed>
                <ns3:RunCadence>86</ns3:RunCadence>
              </ns3:TPX>
            </Extensions>
          </Trackpoint>
          <Trackpoint>
            <Time>2026-01-10T10:03:07.000Z</Time>
            <Position>
              <LatitudeDegrees>38.90936306677759</LatitudeDegrees>
              <LongitudeDegrees>-6.332509573549032</LongitudeDegrees>
            </Position>
            <AltitudeMeters>226.8000030517578</AltitudeMeters>
            <DistanceMeters>5261.35009765625</DistanceMeters>
            <HeartRateBpm>
              <Value>156</Value>
            </HeartRateBpm>
            <Extensions>
              <ns3:TPX>
                <ns3:Speed>3.3310000896453857</ns3:Speed>
                <ns3:RunCadence>84</ns3:RunCadence>
              </ns3:TPX>
            </Extensions>
          </Trackpoint>
          <Trackpoint>
            <Time>2026-01-10T10:03:13.000Z</Time>
            <Position>
              <LatitudeDegrees>38.90953975729644</LatitudeDegrees>
              <LongitudeDegrees>-6.332462299615145</LongitudeDegrees>
            </Position>
            <AltitudeMeters>226.0</AltitudeMeters>
            <DistanceMeters>5281.509765625</DistanceMeters>
            <HeartRateBpm>
              <Value>156</Value>
            </HeartRateBpm>
            <Extensions>
              <ns3:TPX>
                <ns3:Speed>3.3399999141693115</ns3:Speed>
                <ns3:RunCadence>85</ns3:RunCadence>
              </ns3:TPX>
            </Extensions>
          </Trackpoint>
          <Trackpoint>
            <Time>2026-01-10T10:03:19.000Z</Time>
            <Position>
              <LatitudeDegrees>38.909722063690424</LatitudeDegrees>
              <LongitudeDegrees>-6.3325301092118025</LongitudeDegrees>
            </Position>
            <AltitudeMeters>225.1999969482422</AltitudeMeters>
            <DistanceMeters>5302.7900390625</DistanceMeters>
            <HeartRateBpm>
              <Value>156</Value>
            </HeartRateBpm>
            <Extensions>
              <ns3:TPX>
                <ns3:Speed>3.3499999046325684</ns3:Speed>
                <ns3:RunCadence>85</ns3:RunCadence>
              </ns3:TPX>
            </Extensions>
          </Trackpoint>
          <Trackpoint>
            <Time>2026-01-10T10:03:26.000Z</Time>
            <Position>
              <LatitudeDegrees>38.909877547994256</LatitudeDegrees>
              <LongitudeDegrees>-6.332702357321978</LongitudeDegrees>
            </Position>
            <AltitudeMeters>224.0</AltitudeMeters>
            <DistanceMeters>5325.81982421875</DistanceMeters>
            <HeartRateBpm>
              <Value>157</Value>
            </HeartRateBpm>
            <Extensions>
              <ns3:TPX>
                <ns3:Speed>3.368000030517578</ns3:Speed>
                <ns3:RunCadence>85</ns3:RunCadence>
              </ns3:TPX>
            </Extensions>
          </Trackpoint>
          <Trackpoint>
            <Time>2026-01-10T10:03:32.000Z</Time>
            <Position>
              <LatitudeDegrees>38.90993873588741</LatitudeDegrees>
              <LongitudeDegrees>-6.332923388108611</LongitudeDegrees>
            </Position>
            <AltitudeMeters>224.0</AltitudeMeters>
            <DistanceMeters>5346.31005859375</DistanceMeters>
            <HeartRateBpm>
              <Value>157</Value>
            </HeartRateBpm>
            <Extensions>
              <ns3:TPX>
                <ns3:Speed>3.368000030517578</ns3:Speed>
                <ns3:RunCadence>87</ns3:RunCadence>
              </ns3:TPX>
            </Extensions>
          </Trackpoint>
          <Trackpoint>
            <Time>2026-01-10T10:03:34.000Z</Time>
            <Position>
              <LatitudeDegrees>38.9099426753819</LatitudeDegrees>
              <LongitudeDegrees>-6.33299857378006</LongitudeDegrees>
            </Position>
            <AltitudeMeters>224.39999389648438</AltitudeMeters>
            <DistanceMeters>5352.85009765625</DistanceMeters>
            <HeartRateBpm>
              <Value>160</Value>
            </HeartRateBpm>
            <Extensions>
              <ns3:TPX>
                <ns3:Speed>3.368000030517578</ns3:Speed>
                <ns3:RunCadence>86</ns3:RunCadence>
              </ns3:TPX>
            </Extensions>
          </Trackpoint>
          <Trackpoint>
            <Time>2026-01-10T10:03:35.000Z</Time>
            <Position>
              <LatitudeDegrees>38.90994284301996</LatitudeDegrees>
              <LongitudeDegrees>-6.3330357894301414</LongitudeDegrees>
            </Position>
            <AltitudeMeters>224.39999389648438</AltitudeMeters>
            <DistanceMeters>5356.080078125</DistanceMeters>
            <HeartRateBpm>
              <Value>157</Value>
            </HeartRateBpm>
            <Extensions>
              <ns3:TPX>
                <ns3:Speed>3.368000030517578</ns3:Speed>
                <ns3:RunCadence>86</ns3:RunCadence>
              </ns3:TPX>
            </Extensions>
          </Trackpoint>
          <Trackpoint>
            <Time>2026-01-10T10:03:39.000Z</Time>
            <Position>
              <LatitudeDegrees>38.909921972081065</LatitudeDegrees>
              <LongitudeDegrees>-6.333189345896244</LongitudeDegrees>
            </Position>
            <AltitudeMeters>225.0</AltitudeMeters>
            <DistanceMeters>5369.68017578125</DistanceMeters>
            <HeartRateBpm>
              <Value>157</Value>
            </HeartRateBpm>
            <Extensions>
              <ns3:TPX>
                <ns3:Speed>3.3589999675750732</ns3:Speed>
                <ns3:RunCadence>86</ns3:RunCadence>
              </ns3:TPX>
            </Extensions>
          </Trackpoint>
          <Trackpoint>
            <Time>2026-01-10T10:03:45.000Z</Time>
            <Position>
              <LatitudeDegrees>38.909830106422305</LatitudeDegrees>
              <LongitudeDegrees>-6.333391517400742</LongitudeDegrees>
            </Position>
            <AltitudeMeters>225.0</AltitudeMeters>
            <DistanceMeters>5390.08984375</DistanceMeters>
            <HeartRateBpm>
              <Value>157</Value>
            </HeartRateBpm>
            <Extensions>
              <ns3:TPX>
                <ns3:Speed>3.3589999675750732</ns3:Speed>
                <ns3:RunCadence>86</ns3:RunCadence>
              </ns3:TPX>
            </Extensions>
          </Trackpoint>
          <Trackpoint>
            <Time>2026-01-10T10:03:46.000Z</Time>
            <Position>
              <LatitudeDegrees>38.909808648750186</LatitudeDegrees>
              <LongitudeDegrees>-6.333421440795064</LongitudeDegrees>
            </Position>
            <AltitudeMeters>225.0</AltitudeMeters>
            <DistanceMeters>5393.60986328125</DistanceMeters>
            <HeartRateBpm>
              <Value>157</Value>
            </HeartRateBpm>
            <Extensions>
              <ns3:TPX>
                <ns3:Speed>3.3589999675750732</ns3:Speed>
                <ns3:RunCadence>86</ns3:RunCadence>
              </ns3:TPX>
            </Extensions>
          </Trackpoint>
          <Trackpoint>
            <Time>2026-01-10T10:03:53.000Z</Time>
            <Position>
              <LatitudeDegrees>38.90964813530445</LatitudeDegrees>
              <LongitudeDegrees>-6.333585726097226</LongitudeDegrees>
            </Position>
            <AltitudeMeters>225.0</AltitudeMeters>
            <DistanceMeters>5416.4501953125</DistanceMeters>
            <HeartRateBpm>
              <Value>157</Value>
            </HeartRateBpm>
            <Extensions>
              <ns3:TPX>
                <ns3:Speed>3.3589999675750732</ns3:Speed>
                <ns3:RunCadence>86</ns3:RunCadence>
              </ns3:TPX>
            </Extensions>
          </Trackpoint>
          <Trackpoint>
            <Time>2026-01-10T10:03:55.000Z</Time>
            <Position>
              <LatitudeDegrees>38.909601867198944</LatitudeDegrees>
              <LongitudeDegrees>-6.333628473803401</LongitudeDegrees>
            </Position>
            <AltitudeMeters>224.8000030517578</AltitudeMeters>
            <DistanceMeters>5422.77978515625</DistanceMeters>
            <HeartRateBpm>
              <Value>157</Value>
            </HeartRateBpm>
            <Extensions>
              <ns3:TPX>
                <ns3:Speed>3.3499999046325684</ns3:Speed>
                <ns3:RunCadence>86</ns3:RunCadence>
              </ns3:TPX>
            </Extensions>
          </Trackpoint>
          <Trackpoint>
            <Time>2026-01-10T10:04:01.000Z</Time>
            <Position>
              <LatitudeDegrees>38.9094571955502</LatitudeDegrees>
              <LongitudeDegrees>-6.333769373595715</LongitudeDegrees>
            </Position>
            <AltitudeMeters>224.0</AltitudeMeters>
            <DistanceMeters>5442.97998046875</DistanceMeters>
            <HeartRateBpm>
              <Value>158</Value>
            </HeartRateBpm>
            <Extensions>
              <ns3:TPX>
                <ns3:Speed>3.3499999046325684</ns3:Speed>
                <ns3:RunCadence>84</ns3:RunCadence>
              </ns3:TPX>
            </Extensions>
          </Trackpoint>
          <Trackpoint>
            <Time>2026-01-10T10:04:05.000Z</Time>
            <Position>
              <LatitudeDegrees>38.90936164185405</LatitudeDegrees>
              <LongitudeDegrees>-6.333864592015743</LongitudeDegrees>
            </Position>
            <AltitudeMeters>223.1999969482422</AltitudeMeters>
            <DistanceMeters>5456.43994140625</DistanceMeters>
            <HeartRateBpm>
              <Value>159</Value>
            </HeartRateBpm>
            <Extensions>
              <ns3:TPX>
                <ns3:Speed>3.3499999046325684</ns3:Speed>
                <ns3:RunCadence>85</ns3:RunCadence>
              </ns3:TPX>
            </Extensions>
          </Trackpoint>
          <Trackpoint>
            <Time>2026-01-10T10:04:12.000Z</Time>
            <Position>
              <LatitudeDegrees>38.909204229712486</LatitudeDegrees>
              <LongitudeDegrees>-6.334024770185351</LongitudeDegrees>
            </Position>
            <AltitudeMeters>223.0</AltitudeMeters>
            <DistanceMeters>5478.759765625</DistanceMeters>
            <HeartRateBpm>
              <Value>159</Value>
            </HeartRateBpm>
            <Extensions>
              <ns3:TPX>
                <ns3:Speed>3.3499999046325684</ns3:Speed>
                <ns3:RunCadence>87</ns3:RunCadence>
              </ns3:TPX>
            </Extensions>
          </Trackpoint>
          <Trackpoint>
            <Time>2026-01-10T10:04:14.000Z</Time>
            <Position>
              <LatitudeDegrees>38.909152429550886</LatitudeDegrees>
              <LongitudeDegrees>-6.334063159301877</LongitudeDegrees>
            </Position>
            <AltitudeMeters>223.0</AltitudeMeters>
            <DistanceMeters>5485.39990234375</DistanceMeters>
            <HeartRateBpm>
              <Value>159</Value>
            </HeartRateBpm>
            <Extensions>
              <ns3:TPX>
                <ns3:Speed>3.3499999046325684</ns3:Speed>
                <ns3:RunCadence>86</ns3:RunCadence>
              </ns3:TPX>
            </Extensions>
          </Trackpoint>
          <Trackpoint>
            <Time>2026-01-10T10:04:20.000Z</Time>
            <Position>
              <LatitudeDegrees>38.908979427069426</LatitudeDegrees>
              <LongitudeDegrees>-6.334124347195029</LongitudeDegrees>
            </Position>
            <AltitudeMeters>223.1999969482422</AltitudeMeters>
            <DistanceMeters>5505.39990234375</DistanceMeters>
            <HeartRateBpm>
              <Value>159</Value>
            </HeartRateBpm>
            <Extensions>
              <ns3:TPX>
                <ns3:Speed>3.3499999046325684</ns3:Speed>
                <ns3:RunCadence>87</ns3:RunCadence>
              </ns3:TPX>
            </Extensions>
          </Trackpoint>
          <Trackpoint>
            <Time>2026-01-10T10:04:26.000Z</Time>
            <Position>
              <LatitudeDegrees>38.90880047343671</LatitudeDegrees>
              <LongitudeDegrees>-6.334099117666483</LongitudeDegrees>
            </Position>
            <AltitudeMeters>224.60000610351562</AltitudeMeters>
            <DistanceMeters>5525.580078125</DistanceMeters>
            <HeartRateBpm>
              <Value>159</Value>
            </HeartRateBpm>
            <Extensions>
              <ns3:TPX>
                <ns3:Speed>3.3499999046325684</ns3:Speed>
                <ns3:RunCadence>86</ns3:RunCadence>
              </ns3:TPX>
            </Extensions>
          </Trackpoint>
          <Trackpoint>
            <Time>2026-01-10T10:04:27.000Z</Time>
            <Position>
              <LatitudeDegrees>38.90877331607044</LatitudeDegrees>
              <LongitudeDegrees>-6.334083611145616</LongitudeDegrees>
            </Position>
            <AltitudeMeters>224.8000030517578</AltitudeMeters>
            <DistanceMeters>5528.85986328125</DistanceMeters>
            <HeartRateBpm>
              <Value>159</Value>
            </HeartRateBpm>
            <Extensions>
              <ns3:TPX>
                <ns3:Speed>3.3499999046325684</ns3:Speed>
                <ns3:RunCadence>86</ns3:RunCadence>
              </ns3:TPX>
            </Extensions>
          </Trackpoint>
          <Trackpoint>
            <Time>2026-01-10T10:04:34.000Z</Time>
            <Position>
              <LatitudeDegrees>38.90862185508013</LatitudeDegrees>
              <LongitudeDegrees>-6.333932233974338</LongitudeDegrees>
            </Position>
            <AltitudeMeters>226.0</AltitudeMeters>
            <DistanceMeters>5550.3701171875</DistanceMeters>
            <HeartRateBpm>
              <Value>159</Value>
            </HeartRateBpm>
            <Extensions>
              <ns3:TPX>
                <ns3:Speed>3.3399999141693115</ns3:Speed>
                <ns3:RunCadence>86</ns3:RunCadence>
              </ns3:TPX>
            </Extensions>
          </Trackpoint>
          <Trackpoint>
            <Time>2026-01-10T10:04:40.000Z</Time>
            <Position>
              <LatitudeDegrees>38.90854071825743</LatitudeDegrees>
              <LongitudeDegrees>-6.3337216805666685</LongitudeDegrees>
            </Position>
            <AltitudeMeters>227.0</AltitudeMeters>
            <DistanceMeters>5570.89013671875</DistanceMeters>
            <HeartRateBpm>
              <Value>159</Value>
            </HeartRateBpm>
            <Extensions>
              <ns3:TPX>
                <ns3:Speed>3.322000026702881</ns3:Speed>
                <ns3:RunCadence>86</ns3:RunCadence>
              </ns3:TPX>
            </Extensions>
          </Trackpoint>
          <Trackpoint>
            <Time>2026-01-10T10:04:41.000Z</Time>
            <Position>
              <LatitudeDegrees>38.90853401273489</LatitudeDegrees>
              <LongitudeDegrees>-6.333684464916587</LongitudeDegrees>
            </Position>
            <AltitudeMeters>227.0</AltitudeMeters>
            <DistanceMeters>5574.2001953125</DistanceMeters>
            <HeartRateBpm>
              <Value>159</Value>
            </HeartRateBpm>
            <Extensions>
              <ns3:TPX>
                <ns3:Speed>3.322000026702881</ns3:Speed>
                <ns3:RunCadence>86</ns3:RunCadence>
              </ns3:TPX>
            </Extensions>
          </Trackpoint>
          <Trackpoint>
            <Time>2026-01-10T10:04:47.000Z</Time>
            <Position>
              <LatitudeDegrees>38.90853795222938</LatitudeDegrees>
              <LongitudeDegrees>-6.3334589917212725</LongitudeDegrees>
            </Position>
            <AltitudeMeters>227.39999389648438</AltitudeMeters>
            <DistanceMeters>5593.919921875</DistanceMeters>
            <HeartRateBpm>
              <Value>159</Value>
            </HeartRateBpm>
            <Extensions>
              <ns3:TPX>
                <ns3:Speed>3.322000026702881</ns3:Speed>
                <ns3:RunCadence>87</ns3:RunCadence>
              </ns3:TPX>
            </Extensions>
          </Trackpoint>
          <Trackpoint>
            <Time>2026-01-10T10:04:53.000Z</Time>
            <Position>
              <LatitudeDegrees>38.908627135679126</LatitudeDegrees>
              <LongitudeDegrees>-6.333262016996741</LongitudeDegrees>
            </Position>
            <AltitudeMeters>227.8000030517578</AltitudeMeters>
            <DistanceMeters>5613.919921875</DistanceMeters>
            <HeartRateBpm>
              <Value>159</Value>
            </HeartRateBpm>
            <Extensions>
              <ns3:TPX>
                <ns3:Speed>3.312000036239624</ns3:Speed>
                <ns3:RunCadence>85</ns3:RunCadence>
              </ns3:TPX>
            </Extensions>
          </Trackpoint>
          <Trackpoint>
            <Time>2026-01-10T10:05:00.000Z</Time>
            <Position>
              <LatitudeDegrees>38.90877088531852</LatitudeDegrees>
              <LongitudeDegrees>-6.33307870477438</LongitudeDegrees>
            </Position>
            <AltitudeMeters>228.60000610351562</AltitudeMeters>
            <DistanceMeters>5636.580078125</DistanceMeters>
            <HeartRateBpm>
              <Value>158</Value>
            </HeartRateBpm>
            <Extensions>
              <ns3:TPX>
                <ns3:Speed>3.312000036239624</ns3:Speed>
                <ns3:RunCadence>85</ns3:RunCadence>
              </ns3:TPX>
            </Extensions>
          </Trackpoint>
          <Trackpoint>
            <Time>2026-01-10T10:05:01.000Z</Time>
            <Position>
              <LatitudeDegrees>38.908797623589635</LatitudeDegrees>
              <LongitudeDegrees>-6.333056828007102</LongitudeDegrees>
            </Position>
            <AltitudeMeters>228.60000610351562</AltitudeMeters>
            <DistanceMeters>5640.08984375</DistanceMeters>
            <HeartRateBpm>
              <Value>158</Value>
            </HeartRateBpm>
            <Extensions>
              <ns3:TPX>
                <ns3:Speed>3.312000036239624</ns3:Speed>
                <ns3:RunCadence>85</ns3:RunCadence>
              </ns3:TPX>
            </Extensions>
          </Trackpoint>
          <Trackpoint>
            <Time>2026-01-10T10:05:07.000Z</Time>
            <Position>
              <LatitudeDegrees>38.90893651172519</LatitudeDegrees>
              <LongitudeDegrees>-6.33290427736938</LongitudeDegrees>
            </Position>
            <AltitudeMeters>228.1999969482422</AltitudeMeters>
            <DistanceMeters>5660.41015625</DistanceMeters>
            <HeartRateBpm>
              <Value>158</Value>
            </HeartRateBpm>
            <Extensions>
              <ns3:TPX>
                <ns3:Speed>3.312000036239624</ns3:Speed>
                <ns3:RunCadence>84</ns3:RunCadence>
              </ns3:TPX>
            </Extensions>
          </Trackpoint>
          <Trackpoint>
            <Time>2026-01-10T10:05:08.000Z</Time>
            <Position>
              <LatitudeDegrees>38.90896073542535</LatitudeDegrees>
              <LongitudeDegrees>-6.332880053669214</LongitudeDegrees>
            </Position>
            <AltitudeMeters>228.1999969482422</AltitudeMeters>
            <DistanceMeters>5663.81982421875</DistanceMeters>
            <HeartRateBpm>
              <Value>158</Value>
            </HeartRateBpm>
            <Extensions>
              <ns3:TPX>
                <ns3:Speed>3.312000036239624</ns3:Speed>
                <ns3:RunCadence>84</ns3:RunCadence>
              </ns3:TPX>
            </Extensions>
          </Trackpoint>
          <Trackpoint>
            <Time>2026-01-10T10:05:14.000Z</Time>
            <Position>
              <LatitudeDegrees>38.90910456888378</LatitudeDegrees>
              <LongitudeDegrees>-6.332734040915966</LongitudeDegrees>
            </Position>
            <AltitudeMeters>227.60000610351562</AltitudeMeters>
            <DistanceMeters>5684.2099609375</DistanceMeters>
            <HeartRateBpm>
              <Value>158</Value>
            </HeartRateBpm>
            <Extensions>
              <ns3:TPX>
                <ns3:Speed>3.322000026702881</ns3:Speed>
                <ns3:RunCadence>85</ns3:RunCadence>
              </ns3:TPX>
            </Extensions>
          </Trackpoint>
          <Trackpoint>
            <Time>2026-01-10T10:05:18.000Z</Time>
            <Position>
              <LatitudeDegrees>38.90920137986541</LatitudeDegrees>
              <LongitudeDegrees>-6.332641756162047</LongitudeDegrees>
            </Position>
            <AltitudeMeters>227.1999969482422</AltitudeMeters>
            <DistanceMeters>5697.60009765625</DistanceMeters>
            <HeartRateBpm>
              <Value>158</Value>
            </HeartRateBpm>
            <Extensions>
              <ns3:TPX>
                <ns3:Speed>3.3310000896453857</ns3:Speed>
                <ns3:RunCadence>85</ns3:RunCadence>
              </ns3:TPX>
            </Extensions>
          </Trackpoint>
          <Trackpoint>
            <Time>2026-01-10T10:05:25.000Z</Time>
            <Position>
              <LatitudeDegrees>38.90937203541398</LatitudeDegrees>
              <LongitudeDegrees>-6.33249088190496</LongitudeDegrees>
            </Position>
            <AltitudeMeters>226.60000610351562</AltitudeMeters>
            <DistanceMeters>5720.740234375</DistanceMeters>
            <HeartRateBpm>
              <Value>158</Value>
            </HeartRateBpm>
            <Extensions>
              <ns3:TPX>
                <ns3:Speed>3.3399999141693115</ns3:Speed>
                <ns3:RunCadence>86</ns3:RunCadence>
              </ns3:TPX>
            </Extensions>
          </Trackpoint>
          <Trackpoint>
            <Time>2026-01-10T10:05:27.000Z</Time>
            <Position>
              <LatitudeDegrees>38.90942961908877</LatitudeDegrees>
              <LongitudeDegrees>-6.332467244938016</LongitudeDegrees>
            </Position>
            <AltitudeMeters>226.39999389648438</AltitudeMeters>
            <DistanceMeters>5727.43994140625</DistanceMeters>
            <HeartRateBpm>
              <Value>158</Value>
            </HeartRateBpm>
            <Extensions>
              <ns3:TPX>
                <ns3:Speed>3.3399999141693115</ns3:Speed>
                <ns3:RunCadence>86</ns3:RunCadence>
              </ns3:TPX>
            </Extensions>
          </Trackpoint>
          <Trackpoint>
            <Time>2026-01-10T10:05:33.000Z</Time>
            <Position>
              <LatitudeDegrees>38.909611171111465</LatitudeDegrees>
              <LongitudeDegrees>-6.3324647303670645</LongitudeDegrees>
            </Position>
            <AltitudeMeters>225.8000030517578</AltitudeMeters>
            <DistanceMeters>5747.85009765625</DistanceMeters>
            <HeartRateBpm>
              <Value>158</Value>
            </HeartRateBpm>
            <Extensions>
              <ns3:TPX>
                <ns3:Speed>3.3310000896453857</ns3:Speed>
                <ns3:RunCadence>86</ns3:RunCadence>
              </ns3:TPX>
            </Extensions>
          </Trackpoint>
          <Trackpoint>
            <Time>2026-01-10T10:05:40.000Z</Time>
            <Position>
              <LatitudeDegrees>38.90978937037289</LatitudeDegrees>
              <LongitudeDegrees>-6.332589536905289</LongitudeDegrees>
            </Position>
            <AltitudeMeters>224.60000610351562</AltitudeMeters>
            <DistanceMeters>5770.6298828125</DistanceMeters>
            <HeartRateBpm>
              <Value>158</Value>
            </HeartRateBpm>
            <Extensions>
              <ns3:TPX>
                <ns3:Speed>3.322000026702881</ns3:Speed>
                <ns3:RunCadence>85</ns3:RunCadence>
              </ns3:TPX>
            </Extensions>
          </Trackpoint>
          <Trackpoint>
            <Time>2026-01-10T10:05:41.000Z</Time>
            <Position>
              <LatitudeDegrees>38.90981275588274</LatitudeDegrees>
              <LongitudeDegrees>-6.332617364823818</LongitudeDegrees>
            </Position>
            <AltitudeMeters>224.39999389648438</AltitudeMeters>
            <DistanceMeters>5774.18017578125</DistanceMeters>
            <HeartRateBpm>
              <Value>158</Value>
            </HeartRateBpm>
            <Extensions>
              <ns3:TPX>
                <ns3:Speed>3.322000026702881</ns3:Speed>
                <ns3:RunCadence>85</ns3:RunCadence>
              </ns3:TPX>
            </Extensions>
          </Trackpoint>
          <Trackpoint>
            <Time>2026-01-10T10:05:48.000Z</Time>
            <Position>
              <LatitudeDegrees>38.90992088243365</LatitudeDegrees>
              <LongitudeDegrees>-6.3328408263623714</LongitudeDegrees>
            </Position>
            <AltitudeMeters>224.0</AltitudeMeters>
            <DistanceMeters>5797.2099609375</DistanceMeters>
            <HeartRateBpm>
              <Value>159</Value>
            </HeartRateBpm>
            <Extensions>
              <ns3:TPX>
                <ns3:Speed>3.322000026702881</ns3:Speed>
                <ns3:RunCadence>85</ns3:RunCadence>
              </ns3:TPX>
            </Extensions>
          </Trackpoint>
          <Trackpoint>
            <Time>2026-01-10T10:05:55.000Z</Time>
            <Position>
              <LatitudeDegrees>38.909942507743835</LatitudeDegrees>
              <LongitudeDegrees>-6.333100497722626</LongitudeDegrees>
            </Position>
            <AltitudeMeters>224.8000030517578</AltitudeMeters>
            <DistanceMeters>5819.93017578125</DistanceMeters>
            <HeartRateBpm>
              <Value>159</Value>
            </HeartRateBpm>
            <Extensions>
              <ns3:TPX>
                <ns3:Speed>3.322000026702881</ns3:Speed>
                <ns3:RunCadence>86</ns3:RunCadence>
              </ns3:TPX>
            </Extensions>
          </Trackpoint>
          <Trackpoint>
            <Time>2026-01-10T10:06:00.000Z</Time>
            <Position>
              <LatitudeDegrees>38.909887690097094</LatitudeDegrees>
              <LongitudeDegrees>-6.333272326737642</LongitudeDegrees>
            </Position>
            <AltitudeMeters>225.1999969482422</AltitudeMeters>
            <DistanceMeters>5836.14013671875</DistanceMeters>
            <HeartRateBpm>
              <Value>159</Value>
            </HeartRateBpm>
            <Extensions>
              <ns3:TPX>
                <ns3:Speed>3.312000036239624</ns3:Speed>
                <ns3:RunCadence>86</ns3:RunCadence>
              </ns3:TPX>
            </Extensions>
          </Trackpoint>
          <Trackpoint>
            <Time>2026-01-10T10:06:06.000Z</Time>
            <Position>
              <LatitudeDegrees>38.909759279340506</LatitudeDegrees>
              <LongitudeDegrees>-6.3334475085139275</LongitudeDegrees>
            </Position>
            <AltitudeMeters>225.0</AltitudeMeters>
            <DistanceMeters>5857.10009765625</DistanceMeters>
            <HeartRateBpm>
              <Value>158</Value>
            </HeartRateBpm>
            <Extensions>
              <ns3:TPX>
                <ns3:Speed>3.312000036239624</ns3:Speed>
                <ns3:RunCadence>86</ns3:RunCadence>
              </ns3:TPX>
            </Extensions>
          </Trackpoint>
          <Trackpoint>
            <Time>2026-01-10T10:06:07.000Z</Time>
            <Position>
              <LatitudeDegrees>38.90973555855453</LatitudeDegrees>
              <LongitudeDegrees>-6.333473073318601</LongitudeDegrees>
            </Position>
            <AltitudeMeters>225.0</AltitudeMeters>
            <DistanceMeters>5860.5400390625</DistanceMeters>
            <HeartRateBpm>
              <Value>158</Value>
            </HeartRateBpm>
            <Extensions>
              <ns3:TPX>
                <ns3:Speed>3.312000036239624</ns3:Speed>
                <ns3:RunCadence>86</ns3:RunCadence>
              </ns3:TPX>
            </Extensions>
          </Trackpoint>
          <Trackpoint>
            <Time>2026-01-10T10:06:13.000Z</Time>
            <Position>
              <LatitudeDegrees>38.90959105454385</LatitudeDegrees>
              <LongitudeDegrees>-6.33363283239305</LongitudeDegrees>
            </Position>
            <AltitudeMeters>224.8000030517578</AltitudeMeters>
            <DistanceMeters>5881.75</DistanceMeters>
            <HeartRateBpm>
              <Value>160</Value>
            </HeartRateBpm>
            <Extensions>
              <ns3:TPX>
                <ns3:Speed>3.322000026702881</ns3:Speed>
                <ns3:RunCadence>86</ns3:RunCadence>
              </ns3:TPX>
            </Extensions>
          </Trackpoint>
          <Trackpoint>
            <Time>2026-01-10T10:06:17.000Z</Time>
            <Position>
              <LatitudeDegrees>38.90949801541865</LatitudeDegrees>
              <LongitudeDegrees>-6.333720674738288</LongitudeDegrees>
            </Position>
            <AltitudeMeters>224.1999969482422</AltitudeMeters>
            <DistanceMeters>5894.58984375</DistanceMeters>
            <HeartRateBpm>
              <Value>159</Value>
            </HeartRateBpm>
            <Extensions>
              <ns3:TPX>
                <ns3:Speed>3.3310000896453857</ns3:Speed>
                <ns3:RunCadence>85</ns3:RunCadence>
              </ns3:TPX>
            </Extensions>
          </Trackpoint>
          <Trackpoint>
            <Time>2026-01-10T10:06:23.000Z</Time>
            <Position>
              <LatitudeDegrees>38.909353176131845</LatitudeDegrees>
              <LongitudeDegrees>-6.333861742168665</LongitudeDegrees>
            </Position>
            <AltitudeMeters>223.1999969482422</AltitudeMeters>
            <DistanceMeters>5914.7900390625</DistanceMeters>
            <HeartRateBpm>
              <Value>159</Value>
            </HeartRateBpm>
            <Extensions>
              <ns3:TPX>
                <ns3:Speed>3.3499999046325684</ns3:Speed>
                <ns3:RunCadence>85</ns3:RunCadence>
              </ns3:TPX>
            </Extensions>
          </Trackpoint>
          <Trackpoint>
            <Time>2026-01-10T10:06:25.000Z</Time>
            <Position>
              <LatitudeDegrees>38.90929969958961</LatitudeDegrees>
              <LongitudeDegrees>-6.333910943940282</LongitudeDegrees>
            </Position>
            <AltitudeMeters>223.0</AltitudeMeters>
            <DistanceMeters>5922.08984375</DistanceMeters>
            <HeartRateBpm>
              <Value>158</Value>
            </HeartRateBpm>
            <Extensions>
              <ns3:TPX>
                <ns3:Speed>3.3499999046325684</ns3:Speed>
                <ns3:RunCadence>85</ns3:RunCadence>
              </ns3:TPX>
            </Extensions>
          </Trackpoint>
          <Trackpoint>
            <Time>2026-01-10T10:06:31.000Z</Time>
            <Position>
              <LatitudeDegrees>38.90914572402835</LatitudeDegrees>
              <LongitudeDegrees>-6.334050334990025</LongitudeDegrees>
            </Position>
            <AltitudeMeters>223.0</AltitudeMeters>
            <DistanceMeters>5943.06982421875</DistanceMeters>
            <HeartRateBpm>
              <Value>159</Value>
            </HeartRateBpm>
            <Extensions>
              <ns3:TPX>
                <ns3:Speed>3.368000030517578</ns3:Speed>
                <ns3:RunCadence>86</ns3:RunCadence>
              </ns3:TPX>
            </Extensions>
          </Trackpoint>
          <Trackpoint>
            <Time>2026-01-10T10:06:33.000Z</Time>
            <Position>
              <LatitudeDegrees>38.909084955230355</LatitudeDegrees>
              <LongitudeDegrees>-6.33408771827817</LongitudeDegrees>
            </Position>
            <AltitudeMeters>223.0</AltitudeMeters>
            <DistanceMeters>5950.56005859375</DistanceMeters>
            <HeartRateBpm>
              <Value>159</Value>
            </HeartRateBpm>
            <Extensions>
              <ns3:TPX>
                <ns3:Speed>3.368000030517578</ns3:Speed>
                <ns3:RunCadence>87</ns3:RunCadence>
              </ns3:TPX>
            </Extensions>
          </Trackpoint>
          <Trackpoint>
            <Time>2026-01-10T10:06:39.000Z</Time>
            <Position>
              <LatitudeDegrees>38.90890524722636</LatitudeDegrees>
              <LongitudeDegrees>-6.334112947806716</LongitudeDegrees>
            </Position>
            <AltitudeMeters>223.8000030517578</AltitudeMeters>
            <DistanceMeters>5970.759765625</DistanceMeters>
            <HeartRateBpm>
              <Value>159</Value>
            </HeartRateBpm>
            <Extensions>
              <ns3:TPX>
                <ns3:Speed>3.38700008392334</ns3:Speed>
                <ns3:RunCadence>86</ns3:RunCadence>
              </ns3:TPX>
            </Extensions>
          </Trackpoint>
          <Trackpoint>
            <Time>2026-01-10T10:06:40.000Z</Time>
            <Position>
              <LatitudeDegrees>38.908873815089464</LatitudeDegrees>
              <LongitudeDegrees>-6.33410875685513</LongitudeDegrees>
            </Position>
            <AltitudeMeters>224.0</AltitudeMeters>
            <DistanceMeters>5974.27001953125</DistanceMeters>
            <HeartRateBpm>
              <Value>159</Value>
            </HeartRateBpm>
            <Extensions>
              <ns3:TPX>
                <ns3:Speed>3.3959999084472656</ns3:Speed>
                <ns3:RunCadence>86</ns3:RunCadence>
              </ns3:TPX>
            </Extensions>
          </Trackpoint>
          <Trackpoint>
            <Time>2026-01-10T10:06:46.000Z</Time>
            <Position>
              <LatitudeDegrees>38.90870592556894</LatitudeDegrees>
              <LongitudeDegrees>-6.334032565355301</LongitudeDegrees>
            </Position>
            <AltitudeMeters>225.39999389648438</AltitudeMeters>
            <DistanceMeters>5994.31005859375</DistanceMeters>
            <HeartRateBpm>
              <Value>159</Value>
            </HeartRateBpm>
            <Extensions>
              <ns3:TPX>
                <ns3:Speed>3.4059998989105225</ns3:Speed>
                <ns3:RunCadence>85</ns3:RunCadence>
              </ns3:TPX>
            </Extensions>
          </Trackpoint>
          <Trackpoint>
            <Time>2026-01-10T10:06:47.000Z</Time>
            <Position>
              <LatitudeDegrees>38.90868103131652</LatitudeDegrees>
              <LongitudeDegrees>-6.334007838740945</LongitudeDegrees>
            </Position>
            <AltitudeMeters>225.60000610351562</AltitudeMeters>
            <DistanceMeters>5997.81005859375</DistanceMeters>
            <HeartRateBpm>
              <Value>158</Value>
            </HeartRateBpm>
            <Extensions>
              <ns3:TPX>
                <ns3:Speed>3.4059998989105225</ns3:Speed>
                <ns3:RunCadence>85</ns3:RunCadence>
              </ns3:TPX>
            </Extensions>
          </Trackpoint>
          <Trackpoint>
            <Time>2026-01-10T10:06:48.000Z</Time>
            <Position>
              <LatitudeDegrees>38.90865714289248</LatitudeDegrees>
              <LongitudeDegrees>-6.333982357755303</LongitudeDegrees>
            </Position>
            <AltitudeMeters>225.8000030517578</AltitudeMeters>
            <DistanceMeters>6001.259765625</DistanceMeters>
            <HeartRateBpm>
              <Value>159</Value>
            </HeartRateBpm>
            <Extensions>
              <ns3:TPX>
                <ns3:Speed>3.3959999084472656</ns3:Speed>
                <ns3:RunCadence>85</ns3:RunCadence>
              </ns3:TPX>
            </Extensions>
          </Trackpoint>
          <Trackpoint>
            <Time>2026-01-10T10:06:49.000Z</Time>
            <Position>
              <LatitudeDegrees>38.9086355175823</LatitudeDegrees>
              <LongitudeDegrees>-6.333956960588694</LongitudeDegrees>
            </Position>
            <AltitudeMeters>226.0</AltitudeMeters>
            <DistanceMeters>6004.509765625</DistanceMeters>
            <HeartRateBpm>
              <Value>160</Value>
            </HeartRateBpm>
            <Extensions>
              <ns3:TPX>
                <ns3:Speed>3.3959999084472656</ns3:Speed>
                <ns3:RunCadence>86</ns3:RunCadence>
              </ns3:TPX>
            </Extensions>
          </Trackpoint>
        </Track>
        <Extensions>
          <ns3:LX>
            <ns3:AvgSpeed>3.3489999771118164</ns3:AvgSpeed>
            <ns3:AvgRunCadence>85</ns3:AvgRunCadence>
            <ns3:MaxRunCadence>89</ns3:MaxRunCadence>
          </ns3:LX>
        </Extensions>
      </Lap>
      <Lap StartTime="2026-01-10T10:06:49.000Z">
        <TotalTimeSeconds>0.528</TotalTimeSeconds>
        <DistanceMeters>4.51</DistanceMeters>
        <MaximumSpeed>3.3959999084472656</MaximumSpeed>
        <Calories>0</Calories>
        <AverageHeartRateBpm>
          <Value>160</Value>
        </AverageHeartRateBpm>
        <MaximumHeartRateBpm>
          <Value>160</Value>
        </MaximumHeartRateBpm>
        <Intensity>Active</Intensity>
        <TriggerMethod>Manual</TriggerMethod>
        <Track>
          <Trackpoint>
            <Time>2026-01-10T10:06:49.000Z</Time>
            <Position>
              <LatitudeDegrees>38.9086355175823</LatitudeDegrees>
              <LongitudeDegrees>-6.333956960588694</LongitudeDegrees>
            </Position>
            <AltitudeMeters>226.0</AltitudeMeters>
            <DistanceMeters>6004.509765625</DistanceMeters>
            <HeartRateBpm>
              <Value>160</Value>
            </HeartRateBpm>
            <Extensions>
              <ns3:TPX>
                <ns3:Speed>3.3959999084472656</ns3:Speed>
                <ns3:RunCadence>86</ns3:RunCadence>
              </ns3:TPX>
            </Extensions>
          </Trackpoint>
        </Track>
        <Extensions>
          <ns3:LX>
            <ns3:AvgSpeed>8.541000366210938</ns3:AvgSpeed>
            <ns3:AvgRunCadence>86</ns3:AvgRunCadence>
            <ns3:MaxRunCadence>86</ns3:MaxRunCadence>
          </ns3:LX>
        </Extensions>
      </Lap>
      <Creator xsi:type="Device_t">
        <Name>Forerunner 55</Name>
        <UnitId>3511864987</UnitId>
        <ProductID>3869</ProductID>
        <Version>
          <VersionMajor>11</VersionMajor>
          <VersionMinor>3</VersionMinor>
          <BuildMajor>0</BuildMajor>
          <BuildMinor>0</BuildMinor>
        </Version>
      </Creator>
    </Activity>
  </Activities>
  <Author xsi:type="Application_t">
    <Name>Connect Api</Name>
    <Build>
      <Version>
        <VersionMajor>25</VersionMajor>
        <VersionMinor>24</VersionMinor>
        <BuildMajor>0</BuildMajor>
        <BuildMinor>0</BuildMinor>
      </Version>
    </Build>
    <LangID>en</LangID>
    <PartNumber>006-D2449-00</PartNumber>
  </Author>
</TrainingCenterDatabase>
