<?xml version="1.0" encoding="UTF-8"?>
<TrainingCenterDatabase
  xsi:schemaLocation="http://www.garmin.com/xmlschemas/TrainingCenterDatabase/v2 http://www.garmin.com/xmlschemas/TrainingCenterDatabasev2.xsd"
  xmlns:ns5="http://www.garmin.com/xmlschemas/ActivityGoals/v1"
  xmlns:ns3="http://www.garmin.com/xmlschemas/ActivityExtension/v2"
  xmlns:ns2="http://www.garmin.com/xmlschemas/UserProfile/v2"
  xmlns="http://www.garmin.com/xmlschemas/TrainingCenterDatabase/v2"
  xmlns:xsi="http://www.w3.org/2001/XMLSchema-instance" xmlns:ns4="http://www.garmin.com/xmlschemas/ProfileExtension/v1">
  <Activities>
    <Activity Sport="Running">
      <Id>2026-01-14T17:50:23.000Z</Id>
      <Lap StartTime="2026-01-14T17:50:23.000Z">
        <TotalTimeSeconds>361.769</TotalTimeSeconds>
        <DistanceMeters>1000.0</DistanceMeters>
        <MaximumSpeed>2.994999885559082</MaximumSpeed>
        <Calories>69</Calories>
        <AverageHeartRateBpm>
          <Value>124</Value>
        </AverageHeartRateBpm>
        <MaximumHeartRateBpm>
          <Value>136</Value>
        </MaximumHeartRateBpm>
        <Intensity>Active</Intensity>
        <TriggerMethod>Manual</TriggerMethod>
        <Track>
          <Trackpoint>
            <Time>2026-01-14T17:50:23.000Z</Time>
            <Position>
              <LatitudeDegrees>38.922763550654054</LatitudeDegrees>
              <LongitudeDegrees>-6.362773105502129</LongitudeDegrees>
            </Position>
            <AltitudeMeters>206.0</AltitudeMeters>
            <DistanceMeters>0.0</DistanceMeters>
            <HeartRateBpm>
              <Value>67</Value>
            </HeartRateBpm>
            <Extensions>
              <ns3:TPX>
                <ns3:Speed>0.0</ns3:Speed>
                <ns3:RunCadence>0</ns3:RunCadence>
              </ns3:TPX>
            </Extensions>
          </Trackpoint>
          <Trackpoint>
            <Time>2026-01-14T17:50:24.000Z</Time>
            <Position>
              <LatitudeDegrees>38.92277553677559</LatitudeDegrees>
              <LongitudeDegrees>-6.362784756347537</LongitudeDegrees>
            </Position>
            <AltitudeMeters>205.8000030517578</AltitudeMeters>
            <DistanceMeters>1.6799999475479126</DistanceMeters>
            <HeartRateBpm>
              <Value>67</Value>
            </HeartRateBpm>
            <Extensions>
              <ns3:TPX>
                <ns3:Speed>0.0</ns3:Speed>
                <ns3:RunCadence>0</ns3:RunCadence>
              </ns3:TPX>
            </Extensions>
          </Trackpoint>
          <Trackpoint>
            <Time>2026-01-14T17:50:30.000Z</Time>
            <Position>
              <LatitudeDegrees>38.92286245711148</LatitudeDegrees>
              <LongitudeDegrees>-6.362897660583258</LongitudeDegrees>
            </Position>
            <AltitudeMeters>206.1999969482422</AltitudeMeters>
            <DistanceMeters>15.390000343322754</DistanceMeters>
            <HeartRateBpm>
              <Value>69</Value>
            </HeartRateBpm>
            <Extensions>
              <ns3:TPX>
                <ns3:Speed>0.0</ns3:Speed>
                <ns3:RunCadence>0</ns3:RunCadence>
              </ns3:TPX>
            </Extensions>
          </Trackpoint>
          <Trackpoint>
            <Time>2026-01-14T17:50:31.000Z</Time>
            <Position>
              <LatitudeDegrees>38.92287779599428</LatitudeDegrees>
              <LongitudeDegrees>-6.362920459359884</LongitudeDegrees>
            </Position>
            <AltitudeMeters>206.39999389648438</AltitudeMeters>
            <DistanceMeters>17.979999542236328</DistanceMeters>
            <HeartRateBpm>
              <Value>72</Value>
            </HeartRateBpm>
            <Extensions>
              <ns3:TPX>
                <ns3:Speed>0.0</ns3:Speed>
                <ns3:RunCadence>82</ns3:RunCadence>
              </ns3:TPX>
            </Extensions>
          </Trackpoint>
          <Trackpoint>
            <Time>2026-01-14T17:50:33.000Z</Time>
            <Position>
              <LatitudeDegrees>38.92291450873017</LatitudeDegrees>
              <LongitudeDegrees>-6.362977959215641</LongitudeDegrees>
            </Position>
            <AltitudeMeters>206.60000610351562</AltitudeMeters>
            <DistanceMeters>24.40999984741211</DistanceMeters>
            <HeartRateBpm>
              <Value>76</Value>
            </HeartRateBpm>
            <Extensions>
              <ns3:TPX>
                <ns3:Speed>1.4559999704360962</ns3:Speed>
                <ns3:RunCadence>84</ns3:RunCadence>
              </ns3:TPX>
            </Extensions>
          </Trackpoint>
          <Trackpoint>
            <Time>2026-01-14T17:50:38.000Z</Time>
            <Position>
              <LatitudeDegrees>38.92299681901932</LatitudeDegrees>
              <LongitudeDegrees>-6.363115506246686</LongitudeDegrees>
            </Position>
            <AltitudeMeters>207.0</AltitudeMeters>
            <DistanceMeters>39.43000030517578</DistanceMeters>
            <HeartRateBpm>
              <Value>81</Value>
            </HeartRateBpm>
            <Extensions>
              <ns3:TPX>
                <ns3:Speed>2.9760000705718994</ns3:Speed>
                <ns3:RunCadence>84</ns3:RunCadence>
              </ns3:TPX>
            </Extensions>
          </Trackpoint>
          <Trackpoint>
            <Time>2026-01-14T17:50:40.000Z</Time>
            <Position>
              <LatitudeDegrees>38.923031939193606</LatitudeDegrees>
              <LongitudeDegrees>-6.363163534551859</LongitudeDegrees>
            </Position>
            <AltitudeMeters>207.0</AltitudeMeters>
            <DistanceMeters>45.130001068115234</DistanceMeters>
            <HeartRateBpm>
              <Value>85</Value>
            </HeartRateBpm>
            <Extensions>
              <ns3:TPX>
                <ns3:Speed>2.8459999561309814</ns3:Speed>
                <ns3:RunCadence>84</ns3:RunCadence>
              </ns3:TPX>
            </Extensions>
          </Trackpoint>
          <Trackpoint>
            <Time>2026-01-14T17:50:42.000Z</Time>
            <Position>
              <LatitudeDegrees>38.92306471243501</LatitudeDegrees>
              <LongitudeDegrees>-6.363219358026981</LongitudeDegrees>
            </Position>
            <AltitudeMeters>207.1999969482422</AltitudeMeters>
            <DistanceMeters>51.18000030517578</DistanceMeters>
            <HeartRateBpm>
              <Value>88</Value>
            </HeartRateBpm>
            <Extensions>
              <ns3:TPX>
                <ns3:Speed>2.865000009536743</ns3:Speed>
                <ns3:RunCadence>84</ns3:RunCadence>
              </ns3:TPX>
            </Extensions>
          </Trackpoint>
          <Trackpoint>
            <Time>2026-01-14T17:50:44.000Z</Time>
            <Position>
              <LatitudeDegrees>38.923098323866725</LatitudeDegrees>
              <LongitudeDegrees>-6.363268308341503</LongitudeDegrees>
            </Position>
            <AltitudeMeters>207.39999389648438</AltitudeMeters>
            <DistanceMeters>56.849998474121094</DistanceMeters>
            <HeartRateBpm>
              <Value>95</Value>
            </HeartRateBpm>
            <Extensions>
              <ns3:TPX>
                <ns3:Speed>2.994999885559082</ns3:Speed>
                <ns3:RunCadence>84</ns3:RunCadence>
              </ns3:TPX>
            </Extensions>
          </Trackpoint>
          <Trackpoint>
            <Time>2026-01-14T17:50:45.000Z</Time>
            <Position>
              <LatitudeDegrees>38.923116428777575</LatitudeDegrees>
              <LongitudeDegrees>-6.363289849832654</LongitudeDegrees>
            </Position>
            <AltitudeMeters>207.39999389648438</AltitudeMeters>
            <DistanceMeters>59.59000015258789</DistanceMeters>
            <HeartRateBpm>
              <Value>92</Value>
            </HeartRateBpm>
            <Extensions>
              <ns3:TPX>
                <ns3:Speed>2.994999885559082</ns3:Speed>
                <ns3:RunCadence>85</ns3:RunCadence>
              </ns3:TPX>
            </Extensions>
          </Trackpoint>
          <Trackpoint>
            <Time>2026-01-14T17:50:48.000Z</Time>
            <Position>
              <LatitudeDegrees>38.92316613346338</LatitudeDegrees>
              <LongitudeDegrees>-6.3633636105805635</LongitudeDegrees>
            </Position>
            <AltitudeMeters>207.60000610351562</AltitudeMeters>
            <DistanceMeters>68.04000091552734</DistanceMeters>
            <HeartRateBpm>
              <Value>96</Value>
            </HeartRateBpm>
            <Extensions>
              <ns3:TPX>
                <ns3:Speed>2.9760000705718994</ns3:Speed>
                <ns3:RunCadence>83</ns3:RunCadence>
              </ns3:TPX>
            </Extensions>
          </Trackpoint>
          <Trackpoint>
            <Time>2026-01-14T17:50:51.000Z</Time>
            <Position>
              <LatitudeDegrees>38.92321583814919</LatitudeDegrees>
              <LongitudeDegrees>-6.363436868414283</LongitudeDegrees>
            </Position>
            <AltitudeMeters>207.60000610351562</AltitudeMeters>
            <DistanceMeters>76.44999694824219</DistanceMeters>
            <HeartRateBpm>
              <Value>99</Value>
            </HeartRateBpm>
            <Extensions>
              <ns3:TPX>
                <ns3:Speed>2.9019999504089355</ns3:Speed>
                <ns3:RunCadence>83</ns3:RunCadence>
              </ns3:TPX>
            </Extensions>
          </Trackpoint>
          <Trackpoint>
            <Time>2026-01-14T17:50:53.000Z</Time>
            <Position>
              <LatitudeDegrees>38.923242995515466</LatitudeDegrees>
              <LongitudeDegrees>-6.363492775708437</LongitudeDegrees>
            </Position>
            <AltitudeMeters>207.60000610351562</AltitudeMeters>
            <DistanceMeters>82.13999938964844</DistanceMeters>
            <HeartRateBpm>
              <Value>103</Value>
            </HeartRateBpm>
            <Extensions>
              <ns3:TPX>
                <ns3:Speed>2.8550000190734863</ns3:Speed>
                <ns3:RunCadence>84</ns3:RunCadence>
              </ns3:TPX>
            </Extensions>
          </Trackpoint>
          <Trackpoint>
            <Time>2026-01-14T17:50:54.000Z</Time>
            <Position>
              <LatitudeDegrees>38.92325506545603</LatitudeDegrees>
              <LongitudeDegrees>-6.363520938903093</LongitudeDegrees>
            </Position>
            <AltitudeMeters>207.8000030517578</AltitudeMeters>
            <DistanceMeters>84.91999816894531</DistanceMeters>
            <HeartRateBpm>
              <Value>106</Value>
            </HeartRateBpm>
            <Extensions>
              <ns3:TPX>
                <ns3:Speed>2.8369998931884766</ns3:Speed>
                <ns3:RunCadence>84</ns3:RunCadence>
              </ns3:TPX>
            </Extensions>
          </Trackpoint>
          <Trackpoint>
            <Time>2026-01-14T17:50:56.000Z</Time>
            <Position>
              <LatitudeDegrees>38.92328029498458</LatitudeDegrees>
              <LongitudeDegrees>-6.363576175644994</LongitudeDegrees>
            </Position>
            <AltitudeMeters>208.1999969482422</AltitudeMeters>
            <DistanceMeters>90.47000122070312</DistanceMeters>
            <HeartRateBpm>
              <Value>109</Value>
            </HeartRateBpm>
            <Extensions>
              <ns3:TPX>
                <ns3:Speed>2.8269999027252197</ns3:Speed>
                <ns3:RunCadence>84</ns3:RunCadence>
              </ns3:TPX>
            </Extensions>
          </Trackpoint>
          <Trackpoint>
            <Time>2026-01-14T17:50:58.000Z</Time>
            <Position>
              <LatitudeDegrees>38.92330326139927</LatitudeDegrees>
              <LongitudeDegrees>-6.363632837310433</LongitudeDegrees>
            </Position>
            <AltitudeMeters>208.39999389648438</AltitudeMeters>
            <DistanceMeters>96.01000213623047</DistanceMeters>
            <HeartRateBpm>
              <Value>112</Value>
            </HeartRateBpm>
            <Extensions>
              <ns3:TPX>
                <ns3:Speed>2.8369998931884766</ns3:Speed>
                <ns3:RunCadence>85</ns3:RunCadence>
              </ns3:TPX>
            </Extensions>
          </Trackpoint>
          <Trackpoint>
            <Time>2026-01-14T17:51:01.000Z</Time>
            <Position>
              <LatitudeDegrees>38.92334282398224</LatitudeDegrees>
              <LongitudeDegrees>-6.363714057952166</LongitudeDegrees>
            </Position>
            <AltitudeMeters>208.8000030517578</AltitudeMeters>
            <DistanceMeters>104.30999755859375</DistanceMeters>
            <HeartRateBpm>
              <Value>114</Value>
            </HeartRateBpm>
            <Extensions>
              <ns3:TPX>
                <ns3:Speed>2.865000009536743</ns3:Speed>
                <ns3:RunCadence>83</ns3:RunCadence>
              </ns3:TPX>
            </Extensions>
          </Trackpoint>
          <Trackpoint>
            <Time>2026-01-14T17:51:06.000Z</Time>
            <Position>
              <LatitudeDegrees>38.92341138795018</LatitudeDegrees>
              <LongitudeDegrees>-6.363851269707084</LongitudeDegrees>
            </Position>
            <AltitudeMeters>209.1999969482422</AltitudeMeters>
            <DistanceMeters>118.43000030517578</DistanceMeters>
            <HeartRateBpm>
              <Value>117</Value>
            </HeartRateBpm>
            <Extensions>
              <ns3:TPX>
                <ns3:Speed>2.874000072479248</ns3:Speed>
                <ns3:RunCadence>83</ns3:RunCadence>
              </ns3:TPX>
            </Extensions>
          </Trackpoint>
          <Trackpoint>
            <Time>2026-01-14T17:51:08.000Z</Time>
            <Position>
              <LatitudeDegrees>38.92343720421195</LatitudeDegrees>
              <LongitudeDegrees>-6.363901309669018</LongitudeDegrees>
            </Position>
            <AltitudeMeters>209.39999389648438</AltitudeMeters>
            <DistanceMeters>123.63999938964844</DistanceMeters>
            <HeartRateBpm>
              <Value>118</Value>
            </HeartRateBpm>
            <Extensions>
              <ns3:TPX>
                <ns3:Speed>2.865000009536743</ns3:Speed>
                <ns3:RunCadence>83</ns3:RunCadence>
              </ns3:TPX>
            </Extensions>
          </Trackpoint>
          <Trackpoint>
            <Time>2026-01-14T17:51:16.000Z</Time>
            <Position>
              <LatitudeDegrees>38.923555724322796</LatitudeDegrees>
              <LongitudeDegrees>-6.364106331020594</LongitudeDegrees>
            </Position>
            <AltitudeMeters>209.8000030517578</AltitudeMeters>
            <DistanceMeters>145.75</DistanceMeters>
            <HeartRateBpm>
              <Value>120</Value>
            </HeartRateBpm>
            <Extensions>
              <ns3:TPX>
                <ns3:Speed>2.818000078201294</ns3:Speed>
                <ns3:RunCadence>82</ns3:RunCadence>
              </ns3:TPX>
            </Extensions>
          </Trackpoint>
          <Trackpoint>
            <Time>2026-01-14T17:51:18.000Z</Time>
            <Position>
              <LatitudeDegrees>38.92358413897455</LatitudeDegrees>
              <LongitudeDegrees>-6.3641640823334455</LongitudeDegrees>
            </Position>
            <AltitudeMeters>209.60000610351562</AltitudeMeters>
            <DistanceMeters>151.6699981689453</DistanceMeters>
            <HeartRateBpm>
              <Value>120</Value>
            </HeartRateBpm>
            <Extensions>
              <ns3:TPX>
                <ns3:Speed>2.809000015258789</ns3:Speed>
                <ns3:RunCadence>82</ns3:RunCadence>
              </ns3:TPX>
            </Extensions>
          </Trackpoint>
          <Trackpoint>
            <Time>2026-01-14T17:51:22.000Z</Time>
            <Position>
              <LatitudeDegrees>38.92364138737321</LatitudeDegrees>
              <LongitudeDegrees>-6.364269694313407</LongitudeDegrees>
            </Position>
            <AltitudeMeters>209.39999389648438</AltitudeMeters>
            <DistanceMeters>162.8300018310547</DistanceMeters>
            <HeartRateBpm>
              <Value>123</Value>
            </HeartRateBpm>
            <Extensions>
              <ns3:TPX>
                <ns3:Speed>2.7899999618530273</ns3:Speed>
                <ns3:RunCadence>82</ns3:RunCadence>
              </ns3:TPX>
            </Extensions>
          </Trackpoint>
          <Trackpoint>
            <Time>2026-01-14T17:51:27.000Z</Time>
            <Position>
              <LatitudeDegrees>38.92371078953147</LatitudeDegrees>
              <LongitudeDegrees>-6.364390812814236</LongitudeDegrees>
            </Position>
            <AltitudeMeters>209.1999969482422</AltitudeMeters>
            <DistanceMeters>175.86000061035156</DistanceMeters>
            <HeartRateBpm>
              <Value>124</Value>
            </HeartRateBpm>
            <Extensions>
              <ns3:TPX>
                <ns3:Speed>2.7709999084472656</ns3:Speed>
                <ns3:RunCadence>83</ns3:RunCadence>
              </ns3:TPX>
            </Extensions>
          </Trackpoint>
          <Trackpoint>
            <Time>2026-01-14T17:51:35.000Z</Time>
            <Position>
              <LatitudeDegrees>38.9238247834146</LatitudeDegrees>
              <LongitudeDegrees>-6.364588122814894</LongitudeDegrees>
            </Position>
            <AltitudeMeters>209.0</AltitudeMeters>
            <DistanceMeters>197.14999389648438</DistanceMeters>
            <HeartRateBpm>
              <Value>124</Value>
            </HeartRateBpm>
            <Extensions>
              <ns3:TPX>
                <ns3:Speed>2.743000030517578</ns3:Speed>
                <ns3:RunCadence>83</ns3:RunCadence>
              </ns3:TPX>
            </Extensions>
          </Trackpoint>
          <Trackpoint>
            <Time>2026-01-14T17:51:38.000Z</Time>
            <Position>
              <LatitudeDegrees>38.92386183142662</LatitudeDegrees>
              <LongitudeDegrees>-6.364669259637594</LongitudeDegrees>
            </Position>
            <AltitudeMeters>209.0</AltitudeMeters>
            <DistanceMeters>205.30999755859375</DistanceMeters>
            <HeartRateBpm>
              <Value>125</Value>
            </HeartRateBpm>
            <Extensions>
              <ns3:TPX>
                <ns3:Speed>2.743000030517578</ns3:Speed>
                <ns3:RunCadence>83</ns3:RunCadence>
              </ns3:TPX>
            </Extensions>
          </Trackpoint>
          <Trackpoint>
            <Time>2026-01-14T17:51:46.000Z</Time>
            <Position>
              <LatitudeDegrees>38.92396702431142</LatitudeDegrees>
              <LongitudeDegrees>-6.364884087815881</LongitudeDegrees>
            </Position>
            <AltitudeMeters>208.60000610351562</AltitudeMeters>
            <DistanceMeters>227.30999755859375</DistanceMeters>
            <HeartRateBpm>
              <Value>125</Value>
            </HeartRateBpm>
            <Extensions>
              <ns3:TPX>
                <ns3:Speed>2.7339999675750732</ns3:Speed>
                <ns3:RunCadence>82</ns3:RunCadence>
              </ns3:TPX>
            </Extensions>
          </Trackpoint>
          <Trackpoint>
            <Time>2026-01-14T17:51:48.000Z</Time>
            <Position>
              <LatitudeDegrees>38.92399711534381</LatitudeDegrees>
              <LongitudeDegrees>-6.364929601550102</LongitudeDegrees>
            </Position>
            <AltitudeMeters>208.1999969482422</AltitudeMeters>
            <DistanceMeters>232.47999572753906</DistanceMeters>
            <HeartRateBpm>
              <Value>125</Value>
            </HeartRateBpm>
            <Extensions>
              <ns3:TPX>
                <ns3:Speed>2.7339999675750732</ns3:Speed>
                <ns3:RunCadence>82</ns3:RunCadence>
              </ns3:TPX>
            </Extensions>
          </Trackpoint>
          <Trackpoint>
            <Time>2026-01-14T17:51:56.000Z</Time>
            <Position>
              <LatitudeDegrees>38.92410473898053</LatitudeDegrees>
              <LongitudeDegrees>-6.365129007026553</LongitudeDegrees>
            </Position>
            <AltitudeMeters>209.1999969482422</AltitudeMeters>
            <DistanceMeters>253.47000122070312</DistanceMeters>
            <HeartRateBpm>
              <Value>127</Value>
            </HeartRateBpm>
            <Extensions>
              <ns3:TPX>
                <ns3:Speed>2.7339999675750732</ns3:Speed>
                <ns3:RunCadence>82</ns3:RunCadence>
              </ns3:TPX>
            </Extensions>
          </Trackpoint>
          <Trackpoint>
            <Time>2026-01-14T17:52:04.000Z</Time>
            <Position>
              <LatitudeDegrees>38.924217810854316</LatitudeDegrees>
              <LongitudeDegrees>-6.3653355371207</LongitudeDegrees>
            </Position>
            <AltitudeMeters>210.0</AltitudeMeters>
            <DistanceMeters>275.3399963378906</DistanceMeters>
            <HeartRateBpm>
              <Value>127</Value>
            </HeartRateBpm>
            <Extensions>
              <ns3:TPX>
                <ns3:Speed>2.7149999141693115</ns3:Speed>
                <ns3:RunCadence>83</ns3:RunCadence>
              </ns3:TPX>
            </Extensions>
          </Trackpoint>
          <Trackpoint>
            <Time>2026-01-14T17:52:06.000Z</Time>
            <Position>
              <LatitudeDegrees>38.92424672842026</LatitudeDegrees>
              <LongitudeDegrees>-6.365385577082634</LongitudeDegrees>
            </Position>
            <AltitudeMeters>210.1999969482422</AltitudeMeters>
            <DistanceMeters>280.7300109863281</DistanceMeters>
            <HeartRateBpm>
              <Value>128</Value>
            </HeartRateBpm>
            <Extensions>
              <ns3:TPX>
                <ns3:Speed>2.7060000896453857</ns3:Speed>
                <ns3:RunCadence>83</ns3:RunCadence>
              </ns3:TPX>
            </Extensions>
          </Trackpoint>
          <Trackpoint>
            <Time>2026-01-14T17:52:14.000Z</Time>
            <Position>
              <LatitudeDegrees>38.924357956275344</LatitudeDegrees>
              <LongitudeDegrees>-6.365588251501322</LongitudeDegrees>
            </Position>
            <AltitudeMeters>211.1999969482422</AltitudeMeters>
            <DistanceMeters>302.2099914550781</DistanceMeters>
            <HeartRateBpm>
              <Value>128</Value>
            </HeartRateBpm>
            <Extensions>
              <ns3:TPX>
                <ns3:Speed>2.697000026702881</ns3:Speed>
                <ns3:RunCadence>83</ns3:RunCadence>
              </ns3:TPX>
            </Extensions>
          </Trackpoint>
          <Trackpoint>
            <Time>2026-01-14T17:52:23.000Z</Time>
            <Position>
              <LatitudeDegrees>38.92447446472943</LatitudeDegrees>
              <LongitudeDegrees>-6.3657971285283566</LongitudeDegrees>
            </Position>
            <AltitudeMeters>212.39999389648438</AltitudeMeters>
            <DistanceMeters>324.4599914550781</DistanceMeters>
            <HeartRateBpm>
              <Value>129</Value>
            </HeartRateBpm>
            <Extensions>
              <ns3:TPX>
                <ns3:Speed>2.7060000896453857</ns3:Speed>
                <ns3:RunCadence>84</ns3:RunCadence>
              </ns3:TPX>
            </Extensions>
          </Trackpoint>
          <Trackpoint>
            <Time>2026-01-14T17:52:25.000Z</Time>
            <Position>
              <LatitudeDegrees>38.924506064504385</LatitudeDegrees>
              <LongitudeDegrees>-6.365853790193796</LongitudeDegrees>
            </Position>
            <AltitudeMeters>212.39999389648438</AltitudeMeters>
            <DistanceMeters>330.489990234375</DistanceMeters>
            <HeartRateBpm>
              <Value>130</Value>
            </HeartRateBpm>
            <Extensions>
              <ns3:TPX>
                <ns3:Speed>2.7149999141693115</ns3:Speed>
                <ns3:RunCadence>85</ns3:RunCadence>
              </ns3:TPX>
            </Extensions>
          </Trackpoint>
          <Trackpoint>
            <Time>2026-01-14T17:52:29.000Z</Time>
            <Position>
              <LatitudeDegrees>38.92456306144595</LatitudeDegrees>
              <LongitudeDegrees>-6.365964347496629</LongitudeDegrees>
            </Position>
            <AltitudeMeters>212.0</AltitudeMeters>
            <DistanceMeters>341.9800109863281</DistanceMeters>
            <HeartRateBpm>
              <Value>133</Value>
            </HeartRateBpm>
            <Extensions>
              <ns3:TPX>
                <ns3:Speed>2.7249999046325684</ns3:Speed>
                <ns3:RunCadence>83</ns3:RunCadence>
              </ns3:TPX>
            </Extensions>
          </Trackpoint>
          <Trackpoint>
            <Time>2026-01-14T17:52:35.000Z</Time>
            <Position>
              <LatitudeDegrees>38.924621902406216</LatitudeDegrees>
              <LongitudeDegrees>-6.366146570071578</LongitudeDegrees>
            </Position>
            <AltitudeMeters>212.0</AltitudeMeters>
            <DistanceMeters>359.45001220703125</DistanceMeters>
            <HeartRateBpm>
              <Value>134</Value>
            </HeartRateBpm>
            <Extensions>
              <ns3:TPX>
                <ns3:Speed>2.743000030517578</ns3:Speed>
                <ns3:RunCadence>83</ns3:RunCadence>
              </ns3:TPX>
            </Extensions>
          </Trackpoint>
          <Trackpoint>
            <Time>2026-01-14T17:52:42.000Z</Time>
            <Position>
              <LatitudeDegrees>38.92460555769503</LatitudeDegrees>
              <LongitudeDegrees>-6.366369612514973</LongitudeDegrees>
            </Position>
            <AltitudeMeters>213.0</AltitudeMeters>
            <DistanceMeters>378.94000244140625</DistanceMeters>
            <HeartRateBpm>
              <Value>134</Value>
            </HeartRateBpm>
            <Extensions>
              <ns3:TPX>
                <ns3:Speed>2.76200008392334</ns3:Speed>
                <ns3:RunCadence>82</ns3:RunCadence>
              </ns3:TPX>
            </Extensions>
          </Trackpoint>
          <Trackpoint>
            <Time>2026-01-14T17:52:47.000Z</Time>
            <Position>
              <LatitudeDegrees>38.924666829407215</LatitudeDegrees>
              <LongitudeDegrees>-6.366527359932661</LongitudeDegrees>
            </Position>
            <AltitudeMeters>213.8000030517578</AltitudeMeters>
            <DistanceMeters>394.3500061035156</DistanceMeters>
            <HeartRateBpm>
              <Value>134</Value>
            </HeartRateBpm>
            <Extensions>
              <ns3:TPX>
                <ns3:Speed>2.7709999084472656</ns3:Speed>
                <ns3:RunCadence>82</ns3:RunCadence>
              </ns3:TPX>
            </Extensions>
          </Trackpoint>
          <Trackpoint>
            <Time>2026-01-14T17:52:52.000Z</Time>
            <Position>
              <LatitudeDegrees>38.92477453686297</LatitudeDegrees>
              <LongitudeDegrees>-6.3666111789643764</LongitudeDegrees>
            </Position>
            <AltitudeMeters>214.1999969482422</AltitudeMeters>
            <DistanceMeters>408.55999755859375</DistanceMeters>
            <HeartRateBpm>
              <Value>134</Value>
            </HeartRateBpm>
            <Extensions>
              <ns3:TPX>
                <ns3:Speed>2.7899999618530273</ns3:Speed>
                <ns3:RunCadence>80</ns3:RunCadence>
              </ns3:TPX>
            </Extensions>
          </Trackpoint>
          <Trackpoint>
            <Time>2026-01-14T17:52:59.000Z</Time>
            <Position>
              <LatitudeDegrees>38.92496958374977</LatitudeDegrees>
              <LongitudeDegrees>-6.366685945540667</LongitudeDegrees>
            </Position>
            <AltitudeMeters>213.39999389648438</AltitudeMeters>
            <DistanceMeters>431.25</DistanceMeters>
            <HeartRateBpm>
              <Value>135</Value>
            </HeartRateBpm>
            <Extensions>
              <ns3:TPX>
                <ns3:Speed>2.809000015258789</ns3:Speed>
                <ns3:RunCadence>81</ns3:RunCadence>
              </ns3:TPX>
            </Extensions>
          </Trackpoint>
          <Trackpoint>
            <Time>2026-01-14T17:53:05.000Z</Time>
            <Position>
              <LatitudeDegrees>38.92506220377982</LatitudeDegrees>
              <LongitudeDegrees>-6.366842016577721</LongitudeDegrees>
            </Position>
            <AltitudeMeters>213.39999389648438</AltitudeMeters>
            <DistanceMeters>448.2799987792969</DistanceMeters>
            <HeartRateBpm>
              <Value>136</Value>
            </HeartRateBpm>
            <Extensions>
              <ns3:TPX>
                <ns3:Speed>2.8550000190734863</ns3:Speed>
                <ns3:RunCadence>82</ns3:RunCadence>
              </ns3:TPX>
            </Extensions>
          </Trackpoint>
          <Trackpoint>
            <Time>2026-01-14T17:53:12.000Z</Time>
            <Position>
              <LatitudeDegrees>38.9251599367708</LatitudeDegrees>
              <LongitudeDegrees>-6.367036895826459</LongitudeDegrees>
            </Position>
            <AltitudeMeters>213.0</AltitudeMeters>
            <DistanceMeters>468.3699951171875</DistanceMeters>
            <HeartRateBpm>
              <Value>136</Value>
            </HeartRateBpm>
            <Extensions>
              <ns3:TPX>
                <ns3:Speed>2.865000009536743</ns3:Speed>
                <ns3:RunCadence>81</ns3:RunCadence>
              </ns3:TPX>
            </Extensions>
          </Trackpoint>
          <Trackpoint>
            <Time>2026-01-14T17:53:19.000Z</Time>
            <Position>
              <LatitudeDegrees>38.925249706953764</LatitudeDegrees>
              <LongitudeDegrees>-6.367217777296901</LongitudeDegrees>
            </Position>
            <AltitudeMeters>211.60000610351562</AltitudeMeters>
            <DistanceMeters>486.9800109863281</DistanceMeters>
            <HeartRateBpm>
              <Value>135</Value>
            </HeartRateBpm>
            <Extensions>
              <ns3:TPX>
                <ns3:Speed>2.865000009536743</ns3:Speed>
                <ns3:RunCadence>81</ns3:RunCadence>
              </ns3:TPX>
            </Extensions>
          </Trackpoint>
          <Trackpoint>
            <Time>2026-01-14T17:53:27.000Z</Time>
            <Position>
              <LatitudeDegrees>38.92536931671202</LatitudeDegrees>
              <LongitudeDegrees>-6.36743176728487</LongitudeDegrees>
            </Position>
            <AltitudeMeters>211.0</AltitudeMeters>
            <DistanceMeters>509.7900085449219</DistanceMeters>
            <HeartRateBpm>
              <Value>134</Value>
            </HeartRateBpm>
            <Extensions>
              <ns3:TPX>
                <ns3:Speed>2.8550000190734863</ns3:Speed>
                <ns3:RunCadence>82</ns3:RunCadence>
              </ns3:TPX>
            </Extensions>
          </Trackpoint>
          <Trackpoint>
            <Time>2026-01-14T17:53:28.000Z</Time>
            <Position>
              <LatitudeDegrees>38.925383649766445</LatitudeDegrees>
              <LongitudeDegrees>-6.367458840832114</LongitudeDegrees>
            </Position>
            <AltitudeMeters>211.1999969482422</AltitudeMeters>
            <DistanceMeters>512.6300048828125</DistanceMeters>
            <HeartRateBpm>
              <Value>134</Value>
            </HeartRateBpm>
            <Extensions>
              <ns3:TPX>
                <ns3:Speed>2.8550000190734863</ns3:Speed>
                <ns3:RunCadence>82</ns3:RunCadence>
              </ns3:TPX>
            </Extensions>
          </Trackpoint>
          <Trackpoint>
            <Time>2026-01-14T17:53:36.000Z</Time>
            <Position>
              <LatitudeDegrees>38.92550946213305</LatitudeDegrees>
              <LongitudeDegrees>-6.3676667958498</LongitudeDegrees>
            </Position>
            <AltitudeMeters>210.0</AltitudeMeters>
            <DistanceMeters>535.4000244140625</DistanceMeters>
            <HeartRateBpm>
              <Value>132</Value>
            </HeartRateBpm>
            <Extensions>
              <ns3:TPX>
                <ns3:Speed>2.8550000190734863</ns3:Speed>
                <ns3:RunCadence>81</ns3:RunCadence>
              </ns3:TPX>
            </Extensions>
          </Trackpoint>
          <Trackpoint>
            <Time>2026-01-14T17:53:38.000Z</Time>
            <Position>
              <LatitudeDegrees>38.925540056079626</LatitudeDegrees>
              <LongitudeDegrees>-6.367719434201717</LongitudeDegrees>
            </Position>
            <AltitudeMeters>209.8000030517578</AltitudeMeters>
            <DistanceMeters>541.0900268554688</DistanceMeters>
            <HeartRateBpm>
              <Value>131</Value>
            </HeartRateBpm>
            <Extensions>
              <ns3:TPX>
                <ns3:Speed>2.8550000190734863</ns3:Speed>
                <ns3:RunCadence>81</ns3:RunCadence>
              </ns3:TPX>
            </Extensions>
          </Trackpoint>
          <Trackpoint>
            <Time>2026-01-14T17:53:45.000Z</Time>
            <Position>
              <LatitudeDegrees>38.92564290203154</LatitudeDegrees>
              <LongitudeDegrees>-6.3679128885269165</LongitudeDegrees>
            </Position>
            <AltitudeMeters>209.8000030517578</AltitudeMeters>
            <DistanceMeters>561.4099731445312</DistanceMeters>
            <HeartRateBpm>
              <Value>130</Value>
            </HeartRateBpm>
            <Extensions>
              <ns3:TPX>
                <ns3:Speed>2.8550000190734863</ns3:Speed>
                <ns3:RunCadence>82</ns3:RunCadence>
              </ns3:TPX>
            </Extensions>
          </Trackpoint>
          <Trackpoint>
            <Time>2026-01-14T17:53:48.000Z</Time>
            <Position>
              <LatitudeDegrees>38.92568162642419</LatitudeDegrees>
              <LongitudeDegrees>-6.368012381717563</LongitudeDegrees>
            </Position>
            <AltitudeMeters>210.0</AltitudeMeters>
            <DistanceMeters>571.0800170898438</DistanceMeters>
            <HeartRateBpm>
              <Value>129</Value>
            </HeartRateBpm>
            <Extensions>
              <ns3:TPX>
                <ns3:Speed>2.8550000190734863</ns3:Speed>
                <ns3:RunCadence>82</ns3:RunCadence>
              </ns3:TPX>
            </Extensions>
          </Trackpoint>
          <Trackpoint>
            <Time>2026-01-14T17:53:55.000Z</Time>
            <Position>
              <LatitudeDegrees>38.92579084262252</LatitudeDegrees>
              <LongitudeDegrees>-6.368198459967971</LongitudeDegrees>
            </Position>
            <AltitudeMeters>210.1999969482422</AltitudeMeters>
            <DistanceMeters>591.260009765625</DistanceMeters>
            <HeartRateBpm>
              <Value>128</Value>
            </HeartRateBpm>
            <Extensions>
              <ns3:TPX>
                <ns3:Speed>2.865000009536743</ns3:Speed>
                <ns3:RunCadence>81</ns3:RunCadence>
              </ns3:TPX>
            </Extensions>
          </Trackpoint>
          <Trackpoint>
            <Time>2026-01-14T17:53:57.000Z</Time>
            <Position>
              <LatitudeDegrees>38.925823364406824</LatitudeDegrees>
              <LongitudeDegrees>-6.368253277614713</LongitudeDegrees>
            </Position>
            <AltitudeMeters>210.0</AltitudeMeters>
            <DistanceMeters>597.22998046875</DistanceMeters>
            <HeartRateBpm>
              <Value>128</Value>
            </HeartRateBpm>
            <Extensions>
              <ns3:TPX>
                <ns3:Speed>2.874000072479248</ns3:Speed>
                <ns3:RunCadence>82</ns3:RunCadence>
              </ns3:TPX>
            </Extensions>
          </Trackpoint>
          <Trackpoint>
            <Time>2026-01-14T17:54:04.000Z</Time>
            <Position>
              <LatitudeDegrees>38.92593618482351</LatitudeDegrees>
              <LongitudeDegrees>-6.36843734420836</LongitudeDegrees>
            </Position>
            <AltitudeMeters>209.1999969482422</AltitudeMeters>
            <DistanceMeters>617.489990234375</DistanceMeters>
            <HeartRateBpm>
              <Value>128</Value>
            </HeartRateBpm>
            <Extensions>
              <ns3:TPX>
                <ns3:Speed>2.882999897003174</ns3:Speed>
                <ns3:RunCadence>82</ns3:RunCadence>
              </ns3:TPX>
            </Extensions>
          </Trackpoint>
          <Trackpoint>
            <Time>2026-01-14T17:54:08.000Z</Time>
            <Position>
              <LatitudeDegrees>38.92599284648895</LatitudeDegrees>
              <LongitudeDegrees>-6.36854387819767</LongitudeDegrees>
            </Position>
            <AltitudeMeters>208.60000610351562</AltitudeMeters>
            <DistanceMeters>628.6500244140625</DistanceMeters>
            <HeartRateBpm>
              <Value>128</Value>
            </HeartRateBpm>
            <Extensions>
              <ns3:TPX>
                <ns3:Speed>2.882999897003174</ns3:Speed>
                <ns3:RunCadence>81</ns3:RunCadence>
              </ns3:TPX>
            </Extensions>
          </Trackpoint>
          <Trackpoint>
            <Time>2026-01-14T17:54:16.000Z</Time>
            <Position>
              <LatitudeDegrees>38.92610357142985</LatitudeDegrees>
              <LongitudeDegrees>-6.368763064965606</LongitudeDegrees>
            </Position>
            <AltitudeMeters>209.1999969482422</AltitudeMeters>
            <DistanceMeters>651.27001953125</DistanceMeters>
            <HeartRateBpm>
              <Value>127</Value>
            </HeartRateBpm>
            <Extensions>
              <ns3:TPX>
                <ns3:Speed>2.874000072479248</ns3:Speed>
                <ns3:RunCadence>82</ns3:RunCadence>
              </ns3:TPX>
            </Extensions>
          </Trackpoint>
          <Trackpoint>
            <Time>2026-01-14T17:54:18.000Z</Time>
            <Position>
              <LatitudeDegrees>38.92612947151065</LatitudeDegrees>
              <LongitudeDegrees>-6.368821235373616</LongitudeDegrees>
            </Position>
            <AltitudeMeters>209.39999389648438</AltitudeMeters>
            <DistanceMeters>657.0800170898438</DistanceMeters>
            <HeartRateBpm>
              <Value>127</Value>
            </HeartRateBpm>
            <Extensions>
              <ns3:TPX>
                <ns3:Speed>2.874000072479248</ns3:Speed>
                <ns3:RunCadence>83</ns3:RunCadence>
              </ns3:TPX>
            </Extensions>
          </Trackpoint>
          <Trackpoint>
            <Time>2026-01-14T17:54:25.000Z</Time>
            <Position>
              <LatitudeDegrees>38.92622133716941</LatitudeDegrees>
              <LongitudeDegrees>-6.369021898135543</LongitudeDegrees>
            </Position>
            <AltitudeMeters>210.39999389648438</AltitudeMeters>
            <DistanceMeters>677.239990234375</DistanceMeters>
            <HeartRateBpm>
              <Value>127</Value>
            </HeartRateBpm>
            <Extensions>
              <ns3:TPX>
                <ns3:Speed>2.874000072479248</ns3:Speed>
                <ns3:RunCadence>82</ns3:RunCadence>
              </ns3:TPX>
            </Extensions>
          </Trackpoint>
          <Trackpoint>
            <Time>2026-01-14T17:54:28.000Z</Time>
            <Position>
              <LatitudeDegrees>38.926259307190776</LatitudeDegrees>
              <LongitudeDegrees>-6.3691052980721</LongitudeDegrees>
            </Position>
            <AltitudeMeters>210.60000610351562</AltitudeMeters>
            <DistanceMeters>685.6099853515625</DistanceMeters>
            <HeartRateBpm>
              <Value>126</Value>
            </HeartRateBpm>
            <Extensions>
              <ns3:TPX>
                <ns3:Speed>2.865000009536743</ns3:Speed>
                <ns3:RunCadence>83</ns3:RunCadence>
              </ns3:TPX>
            </Extensions>
          </Trackpoint>
          <Trackpoint>
            <Time>2026-01-14T17:54:36.000Z</Time>
            <Position>
              <LatitudeDegrees>38.926353016868234</LatitudeDegrees>
              <LongitudeDegrees>-6.369333704933524</LongitudeDegrees>
            </Position>
            <AltitudeMeters>211.39999389648438</AltitudeMeters>
            <DistanceMeters>707.97998046875</DistanceMeters>
            <HeartRateBpm>
              <Value>126</Value>
            </HeartRateBpm>
            <Extensions>
              <ns3:TPX>
                <ns3:Speed>2.865000009536743</ns3:Speed>
                <ns3:RunCadence>84</ns3:RunCadence>
              </ns3:TPX>
            </Extensions>
          </Trackpoint>
          <Trackpoint>
            <Time>2026-01-14T17:54:37.000Z</Time>
            <Position>
              <LatitudeDegrees>38.92636399716139</LatitudeDegrees>
              <LongitudeDegrees>-6.369362706318498</LongitudeDegrees>
            </Position>
            <AltitudeMeters>211.39999389648438</AltitudeMeters>
            <DistanceMeters>710.77001953125</DistanceMeters>
            <HeartRateBpm>
              <Value>126</Value>
            </HeartRateBpm>
            <Extensions>
              <ns3:TPX>
                <ns3:Speed>2.865000009536743</ns3:Speed>
                <ns3:RunCadence>84</ns3:RunCadence>
              </ns3:TPX>
            </Extensions>
          </Trackpoint>
          <Trackpoint>
            <Time>2026-01-14T17:54:44.000Z</Time>
            <Position>
              <LatitudeDegrees>38.92643281258643</LatitudeDegrees>
              <LongitudeDegrees>-6.369554148986936</LongitudeDegrees>
            </Position>
            <AltitudeMeters>211.0</AltitudeMeters>
            <DistanceMeters>729.0800170898438</DistanceMeters>
            <HeartRateBpm>
              <Value>127</Value>
            </HeartRateBpm>
            <Extensions>
              <ns3:TPX>
                <ns3:Speed>2.865000009536743</ns3:Speed>
                <ns3:RunCadence>83</ns3:RunCadence>
              </ns3:TPX>
            </Extensions>
          </Trackpoint>
          <Trackpoint>
            <Time>2026-01-14T17:54:49.000Z</Time>
            <Position>
              <LatitudeDegrees>38.92647069878876</LatitudeDegrees>
              <LongitudeDegrees>-6.369681637734175</LongitudeDegrees>
            </Position>
            <AltitudeMeters>210.60000610351562</AltitudeMeters>
            <DistanceMeters>740.8900146484375</DistanceMeters>
            <HeartRateBpm>
              <Value>127</Value>
            </HeartRateBpm>
            <Extensions>
              <ns3:TPX>
                <ns3:Speed>2.818000078201294</ns3:Speed>
                <ns3:RunCadence>82</ns3:RunCadence>
              </ns3:TPX>
            </Extensions>
          </Trackpoint>
          <Trackpoint>
            <Time>2026-01-14T17:54:55.000Z</Time>
            <Position>
              <LatitudeDegrees>38.92654336988926</LatitudeDegrees>
              <LongitudeDegrees>-6.369893280789256</LongitudeDegrees>
            </Position>
            <AltitudeMeters>209.0</AltitudeMeters>
            <DistanceMeters>760.9099731445312</DistanceMeters>
            <HeartRateBpm>
              <Value>126</Value>
            </HeartRateBpm>
            <Extensions>
              <ns3:TPX>
                <ns3:Speed>2.7990000247955322</ns3:Speed>
                <ns3:RunCadence>83</ns3:RunCadence>
              </ns3:TPX>
            </Extensions>
          </Trackpoint>
          <Trackpoint>
            <Time>2026-01-14T17:54:57.000Z</Time>
            <Position>
              <LatitudeDegrees>38.926572958007455</LatitudeDegrees>
              <LongitudeDegrees>-6.3699600007385015</LongitudeDegrees>
            </Position>
            <AltitudeMeters>208.60000610351562</AltitudeMeters>
            <DistanceMeters>767.469970703125</DistanceMeters>
            <HeartRateBpm>
              <Value>126</Value>
            </HeartRateBpm>
            <Extensions>
              <ns3:TPX>
                <ns3:Speed>2.809000015258789</ns3:Speed>
                <ns3:RunCadence>83</ns3:RunCadence>
              </ns3:TPX>
            </Extensions>
          </Trackpoint>
          <Trackpoint>
            <Time>2026-01-14T17:55:06.000Z</Time>
            <Position>
              <LatitudeDegrees>38.92663540318608</LatitudeDegrees>
              <LongitudeDegrees>-6.370187317952514</LongitudeDegrees>
            </Position>
            <AltitudeMeters>208.39999389648438</AltitudeMeters>
            <DistanceMeters>788.4400024414062</DistanceMeters>
            <HeartRateBpm>
              <Value>127</Value>
            </HeartRateBpm>
            <Extensions>
              <ns3:TPX>
                <ns3:Speed>2.7990000247955322</ns3:Speed>
                <ns3:RunCadence>84</ns3:RunCadence>
              </ns3:TPX>
            </Extensions>
          </Trackpoint>
          <Trackpoint>
            <Time>2026-01-14T17:55:14.000Z</Time>
            <Position>
              <LatitudeDegrees>38.92669617198408</LatitudeDegrees>
              <LongitudeDegrees>-6.37041337788105</LongitudeDegrees>
            </Position>
            <AltitudeMeters>208.39999389648438</AltitudeMeters>
            <DistanceMeters>809.1900024414062</DistanceMeters>
            <HeartRateBpm>
              <Value>128</Value>
            </HeartRateBpm>
            <Extensions>
              <ns3:TPX>
                <ns3:Speed>2.7809998989105225</ns3:Speed>
                <ns3:RunCadence>83</ns3:RunCadence>
              </ns3:TPX>
            </Extensions>
          </Trackpoint>
          <Trackpoint>
            <Time>2026-01-14T17:55:15.000Z</Time>
            <Position>
              <LatitudeDegrees>38.926703380420804</LatitudeDegrees>
              <LongitudeDegrees>-6.3704456482082605</LongitudeDegrees>
            </Position>
            <AltitudeMeters>208.1999969482422</AltitudeMeters>
            <DistanceMeters>812.0999755859375</DistanceMeters>
            <HeartRateBpm>
              <Value>128</Value>
            </HeartRateBpm>
            <Extensions>
              <ns3:TPX>
                <ns3:Speed>2.7809998989105225</ns3:Speed>
                <ns3:RunCadence>83</ns3:RunCadence>
              </ns3:TPX>
            </Extensions>
          </Trackpoint>
          <Trackpoint>
            <Time>2026-01-14T17:55:23.000Z</Time>
            <Position>
              <LatitudeDegrees>38.9267572760582</LatitudeDegrees>
              <LongitudeDegrees>-6.370697021484375</LongitudeDegrees>
            </Position>
            <AltitudeMeters>207.60000610351562</AltitudeMeters>
            <DistanceMeters>834.7100219726562</DistanceMeters>
            <HeartRateBpm>
              <Value>128</Value>
            </HeartRateBpm>
            <Extensions>
              <ns3:TPX>
                <ns3:Speed>2.76200008392334</ns3:Speed>
                <ns3:RunCadence>82</ns3:RunCadence>
              </ns3:TPX>
            </Extensions>
          </Trackpoint>
          <Trackpoint>
            <Time>2026-01-14T17:55:24.000Z</Time>
            <Position>
              <LatitudeDegrees>38.92676423303783</LatitudeDegrees>
              <LongitudeDegrees>-6.3707248494029045</LongitudeDegrees>
            </Position>
            <AltitudeMeters>207.39999389648438</AltitudeMeters>
            <DistanceMeters>837.239990234375</DistanceMeters>
            <HeartRateBpm>
              <Value>128</Value>
            </HeartRateBpm>
            <Extensions>
              <ns3:TPX>
                <ns3:Speed>2.76200008392334</ns3:Speed>
                <ns3:RunCadence>82</ns3:RunCadence>
              </ns3:TPX>
            </Extensions>
          </Trackpoint>
          <Trackpoint>
            <Time>2026-01-14T17:55:32.000Z</Time>
            <Position>
              <LatitudeDegrees>38.92681603319943</LatitudeDegrees>
              <LongitudeDegrees>-6.370974630117416</LongitudeDegrees>
            </Position>
            <AltitudeMeters>206.8000030517578</AltitudeMeters>
            <DistanceMeters>859.6400146484375</DistanceMeters>
            <HeartRateBpm>
              <Value>128</Value>
            </HeartRateBpm>
            <Extensions>
              <ns3:TPX>
                <ns3:Speed>2.76200008392334</ns3:Speed>
                <ns3:RunCadence>83</ns3:RunCadence>
              </ns3:TPX>
            </Extensions>
          </Trackpoint>
          <Trackpoint>
            <Time>2026-01-14T17:55:34.000Z</Time>
            <Position>
              <LatitudeDegrees>38.92682718113065</LatitudeDegrees>
              <LongitudeDegrees>-6.37103489600122</LongitudeDegrees>
            </Position>
            <AltitudeMeters>206.8000030517578</AltitudeMeters>
            <DistanceMeters>865.010009765625</DistanceMeters>
            <HeartRateBpm>
              <Value>128</Value>
            </HeartRateBpm>
            <Extensions>
              <ns3:TPX>
                <ns3:Speed>2.753000020980835</ns3:Speed>
                <ns3:RunCadence>83</ns3:RunCadence>
              </ns3:TPX>
            </Extensions>
          </Trackpoint>
          <Trackpoint>
            <Time>2026-01-14T17:55:42.000Z</Time>
            <Position>
              <LatitudeDegrees>38.92687512561679</LatitudeDegrees>
              <LongitudeDegrees>-6.3712741155177355</LongitudeDegrees>
            </Position>
            <AltitudeMeters>206.60000610351562</AltitudeMeters>
            <DistanceMeters>886.4299926757812</DistanceMeters>
            <HeartRateBpm>
              <Value>130</Value>
            </HeartRateBpm>
            <Extensions>
              <ns3:TPX>
                <ns3:Speed>2.743000030517578</ns3:Speed>
                <ns3:RunCadence>81</ns3:RunCadence>
              </ns3:TPX>
            </Extensions>
          </Trackpoint>
          <Trackpoint>
            <Time>2026-01-14T17:55:43.000Z</Time>
            <Position>
              <LatitudeDegrees>38.926881244406104</LatitudeDegrees>
              <LongitudeDegrees>-6.371303787454963</LongitudeDegrees>
            </Position>
            <AltitudeMeters>206.60000610351562</AltitudeMeters>
            <DistanceMeters>889.0900268554688</DistanceMeters>
            <HeartRateBpm>
              <Value>129</Value>
            </HeartRateBpm>
            <Extensions>
              <ns3:TPX>
                <ns3:Speed>2.743000030517578</ns3:Speed>
                <ns3:RunCadence>81</ns3:RunCadence>
              </ns3:TPX>
            </Extensions>
          </Trackpoint>
          <Trackpoint>
            <Time>2026-01-14T17:55:51.000Z</Time>
            <Position>
              <LatitudeDegrees>38.92691661603749</LatitudeDegrees>
              <LongitudeDegrees>-6.371538983657956</LongitudeDegrees>
            </Position>
            <AltitudeMeters>207.1999969482422</AltitudeMeters>
            <DistanceMeters>909.8599853515625</DistanceMeters>
            <HeartRateBpm>
              <Value>130</Value>
            </HeartRateBpm>
            <Extensions>
              <ns3:TPX>
                <ns3:Speed>2.7249999046325684</ns3:Speed>
                <ns3:RunCadence>83</ns3:RunCadence>
              </ns3:TPX>
            </Extensions>
          </Trackpoint>
          <Trackpoint>
            <Time>2026-01-14T17:55:53.000Z</Time>
            <Position>
              <LatitudeDegrees>38.926923740655184</LatitudeDegrees>
              <LongitudeDegrees>-6.371597154065967</LongitudeDegrees>
            </Position>
            <AltitudeMeters>207.39999389648438</AltitudeMeters>
            <DistanceMeters>914.9600219726562</DistanceMeters>
            <HeartRateBpm>
              <Value>130</Value>
            </HeartRateBpm>
            <Extensions>
              <ns3:TPX>
                <ns3:Speed>2.7149999141693115</ns3:Speed>
                <ns3:RunCadence>83</ns3:RunCadence>
              </ns3:TPX>
            </Extensions>
          </Trackpoint>
          <Trackpoint>
            <Time>2026-01-14T17:56:01.000Z</Time>
            <Position>
              <LatitudeDegrees>38.92695106565952</LatitudeDegrees>
              <LongitudeDegrees>-6.371842660009861</LongitudeDegrees>
            </Position>
            <AltitudeMeters>207.39999389648438</AltitudeMeters>
            <DistanceMeters>936.4600219726562</DistanceMeters>
            <HeartRateBpm>
              <Value>130</Value>
            </HeartRateBpm>
            <Extensions>
              <ns3:TPX>
                <ns3:Speed>2.697000026702881</ns3:Speed>
                <ns3:RunCadence>83</ns3:RunCadence>
              </ns3:TPX>
            </Extensions>
          </Trackpoint>
          <Trackpoint>
            <Time>2026-01-14T17:56:05.000Z</Time>
            <Position>
              <LatitudeDegrees>38.926968751475215</LatitudeDegrees>
              <LongitudeDegrees>-6.3719644490629435</LongitudeDegrees>
            </Position>
            <AltitudeMeters>207.39999389648438</AltitudeMeters>
            <DistanceMeters>947.2000122070312</DistanceMeters>
            <HeartRateBpm>
              <Value>130</Value>
            </HeartRateBpm>
            <Extensions>
              <ns3:TPX>
                <ns3:Speed>2.687000036239624</ns3:Speed>
                <ns3:RunCadence>83</ns3:RunCadence>
              </ns3:TPX>
            </Extensions>
          </Trackpoint>
          <Trackpoint>
            <Time>2026-01-14T17:56:13.000Z</Time>
            <Position>
              <LatitudeDegrees>38.926996160298586</LatitudeDegrees>
              <LongitudeDegrees>-6.372203165665269</LongitudeDegrees>
            </Position>
            <AltitudeMeters>208.0</AltitudeMeters>
            <DistanceMeters>968.1300048828125</DistanceMeters>
            <HeartRateBpm>
              <Value>131</Value>
            </HeartRateBpm>
            <Extensions>
              <ns3:TPX>
                <ns3:Speed>2.687000036239624</ns3:Speed>
                <ns3:RunCadence>83</ns3:RunCadence>
              </ns3:TPX>
            </Extensions>
          </Trackpoint>
          <Trackpoint>
            <Time>2026-01-14T17:56:15.000Z</Time>
            <Position>
              <LatitudeDegrees>38.92700479365885</LatitudeDegrees>
              <LongitudeDegrees>-6.372262006625533</LongitudeDegrees>
            </Position>
            <AltitudeMeters>208.1999969482422</AltitudeMeters>
            <DistanceMeters>973.3200073242188</DistanceMeters>
            <HeartRateBpm>
              <Value>131</Value>
            </HeartRateBpm>
            <Extensions>
              <ns3:TPX>
                <ns3:Speed>2.677999973297119</ns3:Speed>
                <ns3:RunCadence>83</ns3:RunCadence>
              </ns3:TPX>
            </Extensions>
          </Trackpoint>
          <Trackpoint>
            <Time>2026-01-14T17:56:23.000Z</Time>
            <Position>
              <LatitudeDegrees>38.92703454941511</LatitudeDegrees>
              <LongitudeDegrees>-6.372495023533702</LongitudeDegrees>
            </Position>
            <AltitudeMeters>208.1999969482422</AltitudeMeters>
            <DistanceMeters>993.780029296875</DistanceMeters>
            <HeartRateBpm>
              <Value>131</Value>
            </HeartRateBpm>
            <Extensions>
              <ns3:TPX>
                <ns3:Speed>2.6689999103546143</ns3:Speed>
                <ns3:RunCadence>84</ns3:RunCadence>
              </ns3:TPX>
            </Extensions>
          </Trackpoint>
          <Trackpoint>
            <Time>2026-01-14T17:56:26.000Z</Time>
            <Position>
              <LatitudeDegrees>38.927048463374376</LatitudeDegrees>
              <LongitudeDegrees>-6.372578339651227</LongitudeDegrees>
            </Position>
            <AltitudeMeters>208.39999389648438</AltitudeMeters>
            <DistanceMeters>1001.1699829101562</DistanceMeters>
            <HeartRateBpm>
              <Value>131</Value>
            </HeartRateBpm>
            <Extensions>
              <ns3:TPX>
                <ns3:Speed>2.6589999198913574</ns3:Speed>
                <ns3:RunCadence>83</ns3:RunCadence>
              </ns3:TPX>
            </Extensions>
          </Trackpoint>
        </Track>
        <Extensions>
          <ns3:LX>
            <ns3:AvgSpeed>2.7639999389648438</ns3:AvgSpeed>
            <ns3:AvgRunCadence>81</ns3:AvgRunCadence>
            <ns3:MaxRunCadence>85</ns3:MaxRunCadence>
          </ns3:LX>
        </Extensions>
      </Lap>
      <Lap StartTime="2026-01-14T17:56:27.000Z">
        <TotalTimeSeconds>367.353</TotalTimeSeconds>
        <DistanceMeters>1000.0</DistanceMeters>
        <MaximumSpeed>2.7899999618530273</MaximumSpeed>
        <Calories>73</Calories>
        <AverageHeartRateBpm>
          <Value>131</Value>
        </AverageHeartRateBpm>
        <MaximumHeartRateBpm>
          <Value>137</Value>
        </MaximumHeartRateBpm>
        <Intensity>Active</Intensity>
        <TriggerMethod>Manual</TriggerMethod>
        <Track>
          <Trackpoint>
            <Time>2026-01-14T17:56:34.000Z</Time>
            <Position>
              <LatitudeDegrees>38.927072770893574</LatitudeDegrees>
              <LongitudeDegrees>-6.372823175042868</LongitudeDegrees>
            </Position>
            <AltitudeMeters>209.1999969482422</AltitudeMeters>
            <DistanceMeters>1022.5800170898438</DistanceMeters>
            <HeartRateBpm>
              <Value>131</Value>
            </HeartRateBpm>
            <Extensions>
              <ns3:TPX>
                <ns3:Speed>2.63100004196167</ns3:Speed>
                <ns3:RunCadence>83</ns3:RunCadence>
              </ns3:TPX>
            </Extensions>
          </Trackpoint>
          <Trackpoint>
            <Time>2026-01-14T17:56:37.000Z</Time>
            <Position>
              <LatitudeDegrees>38.92708433791995</LatitudeDegrees>
              <LongitudeDegrees>-6.372915375977755</LongitudeDegrees>
            </Position>
            <AltitudeMeters>209.39999389648438</AltitudeMeters>
            <DistanceMeters>1030.6700439453125</DistanceMeters>
            <HeartRateBpm>
              <Value>131</Value>
            </HeartRateBpm>
            <Extensions>
              <ns3:TPX>
                <ns3:Speed>2.63100004196167</ns3:Speed>
                <ns3:RunCadence>83</ns3:RunCadence>
              </ns3:TPX>
            </Extensions>
          </Trackpoint>
          <Trackpoint>
            <Time>2026-01-14T17:56:44.000Z</Time>
            <Position>
              <LatitudeDegrees>38.92710302956402</LatitudeDegrees>
              <LongitudeDegrees>-6.373144704848528</LongitudeDegrees>
            </Position>
            <AltitudeMeters>209.8000030517578</AltitudeMeters>
            <DistanceMeters>1050.6600341796875</DistanceMeters>
            <HeartRateBpm>
              <Value>131</Value>
            </HeartRateBpm>
            <Extensions>
              <ns3:TPX>
                <ns3:Speed>2.6410000324249268</ns3:Speed>
                <ns3:RunCadence>82</ns3:RunCadence>
              </ns3:TPX>
            </Extensions>
          </Trackpoint>
          <Trackpoint>
            <Time>2026-01-14T17:56:50.000Z</Time>
            <Position>
              <LatitudeDegrees>38.92711224965751</LatitudeDegrees>
              <LongitudeDegrees>-6.373322485014796</LongitudeDegrees>
            </Position>
            <AltitudeMeters>209.8000030517578</AltitudeMeters>
            <DistanceMeters>1066.1099853515625</DistanceMeters>
            <HeartRateBpm>
              <Value>131</Value>
            </HeartRateBpm>
            <Extensions>
              <ns3:TPX>
                <ns3:Speed>2.6410000324249268</ns3:Speed>
                <ns3:RunCadence>83</ns3:RunCadence>
              </ns3:TPX>
            </Extensions>
          </Trackpoint>
          <Trackpoint>
            <Time>2026-01-14T17:56:57.000Z</Time>
            <Position>
              <LatitudeDegrees>38.92712591215968</LatitudeDegrees>
              <LongitudeDegrees>-6.373523315414786</LongitudeDegrees>
            </Position>
            <AltitudeMeters>209.8000030517578</AltitudeMeters>
            <DistanceMeters>1083.5999755859375</DistanceMeters>
            <HeartRateBpm>
              <Value>131</Value>
            </HeartRateBpm>
            <Extensions>
              <ns3:TPX>
                <ns3:Speed>2.63100004196167</ns3:Speed>
                <ns3:RunCadence>83</ns3:RunCadence>
              </ns3:TPX>
            </Extensions>
          </Trackpoint>
          <Trackpoint>
            <Time>2026-01-14T17:57:04.000Z</Time>
            <Position>
              <LatitudeDegrees>38.92715273424983</LatitudeDegrees>
              <LongitudeDegrees>-6.373758092522621</LongitudeDegrees>
            </Position>
            <AltitudeMeters>209.39999389648438</AltitudeMeters>
            <DistanceMeters>1104.1400146484375</DistanceMeters>
            <HeartRateBpm>
              <Value>132</Value>
            </HeartRateBpm>
            <Extensions>
              <ns3:TPX>
                <ns3:Speed>2.621999979019165</ns3:Speed>
                <ns3:RunCadence>83</ns3:RunCadence>
              </ns3:TPX>
            </Extensions>
          </Trackpoint>
          <Trackpoint>
            <Time>2026-01-14T17:57:05.000Z</Time>
            <Position>
              <LatitudeDegrees>38.927156422287226</LatitudeDegrees>
              <LongitudeDegrees>-6.373791703954339</LongitudeDegrees>
            </Position>
            <AltitudeMeters>209.39999389648438</AltitudeMeters>
            <DistanceMeters>1107.0899658203125</DistanceMeters>
            <HeartRateBpm>
              <Value>132</Value>
            </HeartRateBpm>
            <Extensions>
              <ns3:TPX>
                <ns3:Speed>2.621999979019165</ns3:Speed>
                <ns3:RunCadence>84</ns3:RunCadence>
              </ns3:TPX>
            </Extensions>
          </Trackpoint>
          <Trackpoint>
            <Time>2026-01-14T17:57:12.000Z</Time>
            <Position>
              <LatitudeDegrees>38.92714083194733</LatitudeDegrees>
              <LongitudeDegrees>-6.374000245705247</LongitudeDegrees>
            </Position>
            <AltitudeMeters>210.0</AltitudeMeters>
            <DistanceMeters>1125.800048828125</DistanceMeters>
            <HeartRateBpm>
              <Value>133</Value>
            </HeartRateBpm>
            <Extensions>
              <ns3:TPX>
                <ns3:Speed>2.6410000324249268</ns3:Speed>
                <ns3:RunCadence>84</ns3:RunCadence>
              </ns3:TPX>
            </Extensions>
          </Trackpoint>
          <Trackpoint>
            <Time>2026-01-14T17:57:19.000Z</Time>
            <Position>
              <LatitudeDegrees>38.927045529708266</LatitudeDegrees>
              <LongitudeDegrees>-6.374204847961664</LongitudeDegrees>
            </Position>
            <AltitudeMeters>211.39999389648438</AltitudeMeters>
            <DistanceMeters>1146.489990234375</DistanceMeters>
            <HeartRateBpm>
              <Value>131</Value>
            </HeartRateBpm>
            <Extensions>
              <ns3:TPX>
                <ns3:Speed>2.6589999198913574</ns3:Speed>
                <ns3:RunCadence>84</ns3:RunCadence>
              </ns3:TPX>
            </Extensions>
          </Trackpoint>
          <Trackpoint>
            <Time>2026-01-14T17:57:21.000Z</Time>
            <Position>
              <LatitudeDegrees>38.92701392993331</LatitudeDegrees>
              <LongitudeDegrees>-6.374252708628774</LongitudeDegrees>
            </Position>
            <AltitudeMeters>211.60000610351562</AltitudeMeters>
            <DistanceMeters>1151.9300537109375</DistanceMeters>
            <HeartRateBpm>
              <Value>131</Value>
            </HeartRateBpm>
            <Extensions>
              <ns3:TPX>
                <ns3:Speed>2.6689999103546143</ns3:Speed>
                <ns3:RunCadence>85</ns3:RunCadence>
              </ns3:TPX>
            </Extensions>
          </Trackpoint>
          <Trackpoint>
            <Time>2026-01-14T17:57:27.000Z</Time>
            <Position>
              <LatitudeDegrees>38.92696221359074</LatitudeDegrees>
              <LongitudeDegrees>-6.374429734423757</LongitudeDegrees>
            </Position>
            <AltitudeMeters>212.39999389648438</AltitudeMeters>
            <DistanceMeters>1169.2099609375</DistanceMeters>
            <HeartRateBpm>
              <Value>131</Value>
            </HeartRateBpm>
            <Extensions>
              <ns3:TPX>
                <ns3:Speed>2.697000026702881</ns3:Speed>
                <ns3:RunCadence>84</ns3:RunCadence>
              </ns3:TPX>
            </Extensions>
          </Trackpoint>
          <Trackpoint>
            <Time>2026-01-14T17:57:29.000Z</Time>
            <Position>
              <LatitudeDegrees>38.926988281309605</LatitudeDegrees>
              <LongitudeDegrees>-6.3744851388037205</LongitudeDegrees>
            </Position>
            <AltitudeMeters>212.60000610351562</AltitudeMeters>
            <DistanceMeters>1174.9100341796875</DistanceMeters>
            <HeartRateBpm>
              <Value>131</Value>
            </HeartRateBpm>
            <Extensions>
              <ns3:TPX>
                <ns3:Speed>2.7060000896453857</ns3:Speed>
                <ns3:RunCadence>83</ns3:RunCadence>
              </ns3:TPX>
            </Extensions>
          </Trackpoint>
          <Trackpoint>
            <Time>2026-01-14T17:57:31.000Z</Time>
            <Position>
              <LatitudeDegrees>38.92703513614833</LatitudeDegrees>
              <LongitudeDegrees>-6.374509697780013</LongitudeDegrees>
            </Position>
            <AltitudeMeters>212.1999969482422</AltitudeMeters>
            <DistanceMeters>1180.5899658203125</DistanceMeters>
            <HeartRateBpm>
              <Value>131</Value>
            </HeartRateBpm>
            <Extensions>
              <ns3:TPX>
                <ns3:Speed>2.7149999141693115</ns3:Speed>
                <ns3:RunCadence>82</ns3:RunCadence>
              </ns3:TPX>
            </Extensions>
          </Trackpoint>
          <Trackpoint>
            <Time>2026-01-14T17:57:36.000Z</Time>
            <Position>
              <LatitudeDegrees>38.927152482792735</LatitudeDegrees>
              <LongitudeDegrees>-6.374503746628761</LongitudeDegrees>
            </Position>
            <AltitudeMeters>211.39999389648438</AltitudeMeters>
            <DistanceMeters>1193.6700439453125</DistanceMeters>
            <HeartRateBpm>
              <Value>132</Value>
            </HeartRateBpm>
            <Extensions>
              <ns3:TPX>
                <ns3:Speed>2.7060000896453857</ns3:Speed>
                <ns3:RunCadence>81</ns3:RunCadence>
              </ns3:TPX>
            </Extensions>
          </Trackpoint>
          <Trackpoint>
            <Time>2026-01-14T17:57:39.000Z</Time>
            <Position>
              <LatitudeDegrees>38.92722029238939</LatitudeDegrees>
              <LongitudeDegrees>-6.37453056871891</LongitudeDegrees>
            </Position>
            <AltitudeMeters>210.8000030517578</AltitudeMeters>
            <DistanceMeters>1201.5999755859375</DistanceMeters>
            <HeartRateBpm>
              <Value>132</Value>
            </HeartRateBpm>
            <Extensions>
              <ns3:TPX>
                <ns3:Speed>2.697000026702881</ns3:Speed>
                <ns3:RunCadence>83</ns3:RunCadence>
              </ns3:TPX>
            </Extensions>
          </Trackpoint>
          <Trackpoint>
            <Time>2026-01-14T17:57:41.000Z</Time>
            <Position>
              <LatitudeDegrees>38.92725189216435</LatitudeDegrees>
              <LongitudeDegrees>-6.374576082453132</LongitudeDegrees>
            </Position>
            <AltitudeMeters>210.60000610351562</AltitudeMeters>
            <DistanceMeters>1206.8499755859375</DistanceMeters>
            <HeartRateBpm>
              <Value>132</Value>
            </HeartRateBpm>
            <Extensions>
              <ns3:TPX>
                <ns3:Speed>2.687000036239624</ns3:Speed>
                <ns3:RunCadence>83</ns3:RunCadence>
              </ns3:TPX>
            </Extensions>
          </Trackpoint>
          <Trackpoint>
            <Time>2026-01-14T17:57:43.000Z</Time>
            <Position>
              <LatitudeDegrees>38.927292712032795</LatitudeDegrees>
              <LongitudeDegrees>-6.374610280618072</LongitudeDegrees>
            </Position>
            <AltitudeMeters>210.39999389648438</AltitudeMeters>
            <DistanceMeters>1212.31005859375</DistanceMeters>
            <HeartRateBpm>
              <Value>132</Value>
            </HeartRateBpm>
            <Extensions>
              <ns3:TPX>
                <ns3:Speed>2.677999973297119</ns3:Speed>
                <ns3:RunCadence>82</ns3:RunCadence>
              </ns3:TPX>
            </Extensions>
          </Trackpoint>
          <Trackpoint>
            <Time>2026-01-14T17:57:45.000Z</Time>
            <Position>
              <LatitudeDegrees>38.92734484747052</LatitudeDegrees>
              <LongitudeDegrees>-6.374615058302879</LongitudeDegrees>
            </Position>
            <AltitudeMeters>210.0</AltitudeMeters>
            <DistanceMeters>1218.1300048828125</DistanceMeters>
            <HeartRateBpm>
              <Value>132</Value>
            </HeartRateBpm>
            <Extensions>
              <ns3:TPX>
                <ns3:Speed>2.6689999103546143</ns3:Speed>
                <ns3:RunCadence>82</ns3:RunCadence>
              </ns3:TPX>
            </Extensions>
          </Trackpoint>
          <Trackpoint>
            <Time>2026-01-14T17:57:49.000Z</Time>
            <Position>
              <LatitudeDegrees>38.927429504692554</LatitudeDegrees>
              <LongitudeDegrees>-6.374653531238437</LongitudeDegrees>
            </Position>
            <AltitudeMeters>209.0</AltitudeMeters>
            <DistanceMeters>1228.5899658203125</DistanceMeters>
            <HeartRateBpm>
              <Value>131</Value>
            </HeartRateBpm>
            <Extensions>
              <ns3:TPX>
                <ns3:Speed>2.6689999103546143</ns3:Speed>
                <ns3:RunCadence>83</ns3:RunCadence>
              </ns3:TPX>
            </Extensions>
          </Trackpoint>
          <Trackpoint>
            <Time>2026-01-14T17:57:50.000Z</Time>
            <Position>
              <LatitudeDegrees>38.927439814433455</LatitudeDegrees>
              <LongitudeDegrees>-6.374679179862142</LongitudeDegrees>
            </Position>
            <AltitudeMeters>209.0</AltitudeMeters>
            <DistanceMeters>1231.0899658203125</DistanceMeters>
            <HeartRateBpm>
              <Value>131</Value>
            </HeartRateBpm>
            <Extensions>
              <ns3:TPX>
                <ns3:Speed>2.6689999103546143</ns3:Speed>
                <ns3:RunCadence>82</ns3:RunCadence>
              </ns3:TPX>
            </Extensions>
          </Trackpoint>
          <Trackpoint>
            <Time>2026-01-14T17:57:56.000Z</Time>
            <Position>
              <LatitudeDegrees>38.92745909281075</LatitudeDegrees>
              <LongitudeDegrees>-6.374861402437091</LongitudeDegrees>
            </Position>
            <AltitudeMeters>208.8000030517578</AltitudeMeters>
            <DistanceMeters>1247.0400390625</DistanceMeters>
            <HeartRateBpm>
              <Value>132</Value>
            </HeartRateBpm>
            <Extensions>
              <ns3:TPX>
                <ns3:Speed>2.6500000953674316</ns3:Speed>
                <ns3:RunCadence>83</ns3:RunCadence>
              </ns3:TPX>
            </Extensions>
          </Trackpoint>
          <Trackpoint>
            <Time>2026-01-14T17:58:04.000Z</Time>
            <Position>
              <LatitudeDegrees>38.92748742364347</LatitudeDegrees>
              <LongitudeDegrees>-6.375114116817713</LongitudeDegrees>
            </Position>
            <AltitudeMeters>209.0</AltitudeMeters>
            <DistanceMeters>1269.22998046875</DistanceMeters>
            <HeartRateBpm>
              <Value>131</Value>
            </HeartRateBpm>
            <Extensions>
              <ns3:TPX>
                <ns3:Speed>2.6589999198913574</ns3:Speed>
                <ns3:RunCadence>82</ns3:RunCadence>
              </ns3:TPX>
            </Extensions>
          </Trackpoint>
          <Trackpoint>
            <Time>2026-01-14T17:58:12.000Z</Time>
            <Position>
              <LatitudeDegrees>38.92750695347786</LatitudeDegrees>
              <LongitudeDegrees>-6.375375632196665</LongitudeDegrees>
            </Position>
            <AltitudeMeters>209.1999969482422</AltitudeMeters>
            <DistanceMeters>1292.0400390625</DistanceMeters>
            <HeartRateBpm>
              <Value>132</Value>
            </HeartRateBpm>
            <Extensions>
              <ns3:TPX>
                <ns3:Speed>2.6689999103546143</ns3:Speed>
                <ns3:RunCadence>82</ns3:RunCadence>
              </ns3:TPX>
            </Extensions>
          </Trackpoint>
          <Trackpoint>
            <Time>2026-01-14T17:58:13.000Z</Time>
            <Position>
              <LatitudeDegrees>38.92751030623913</LatitudeDegrees>
              <LongitudeDegrees>-6.37540765106678</LongitudeDegrees>
            </Position>
            <AltitudeMeters>209.1999969482422</AltitudeMeters>
            <DistanceMeters>1294.8399658203125</DistanceMeters>
            <HeartRateBpm>
              <Value>131</Value>
            </HeartRateBpm>
            <Extensions>
              <ns3:TPX>
                <ns3:Speed>2.6689999103546143</ns3:Speed>
                <ns3:RunCadence>82</ns3:RunCadence>
              </ns3:TPX>
            </Extensions>
          </Trackpoint>
          <Trackpoint>
            <Time>2026-01-14T17:58:21.000Z</Time>
            <Position>
              <LatitudeDegrees>38.92753578722477</LatitudeDegrees>
              <LongitudeDegrees>-6.375655839219689</LongitudeDegrees>
            </Position>
            <AltitudeMeters>209.1999969482422</AltitudeMeters>
            <DistanceMeters>1316.530029296875</DistanceMeters>
            <HeartRateBpm>
              <Value>131</Value>
            </HeartRateBpm>
            <Extensions>
              <ns3:TPX>
                <ns3:Speed>2.697000026702881</ns3:Speed>
                <ns3:RunCadence>83</ns3:RunCadence>
              </ns3:TPX>
            </Extensions>
          </Trackpoint>
          <Trackpoint>
            <Time>2026-01-14T17:58:23.000Z</Time>
            <Position>
              <LatitudeDegrees>38.92754400148988</LatitudeDegrees>
              <LongitudeDegrees>-6.3757167756557465</LongitudeDegrees>
            </Position>
            <AltitudeMeters>209.0</AltitudeMeters>
            <DistanceMeters>1321.8900146484375</DistanceMeters>
            <HeartRateBpm>
              <Value>131</Value>
            </HeartRateBpm>
            <Extensions>
              <ns3:TPX>
                <ns3:Speed>2.697000026702881</ns3:Speed>
                <ns3:RunCadence>83</ns3:RunCadence>
              </ns3:TPX>
            </Extensions>
          </Trackpoint>
          <Trackpoint>
            <Time>2026-01-14T17:58:31.000Z</Time>
            <Position>
              <LatitudeDegrees>38.92757677473128</LatitudeDegrees>
              <LongitudeDegrees>-6.3759673945605755</LongitudeDegrees>
            </Position>
            <AltitudeMeters>209.1999969482422</AltitudeMeters>
            <DistanceMeters>1343.989990234375</DistanceMeters>
            <HeartRateBpm>
              <Value>131</Value>
            </HeartRateBpm>
            <Extensions>
              <ns3:TPX>
                <ns3:Speed>2.697000026702881</ns3:Speed>
                <ns3:RunCadence>82</ns3:RunCadence>
              </ns3:TPX>
            </Extensions>
          </Trackpoint>
          <Trackpoint>
            <Time>2026-01-14T17:58:35.000Z</Time>
            <Position>
              <LatitudeDegrees>38.927586330100894</LatitudeDegrees>
              <LongitudeDegrees>-6.3760896027088165</LongitudeDegrees>
            </Position>
            <AltitudeMeters>209.39999389648438</AltitudeMeters>
            <DistanceMeters>1354.6600341796875</DistanceMeters>
            <HeartRateBpm>
              <Value>131</Value>
            </HeartRateBpm>
            <Extensions>
              <ns3:TPX>
                <ns3:Speed>2.7060000896453857</ns3:Speed>
                <ns3:RunCadence>83</ns3:RunCadence>
              </ns3:TPX>
            </Extensions>
          </Trackpoint>
          <Trackpoint>
            <Time>2026-01-14T17:58:43.000Z</Time>
            <Position>
              <LatitudeDegrees>38.927620109170675</LatitudeDegrees>
              <LongitudeDegrees>-6.376335360109806</LongitudeDegrees>
            </Position>
            <AltitudeMeters>210.0</AltitudeMeters>
            <DistanceMeters>1376.280029296875</DistanceMeters>
            <HeartRateBpm>
              <Value>131</Value>
            </HeartRateBpm>
            <Extensions>
              <ns3:TPX>
                <ns3:Speed>2.7060000896453857</ns3:Speed>
                <ns3:RunCadence>83</ns3:RunCadence>
              </ns3:TPX>
            </Extensions>
          </Trackpoint>
          <Trackpoint>
            <Time>2026-01-14T17:58:45.000Z</Time>
            <Position>
              <LatitudeDegrees>38.92762966454029</LatitudeDegrees>
              <LongitudeDegrees>-6.3763979729264975</LongitudeDegrees>
            </Position>
            <AltitudeMeters>209.8000030517578</AltitudeMeters>
            <DistanceMeters>1381.81005859375</DistanceMeters>
            <HeartRateBpm>
              <Value>131</Value>
            </HeartRateBpm>
            <Extensions>
              <ns3:TPX>
                <ns3:Speed>2.7060000896453857</ns3:Speed>
                <ns3:RunCadence>82</ns3:RunCadence>
              </ns3:TPX>
            </Extensions>
          </Trackpoint>
          <Trackpoint>
            <Time>2026-01-14T17:58:53.000Z</Time>
            <Position>
              <LatitudeDegrees>38.92766042612493</LatitudeDegrees>
              <LongitudeDegrees>-6.37664875946939</LongitudeDegrees>
            </Position>
            <AltitudeMeters>209.39999389648438</AltitudeMeters>
            <DistanceMeters>1403.8199462890625</DistanceMeters>
            <HeartRateBpm>
              <Value>131</Value>
            </HeartRateBpm>
            <Extensions>
              <ns3:TPX>
                <ns3:Speed>2.7149999141693115</ns3:Speed>
                <ns3:RunCadence>83</ns3:RunCadence>
              </ns3:TPX>
            </Extensions>
          </Trackpoint>
          <Trackpoint>
            <Time>2026-01-14T17:58:54.000Z</Time>
            <Position>
              <LatitudeDegrees>38.92766386270523</LatitudeDegrees>
              <LongitudeDegrees>-6.376679185777903</LongitudeDegrees>
            </Position>
            <AltitudeMeters>209.1999969482422</AltitudeMeters>
            <DistanceMeters>1406.489990234375</DistanceMeters>
            <HeartRateBpm>
              <Value>131</Value>
            </HeartRateBpm>
            <Extensions>
              <ns3:TPX>
                <ns3:Speed>2.7149999141693115</ns3:Speed>
                <ns3:RunCadence>83</ns3:RunCadence>
              </ns3:TPX>
            </Extensions>
          </Trackpoint>
          <Trackpoint>
            <Time>2026-01-14T17:59:02.000Z</Time>
            <Position>
              <LatitudeDegrees>38.927677692845464</LatitudeDegrees>
              <LongitudeDegrees>-6.376924524083734</LongitudeDegrees>
            </Position>
            <AltitudeMeters>208.39999389648438</AltitudeMeters>
            <DistanceMeters>1427.8399658203125</DistanceMeters>
            <HeartRateBpm>
              <Value>131</Value>
            </HeartRateBpm>
            <Extensions>
              <ns3:TPX>
                <ns3:Speed>2.7149999141693115</ns3:Speed>
                <ns3:RunCadence>83</ns3:RunCadence>
              </ns3:TPX>
            </Extensions>
          </Trackpoint>
          <Trackpoint>
            <Time>2026-01-14T17:59:03.000Z</Time>
            <Position>
              <LatitudeDegrees>38.92767718993127</LatitudeDegrees>
              <LongitudeDegrees>-6.37695511803031</LongitudeDegrees>
            </Position>
            <AltitudeMeters>208.1999969482422</AltitudeMeters>
            <DistanceMeters>1430.47998046875</DistanceMeters>
            <HeartRateBpm>
              <Value>131</Value>
            </HeartRateBpm>
            <Extensions>
              <ns3:TPX>
                <ns3:Speed>2.7149999141693115</ns3:Speed>
                <ns3:RunCadence>83</ns3:RunCadence>
              </ns3:TPX>
            </Extensions>
          </Trackpoint>
          <Trackpoint>
            <Time>2026-01-14T17:59:11.000Z</Time>
            <Position>
              <LatitudeDegrees>38.927685571834445</LatitudeDegrees>
              <LongitudeDegrees>-6.377208419144154</LongitudeDegrees>
            </Position>
            <AltitudeMeters>207.60000610351562</AltitudeMeters>
            <DistanceMeters>1452.4599609375</DistanceMeters>
            <HeartRateBpm>
              <Value>130</Value>
            </HeartRateBpm>
            <Extensions>
              <ns3:TPX>
                <ns3:Speed>2.7149999141693115</ns3:Speed>
                <ns3:RunCadence>83</ns3:RunCadence>
              </ns3:TPX>
            </Extensions>
          </Trackpoint>
          <Trackpoint>
            <Time>2026-01-14T17:59:14.000Z</Time>
            <Position>
              <LatitudeDegrees>38.92769982106984</LatitudeDegrees>
              <LongitudeDegrees>-6.3772988598793745</LongitudeDegrees>
            </Position>
            <AltitudeMeters>207.8000030517578</AltitudeMeters>
            <DistanceMeters>1460.4599609375</DistanceMeters>
            <HeartRateBpm>
              <Value>130</Value>
            </HeartRateBpm>
            <Extensions>
              <ns3:TPX>
                <ns3:Speed>2.7249999046325684</ns3:Speed>
                <ns3:RunCadence>83</ns3:RunCadence>
              </ns3:TPX>
            </Extensions>
          </Trackpoint>
          <Trackpoint>
            <Time>2026-01-14T17:59:21.000Z</Time>
            <Position>
              <LatitudeDegrees>38.92774022184312</LatitudeDegrees>
              <LongitudeDegrees>-6.377490805462003</LongitudeDegrees>
            </Position>
            <AltitudeMeters>208.1999969482422</AltitudeMeters>
            <DistanceMeters>1477.6700439453125</DistanceMeters>
            <HeartRateBpm>
              <Value>127</Value>
            </HeartRateBpm>
            <Extensions>
              <ns3:TPX>
                <ns3:Speed>2.7060000896453857</ns3:Speed>
                <ns3:RunCadence>82</ns3:RunCadence>
              </ns3:TPX>
            </Extensions>
          </Trackpoint>
          <Trackpoint>
            <Time>2026-01-14T17:59:22.000Z</Time>
            <Position>
              <LatitudeDegrees>38.927746592089534</LatitudeDegrees>
              <LongitudeDegrees>-6.377518717199564</LongitudeDegrees>
            </Position>
            <AltitudeMeters>208.0</AltitudeMeters>
            <DistanceMeters>1480.18994140625</DistanceMeters>
            <HeartRateBpm>
              <Value>130</Value>
            </HeartRateBpm>
            <Extensions>
              <ns3:TPX>
                <ns3:Speed>2.7060000896453857</ns3:Speed>
                <ns3:RunCadence>83</ns3:RunCadence>
              </ns3:TPX>
            </Extensions>
          </Trackpoint>
          <Trackpoint>
            <Time>2026-01-14T17:59:24.000Z</Time>
            <Position>
              <LatitudeDegrees>38.92775623127818</LatitudeDegrees>
              <LongitudeDegrees>-6.377575043588877</LongitudeDegrees>
            </Position>
            <AltitudeMeters>208.0</AltitudeMeters>
            <DistanceMeters>1485.18994140625</DistanceMeters>
            <HeartRateBpm>
              <Value>130</Value>
            </HeartRateBpm>
            <Extensions>
              <ns3:TPX>
                <ns3:Speed>2.7060000896453857</ns3:Speed>
                <ns3:RunCadence>84</ns3:RunCadence>
              </ns3:TPX>
            </Extensions>
          </Trackpoint>
          <Trackpoint>
            <Time>2026-01-14T17:59:32.000Z</Time>
            <Position>
              <LatitudeDegrees>38.92778892070055</LatitudeDegrees>
              <LongitudeDegrees>-6.377811245620251</LongitudeDegrees>
            </Position>
            <AltitudeMeters>208.0</AltitudeMeters>
            <DistanceMeters>1505.97998046875</DistanceMeters>
            <HeartRateBpm>
              <Value>130</Value>
            </HeartRateBpm>
            <Extensions>
              <ns3:TPX>
                <ns3:Speed>2.6689999103546143</ns3:Speed>
                <ns3:RunCadence>83</ns3:RunCadence>
              </ns3:TPX>
            </Extensions>
          </Trackpoint>
          <Trackpoint>
            <Time>2026-01-14T17:59:40.000Z</Time>
            <Position>
              <LatitudeDegrees>38.92781339585781</LatitudeDegrees>
              <LongitudeDegrees>-6.378057589754462</LongitudeDegrees>
            </Position>
            <AltitudeMeters>209.39999389648438</AltitudeMeters>
            <DistanceMeters>1527.5</DistanceMeters>
            <HeartRateBpm>
              <Value>130</Value>
            </HeartRateBpm>
            <Extensions>
              <ns3:TPX>
                <ns3:Speed>2.6500000953674316</ns3:Speed>
                <ns3:RunCadence>82</ns3:RunCadence>
              </ns3:TPX>
            </Extensions>
          </Trackpoint>
          <Trackpoint>
            <Time>2026-01-14T17:59:41.000Z</Time>
            <Position>
              <LatitudeDegrees>38.927815072238445</LatitudeDegrees>
              <LongitudeDegrees>-6.378090865910053</LongitudeDegrees>
            </Position>
            <AltitudeMeters>209.60000610351562</AltitudeMeters>
            <DistanceMeters>1530.3900146484375</DistanceMeters>
            <HeartRateBpm>
              <Value>129</Value>
            </HeartRateBpm>
            <Extensions>
              <ns3:TPX>
                <ns3:Speed>2.6500000953674316</ns3:Speed>
                <ns3:RunCadence>82</ns3:RunCadence>
              </ns3:TPX>
            </Extensions>
          </Trackpoint>
          <Trackpoint>
            <Time>2026-01-14T17:59:49.000Z</Time>
            <Position>
              <LatitudeDegrees>38.927847761660814</LatitudeDegrees>
              <LongitudeDegrees>-6.378337042406201</LongitudeDegrees>
            </Position>
            <AltitudeMeters>209.1999969482422</AltitudeMeters>
            <DistanceMeters>1552.030029296875</DistanceMeters>
            <HeartRateBpm>
              <Value>130</Value>
            </HeartRateBpm>
            <Extensions>
              <ns3:TPX>
                <ns3:Speed>2.6589999198913574</ns3:Speed>
                <ns3:RunCadence>83</ns3:RunCadence>
              </ns3:TPX>
            </Extensions>
          </Trackpoint>
          <Trackpoint>
            <Time>2026-01-14T17:59:52.000Z</Time>
            <Position>
              <LatitudeDegrees>38.92785765230656</LatitudeDegrees>
              <LongitudeDegrees>-6.378433853387833</LongitudeDegrees>
            </Position>
            <AltitudeMeters>209.1999969482422</AltitudeMeters>
            <DistanceMeters>1560.489990234375</DistanceMeters>
            <HeartRateBpm>
              <Value>130</Value>
            </HeartRateBpm>
            <Extensions>
              <ns3:TPX>
                <ns3:Speed>2.6589999198913574</ns3:Speed>
                <ns3:RunCadence>83</ns3:RunCadence>
              </ns3:TPX>
            </Extensions>
          </Trackpoint>
          <Trackpoint>
            <Time>2026-01-14T18:00:00.000Z</Time>
            <Position>
              <LatitudeDegrees>38.927887324243784</LatitudeDegrees>
              <LongitudeDegrees>-6.378681538626552</LongitudeDegrees>
            </Position>
            <AltitudeMeters>208.60000610351562</AltitudeMeters>
            <DistanceMeters>1582.22998046875</DistanceMeters>
            <HeartRateBpm>
              <Value>130</Value>
            </HeartRateBpm>
            <Extensions>
              <ns3:TPX>
                <ns3:Speed>2.6689999103546143</ns3:Speed>
                <ns3:RunCadence>82</ns3:RunCadence>
              </ns3:TPX>
            </Extensions>
          </Trackpoint>
          <Trackpoint>
            <Time>2026-01-14T18:00:08.000Z</Time>
            <Position>
              <LatitudeDegrees>38.927906434983015</LatitudeDegrees>
              <LongitudeDegrees>-6.37892528437078</LongitudeDegrees>
            </Position>
            <AltitudeMeters>207.60000610351562</AltitudeMeters>
            <DistanceMeters>1603.5400390625</DistanceMeters>
            <HeartRateBpm>
              <Value>130</Value>
            </HeartRateBpm>
            <Extensions>
              <ns3:TPX>
                <ns3:Speed>2.6689999103546143</ns3:Speed>
                <ns3:RunCadence>83</ns3:RunCadence>
              </ns3:TPX>
            </Extensions>
          </Trackpoint>
          <Trackpoint>
            <Time>2026-01-14T18:00:16.000Z</Time>
            <Position>
              <LatitudeDegrees>38.92792378552258</LatitudeDegrees>
              <LongitudeDegrees>-6.379179423674941</LongitudeDegrees>
            </Position>
            <AltitudeMeters>207.0</AltitudeMeters>
            <DistanceMeters>1625.6500244140625</DistanceMeters>
            <HeartRateBpm>
              <Value>130</Value>
            </HeartRateBpm>
            <Extensions>
              <ns3:TPX>
                <ns3:Speed>2.6689999103546143</ns3:Speed>
                <ns3:RunCadence>83</ns3:RunCadence>
              </ns3:TPX>
            </Extensions>
          </Trackpoint>
          <Trackpoint>
            <Time>2026-01-14T18:00:18.000Z</Time>
            <Position>
              <LatitudeDegrees>38.92792873084545</LatitudeDegrees>
              <LongitudeDegrees>-6.37924044393003</LongitudeDegrees>
            </Position>
            <AltitudeMeters>206.8000030517578</AltitudeMeters>
            <DistanceMeters>1630.9599609375</DistanceMeters>
            <HeartRateBpm>
              <Value>130</Value>
            </HeartRateBpm>
            <Extensions>
              <ns3:TPX>
                <ns3:Speed>2.677999973297119</ns3:Speed>
                <ns3:RunCadence>83</ns3:RunCadence>
              </ns3:TPX>
            </Extensions>
          </Trackpoint>
          <Trackpoint>
            <Time>2026-01-14T18:00:26.000Z</Time>
            <Position>
              <LatitudeDegrees>38.9279312454164</LatitudeDegrees>
              <LongitudeDegrees>-6.37949894182384</LongitudeDegrees>
            </Position>
            <AltitudeMeters>207.39999389648438</AltitudeMeters>
            <DistanceMeters>1653.3699951171875</DistanceMeters>
            <HeartRateBpm>
              <Value>129</Value>
            </HeartRateBpm>
            <Extensions>
              <ns3:TPX>
                <ns3:Speed>2.687000036239624</ns3:Speed>
                <ns3:RunCadence>82</ns3:RunCadence>
              </ns3:TPX>
            </Extensions>
          </Trackpoint>
          <Trackpoint>
            <Time>2026-01-14T18:00:29.000Z</Time>
            <Position>
              <LatitudeDegrees>38.92794440500438</LatitudeDegrees>
              <LongitudeDegrees>-6.379595082253218</LongitudeDegrees>
            </Position>
            <AltitudeMeters>207.60000610351562</AltitudeMeters>
            <DistanceMeters>1661.780029296875</DistanceMeters>
            <HeartRateBpm>
              <Value>130</Value>
            </HeartRateBpm>
            <Extensions>
              <ns3:TPX>
                <ns3:Speed>2.687000036239624</ns3:Speed>
                <ns3:RunCadence>82</ns3:RunCadence>
              </ns3:TPX>
            </Extensions>
          </Trackpoint>
          <Trackpoint>
            <Time>2026-01-14T18:00:37.000Z</Time>
            <Position>
              <LatitudeDegrees>38.92798061482608</LatitudeDegrees>
              <LongitudeDegrees>-6.3798419293016195</LongitudeDegrees>
            </Position>
            <AltitudeMeters>207.60000610351562</AltitudeMeters>
            <DistanceMeters>1683.47998046875</DistanceMeters>
            <HeartRateBpm>
              <Value>126</Value>
            </HeartRateBpm>
            <Extensions>
              <ns3:TPX>
                <ns3:Speed>2.697000026702881</ns3:Speed>
                <ns3:RunCadence>82</ns3:RunCadence>
              </ns3:TPX>
            </Extensions>
          </Trackpoint>
          <Trackpoint>
            <Time>2026-01-14T18:00:40.000Z</Time>
            <Position>
              <LatitudeDegrees>38.92799528315663</LatitudeDegrees>
              <LongitudeDegrees>-6.379935136064887</LongitudeDegrees>
            </Position>
            <AltitudeMeters>207.60000610351562</AltitudeMeters>
            <DistanceMeters>1691.6300048828125</DistanceMeters>
            <HeartRateBpm>
              <Value>123</Value>
            </HeartRateBpm>
            <Extensions>
              <ns3:TPX>
                <ns3:Speed>2.697000026702881</ns3:Speed>
                <ns3:RunCadence>82</ns3:RunCadence>
              </ns3:TPX>
            </Extensions>
          </Trackpoint>
          <Trackpoint>
            <Time>2026-01-14T18:00:48.000Z</Time>
            <Position>
              <LatitudeDegrees>38.92802780494094</LatitudeDegrees>
              <LongitudeDegrees>-6.380163626745343</LongitudeDegrees>
            </Position>
            <AltitudeMeters>207.8000030517578</AltitudeMeters>
            <DistanceMeters>1711.68994140625</DistanceMeters>
            <HeartRateBpm>
              <Value>125</Value>
            </HeartRateBpm>
            <Extensions>
              <ns3:TPX>
                <ns3:Speed>2.7060000896453857</ns3:Speed>
                <ns3:RunCadence>83</ns3:RunCadence>
              </ns3:TPX>
            </Extensions>
          </Trackpoint>
          <Trackpoint>
            <Time>2026-01-14T18:00:51.000Z</Time>
            <Position>
              <LatitudeDegrees>38.92802738584578</LatitudeDegrees>
              <LongitudeDegrees>-6.380249708890915</LongitudeDegrees>
            </Position>
            <AltitudeMeters>208.0</AltitudeMeters>
            <DistanceMeters>1719.1600341796875</DistanceMeters>
            <HeartRateBpm>
              <Value>128</Value>
            </HeartRateBpm>
            <Extensions>
              <ns3:TPX>
                <ns3:Speed>2.697000026702881</ns3:Speed>
                <ns3:RunCadence>83</ns3:RunCadence>
              </ns3:TPX>
            </Extensions>
          </Trackpoint>
          <Trackpoint>
            <Time>2026-01-14T18:00:55.000Z</Time>
            <Position>
              <LatitudeDegrees>38.92804155126214</LatitudeDegrees>
              <LongitudeDegrees>-6.380369234830141</LongitudeDegrees>
            </Position>
            <AltitudeMeters>208.0</AltitudeMeters>
            <DistanceMeters>1729.6400146484375</DistanceMeters>
            <HeartRateBpm>
              <Value>129</Value>
            </HeartRateBpm>
            <Extensions>
              <ns3:TPX>
                <ns3:Speed>2.687000036239624</ns3:Speed>
                <ns3:RunCadence>82</ns3:RunCadence>
              </ns3:TPX>
            </Extensions>
          </Trackpoint>
          <Trackpoint>
            <Time>2026-01-14T18:01:03.000Z</Time>
            <Position>
              <LatitudeDegrees>38.92806124873459</LatitudeDegrees>
              <LongitudeDegrees>-6.380611220374703</LongitudeDegrees>
            </Position>
            <AltitudeMeters>206.8000030517578</AltitudeMeters>
            <DistanceMeters>1750.8199462890625</DistanceMeters>
            <HeartRateBpm>
              <Value>129</Value>
            </HeartRateBpm>
            <Extensions>
              <ns3:TPX>
                <ns3:Speed>2.677999973297119</ns3:Speed>
                <ns3:RunCadence>83</ns3:RunCadence>
              </ns3:TPX>
            </Extensions>
          </Trackpoint>
          <Trackpoint>
            <Time>2026-01-14T18:01:10.000Z</Time>
            <Position>
              <LatitudeDegrees>38.92809092067182</LatitudeDegrees>
              <LongitudeDegrees>-6.380839291960001</LongitudeDegrees>
            </Position>
            <AltitudeMeters>205.1999969482422</AltitudeMeters>
            <DistanceMeters>1770.9000244140625</DistanceMeters>
            <HeartRateBpm>
              <Value>130</Value>
            </HeartRateBpm>
            <Extensions>
              <ns3:TPX>
                <ns3:Speed>2.677999973297119</ns3:Speed>
                <ns3:RunCadence>82</ns3:RunCadence>
              </ns3:TPX>
            </Extensions>
          </Trackpoint>
          <Trackpoint>
            <Time>2026-01-14T18:01:12.000Z</Time>
            <Position>
              <LatitudeDegrees>38.928110701963305</LatitudeDegrees>
              <LongitudeDegrees>-6.380903916433454</LongitudeDegrees>
            </Position>
            <AltitudeMeters>204.8000030517578</AltitudeMeters>
            <DistanceMeters>1776.7900390625</DistanceMeters>
            <HeartRateBpm>
              <Value>130</Value>
            </HeartRateBpm>
            <Extensions>
              <ns3:TPX>
                <ns3:Speed>2.677999973297119</ns3:Speed>
                <ns3:RunCadence>82</ns3:RunCadence>
              </ns3:TPX>
            </Extensions>
          </Trackpoint>
          <Trackpoint>
            <Time>2026-01-14T18:01:19.000Z</Time>
            <Position>
              <LatitudeDegrees>38.92815554514527</LatitudeDegrees>
              <LongitudeDegrees>-6.381132658571005</LongitudeDegrees>
            </Position>
            <AltitudeMeters>203.1999969482422</AltitudeMeters>
            <DistanceMeters>1797.050048828125</DistanceMeters>
            <HeartRateBpm>
              <Value>130</Value>
            </HeartRateBpm>
            <Extensions>
              <ns3:TPX>
                <ns3:Speed>2.7060000896453857</ns3:Speed>
                <ns3:RunCadence>83</ns3:RunCadence>
              </ns3:TPX>
            </Extensions>
          </Trackpoint>
          <Trackpoint>
            <Time>2026-01-14T18:01:21.000Z</Time>
            <Position>
              <LatitudeDegrees>38.928167363628745</LatitudeDegrees>
              <LongitudeDegrees>-6.3811940141022205</LongitudeDegrees>
            </Position>
            <AltitudeMeters>203.0</AltitudeMeters>
            <DistanceMeters>1802.510009765625</DistanceMeters>
            <HeartRateBpm>
              <Value>131</Value>
            </HeartRateBpm>
            <Extensions>
              <ns3:TPX>
                <ns3:Speed>2.7060000896453857</ns3:Speed>
                <ns3:RunCadence>83</ns3:RunCadence>
              </ns3:TPX>
            </Extensions>
          </Trackpoint>
          <Trackpoint>
            <Time>2026-01-14T18:01:29.000Z</Time>
            <Position>
              <LatitudeDegrees>38.92822234891355</LatitudeDegrees>
              <LongitudeDegrees>-6.381439100950956</LongitudeDegrees>
            </Position>
            <AltitudeMeters>203.1999969482422</AltitudeMeters>
            <DistanceMeters>1824.5</DistanceMeters>
            <HeartRateBpm>
              <Value>131</Value>
            </HeartRateBpm>
            <Extensions>
              <ns3:TPX>
                <ns3:Speed>2.7339999675750732</ns3:Speed>
                <ns3:RunCadence>83</ns3:RunCadence>
              </ns3:TPX>
            </Extensions>
          </Trackpoint>
          <Trackpoint>
            <Time>2026-01-14T18:01:33.000Z</Time>
            <Position>
              <LatitudeDegrees>38.92823550850153</LatitudeDegrees>
              <LongitudeDegrees>-6.381568517535925</LongitudeDegrees>
            </Position>
            <AltitudeMeters>203.8000030517578</AltitudeMeters>
            <DistanceMeters>1835.8299560546875</DistanceMeters>
            <HeartRateBpm>
              <Value>134</Value>
            </HeartRateBpm>
            <Extensions>
              <ns3:TPX>
                <ns3:Speed>2.743000030517578</ns3:Speed>
                <ns3:RunCadence>83</ns3:RunCadence>
              </ns3:TPX>
            </Extensions>
          </Trackpoint>
          <Trackpoint>
            <Time>2026-01-14T18:01:34.000Z</Time>
            <Position>
              <LatitudeDegrees>38.92824104055762</LatitudeDegrees>
              <LongitudeDegrees>-6.381601709872484</LongitudeDegrees>
            </Position>
            <AltitudeMeters>203.8000030517578</AltitudeMeters>
            <DistanceMeters>1838.77001953125</DistanceMeters>
            <HeartRateBpm>
              <Value>130</Value>
            </HeartRateBpm>
            <Extensions>
              <ns3:TPX>
                <ns3:Speed>2.743000030517578</ns3:Speed>
                <ns3:RunCadence>83</ns3:RunCadence>
              </ns3:TPX>
            </Extensions>
          </Trackpoint>
          <Trackpoint>
            <Time>2026-01-14T18:01:42.000Z</Time>
            <Position>
              <LatitudeDegrees>38.9282837882638</LatitudeDegrees>
              <LongitudeDegrees>-6.38184679672122</LongitudeDegrees>
            </Position>
            <AltitudeMeters>204.60000610351562</AltitudeMeters>
            <DistanceMeters>1860.5699462890625</DistanceMeters>
            <HeartRateBpm>
              <Value>131</Value>
            </HeartRateBpm>
            <Extensions>
              <ns3:TPX>
                <ns3:Speed>2.7709999084472656</ns3:Speed>
                <ns3:RunCadence>82</ns3:RunCadence>
              </ns3:TPX>
            </Extensions>
          </Trackpoint>
          <Trackpoint>
            <Time>2026-01-14T18:01:47.000Z</Time>
            <Position>
              <LatitudeDegrees>38.92832234501839</LatitudeDegrees>
              <LongitudeDegrees>-6.382001526653767</LongitudeDegrees>
            </Position>
            <AltitudeMeters>204.39999389648438</AltitudeMeters>
            <DistanceMeters>1874.6300048828125</DistanceMeters>
            <HeartRateBpm>
              <Value>131</Value>
            </HeartRateBpm>
            <Extensions>
              <ns3:TPX>
                <ns3:Speed>2.7809998989105225</ns3:Speed>
                <ns3:RunCadence>83</ns3:RunCadence>
              </ns3:TPX>
            </Extensions>
          </Trackpoint>
          <Trackpoint>
            <Time>2026-01-14T18:01:55.000Z</Time>
            <Position>
              <LatitudeDegrees>38.928384790197015</LatitudeDegrees>
              <LongitudeDegrees>-6.382235381752253</LongitudeDegrees>
            </Position>
            <AltitudeMeters>204.1999969482422</AltitudeMeters>
            <DistanceMeters>1896.050048828125</DistanceMeters>
            <HeartRateBpm>
              <Value>133</Value>
            </HeartRateBpm>
            <Extensions>
              <ns3:TPX>
                <ns3:Speed>2.7899999618530273</ns3:Speed>
                <ns3:RunCadence>83</ns3:RunCadence>
              </ns3:TPX>
            </Extensions>
          </Trackpoint>
          <Trackpoint>
            <Time>2026-01-14T18:02:00.000Z</Time>
            <Position>
              <LatitudeDegrees>38.928424855694175</LatitudeDegrees>
              <LongitudeDegrees>-6.3823767844587564</LongitudeDegrees>
            </Position>
            <AltitudeMeters>204.0</AltitudeMeters>
            <DistanceMeters>1909.1300048828125</DistanceMeters>
            <HeartRateBpm>
              <Value>134</Value>
            </HeartRateBpm>
            <Extensions>
              <ns3:TPX>
                <ns3:Speed>2.7809998989105225</ns3:Speed>
                <ns3:RunCadence>82</ns3:RunCadence>
              </ns3:TPX>
            </Extensions>
          </Trackpoint>
          <Trackpoint>
            <Time>2026-01-14T18:02:08.000Z</Time>
            <Position>
              <LatitudeDegrees>38.92849207855761</LatitudeDegrees>
              <LongitudeDegrees>-6.382614830508828</LongitudeDegrees>
            </Position>
            <AltitudeMeters>205.39999389648438</AltitudeMeters>
            <DistanceMeters>1931.1199951171875</DistanceMeters>
            <HeartRateBpm>
              <Value>134</Value>
            </HeartRateBpm>
            <Extensions>
              <ns3:TPX>
                <ns3:Speed>2.76200008392334</ns3:Speed>
                <ns3:RunCadence>83</ns3:RunCadence>
              </ns3:TPX>
            </Extensions>
          </Trackpoint>
          <Trackpoint>
            <Time>2026-01-14T18:02:13.000Z</Time>
            <Position>
              <LatitudeDegrees>38.928518649190664</LatitudeDegrees>
              <LongitudeDegrees>-6.382772913202643</LongitudeDegrees>
            </Position>
            <AltitudeMeters>206.0</AltitudeMeters>
            <DistanceMeters>1945.1300048828125</DistanceMeters>
            <HeartRateBpm>
              <Value>137</Value>
            </HeartRateBpm>
            <Extensions>
              <ns3:TPX>
                <ns3:Speed>2.753000020980835</ns3:Speed>
                <ns3:RunCadence>83</ns3:RunCadence>
              </ns3:TPX>
            </Extensions>
          </Trackpoint>
          <Trackpoint>
            <Time>2026-01-14T18:02:19.000Z</Time>
            <Position>
              <LatitudeDegrees>38.92855393700302</LatitudeDegrees>
              <LongitudeDegrees>-6.382958823814988</LongitudeDegrees>
            </Position>
            <AltitudeMeters>206.8000030517578</AltitudeMeters>
            <DistanceMeters>1961.719970703125</DistanceMeters>
            <HeartRateBpm>
              <Value>135</Value>
            </HeartRateBpm>
            <Extensions>
              <ns3:TPX>
                <ns3:Speed>2.753000020980835</ns3:Speed>
                <ns3:RunCadence>83</ns3:RunCadence>
              </ns3:TPX>
            </Extensions>
          </Trackpoint>
          <Trackpoint>
            <Time>2026-01-14T18:02:27.000Z</Time>
            <Position>
              <LatitudeDegrees>38.92862090840936</LatitudeDegrees>
              <LongitudeDegrees>-6.383200390264392</LongitudeDegrees>
            </Position>
            <AltitudeMeters>207.39999389648438</AltitudeMeters>
            <DistanceMeters>1983.949951171875</DistanceMeters>
            <HeartRateBpm>
              <Value>135</Value>
            </HeartRateBpm>
            <Extensions>
              <ns3:TPX>
                <ns3:Speed>2.753000020980835</ns3:Speed>
                <ns3:RunCadence>83</ns3:RunCadence>
              </ns3:TPX>
            </Extensions>
          </Trackpoint>
          <Trackpoint>
            <Time>2026-01-14T18:02:29.000Z</Time>
            <Position>
              <LatitudeDegrees>38.92863825894892</LatitudeDegrees>
              <LongitudeDegrees>-6.3832582253962755</LongitudeDegrees>
            </Position>
            <AltitudeMeters>207.39999389648438</AltitudeMeters>
            <DistanceMeters>1989.31005859375</DistanceMeters>
            <HeartRateBpm>
              <Value>136</Value>
            </HeartRateBpm>
            <Extensions>
              <ns3:TPX>
                <ns3:Speed>2.753000020980835</ns3:Speed>
                <ns3:RunCadence>82</ns3:RunCadence>
              </ns3:TPX>
            </Extensions>
          </Trackpoint>
          <Trackpoint>
            <Time>2026-01-14T18:02:33.000Z</Time>
            <Position>
              <LatitudeDegrees>38.92865921370685</LatitudeDegrees>
              <LongitudeDegrees>-6.383382948115468</LongitudeDegrees>
            </Position>
            <AltitudeMeters>207.1999969482422</AltitudeMeters>
            <DistanceMeters>2000.3900146484375</DistanceMeters>
            <HeartRateBpm>
              <Value>134</Value>
            </HeartRateBpm>
            <Extensions>
              <ns3:TPX>
                <ns3:Speed>2.743000030517578</ns3:Speed>
                <ns3:RunCadence>83</ns3:RunCadence>
              </ns3:TPX>
            </Extensions>
          </Trackpoint>
        </Track>
        <Extensions>
          <ns3:LX>
            <ns3:AvgSpeed>2.7219998836517334</ns3:AvgSpeed>
            <ns3:AvgRunCadence>83</ns3:AvgRunCadence>
            <ns3:MaxRunCadence>85</ns3:MaxRunCadence>
          </ns3:LX>
        </Extensions>
      </Lap>
      <Lap StartTime="2026-01-14T18:02:34.000Z">
        <TotalTimeSeconds>390.469</TotalTimeSeconds>
        <DistanceMeters>1000.0</DistanceMeters>
        <MaximumSpeed>2.743000030517578</MaximumSpeed>
        <Calories>74</Calories>
        <AverageHeartRateBpm>
          <Value>131</Value>
        </AverageHeartRateBpm>
        <MaximumHeartRateBpm>
          <Value>136</Value>
        </MaximumHeartRateBpm>
        <Intensity>Active</Intensity>
        <TriggerMethod>Manual</TriggerMethod>
        <Track>
          <Trackpoint>
            <Time>2026-01-14T18:02:39.000Z</Time>
            <Position>
              <LatitudeDegrees>38.928710678592324</LatitudeDegrees>
              <LongitudeDegrees>-6.383559135720134</LongitudeDegrees>
            </Position>
            <AltitudeMeters>207.0</AltitudeMeters>
            <DistanceMeters>2016.6600341796875</DistanceMeters>
            <HeartRateBpm>
              <Value>133</Value>
            </HeartRateBpm>
            <Extensions>
              <ns3:TPX>
                <ns3:Speed>2.743000030517578</ns3:Speed>
                <ns3:RunCadence>82</ns3:RunCadence>
              </ns3:TPX>
            </Extensions>
          </Trackpoint>
          <Trackpoint>
            <Time>2026-01-14T18:02:47.000Z</Time>
            <Position>
              <LatitudeDegrees>38.92877848818898</LatitudeDegrees>
              <LongitudeDegrees>-6.38379936106503</LongitudeDegrees>
            </Position>
            <AltitudeMeters>206.8000030517578</AltitudeMeters>
            <DistanceMeters>2038.780029296875</DistanceMeters>
            <HeartRateBpm>
              <Value>132</Value>
            </HeartRateBpm>
            <Extensions>
              <ns3:TPX>
                <ns3:Speed>2.7339999675750732</ns3:Speed>
                <ns3:RunCadence>82</ns3:RunCadence>
              </ns3:TPX>
            </Extensions>
          </Trackpoint>
          <Trackpoint>
            <Time>2026-01-14T18:02:51.000Z</Time>
            <Position>
              <LatitudeDegrees>38.92880665138364</LatitudeDegrees>
              <LongitudeDegrees>-6.383931376039982</LongitudeDegrees>
            </Position>
            <AltitudeMeters>206.8000030517578</AltitudeMeters>
            <DistanceMeters>2050.679931640625</DistanceMeters>
            <HeartRateBpm>
              <Value>133</Value>
            </HeartRateBpm>
            <Extensions>
              <ns3:TPX>
                <ns3:Speed>2.7339999675750732</ns3:Speed>
                <ns3:RunCadence>83</ns3:RunCadence>
              </ns3:TPX>
            </Extensions>
          </Trackpoint>
          <Trackpoint>
            <Time>2026-01-14T18:02:59.000Z</Time>
            <Position>
              <LatitudeDegrees>38.92887161113322</LatitudeDegrees>
              <LongitudeDegrees>-6.384161459282041</LongitudeDegrees>
            </Position>
            <AltitudeMeters>206.0</AltitudeMeters>
            <DistanceMeters>2071.949951171875</DistanceMeters>
            <HeartRateBpm>
              <Value>133</Value>
            </HeartRateBpm>
            <Extensions>
              <ns3:TPX>
                <ns3:Speed>2.743000030517578</ns3:Speed>
                <ns3:RunCadence>83</ns3:RunCadence>
              </ns3:TPX>
            </Extensions>
          </Trackpoint>
          <Trackpoint>
            <Time>2026-01-14T18:03:00.000Z</Time>
            <Position>
              <LatitudeDegrees>38.92887940630317</LatitudeDegrees>
              <LongitudeDegrees>-6.384189622476697</LongitudeDegrees>
            </Position>
            <AltitudeMeters>206.0</AltitudeMeters>
            <DistanceMeters>2074.530029296875</DistanceMeters>
            <HeartRateBpm>
              <Value>133</Value>
            </HeartRateBpm>
            <Extensions>
              <ns3:TPX>
                <ns3:Speed>2.743000030517578</ns3:Speed>
                <ns3:RunCadence>83</ns3:RunCadence>
              </ns3:TPX>
            </Extensions>
          </Trackpoint>
          <Trackpoint>
            <Time>2026-01-14T18:03:08.000Z</Time>
            <Position>
              <LatitudeDegrees>38.928933469578624</LatitudeDegrees>
              <LongitudeDegrees>-6.384419118985534</LongitudeDegrees>
            </Position>
            <AltitudeMeters>205.60000610351562</AltitudeMeters>
            <DistanceMeters>2095.3798828125</DistanceMeters>
            <HeartRateBpm>
              <Value>133</Value>
            </HeartRateBpm>
            <Extensions>
              <ns3:TPX>
                <ns3:Speed>2.7249999046325684</ns3:Speed>
                <ns3:RunCadence>82</ns3:RunCadence>
              </ns3:TPX>
            </Extensions>
          </Trackpoint>
          <Trackpoint>
            <Time>2026-01-14T18:03:10.000Z</Time>
            <Position>
              <LatitudeDegrees>38.928943360224366</LatitudeDegrees>
              <LongitudeDegrees>-6.384477876126766</LongitudeDegrees>
            </Position>
            <AltitudeMeters>205.39999389648438</AltitudeMeters>
            <DistanceMeters>2100.590087890625</DistanceMeters>
            <HeartRateBpm>
              <Value>133</Value>
            </HeartRateBpm>
            <Extensions>
              <ns3:TPX>
                <ns3:Speed>2.7249999046325684</ns3:Speed>
                <ns3:RunCadence>83</ns3:RunCadence>
              </ns3:TPX>
            </Extensions>
          </Trackpoint>
          <Trackpoint>
            <Time>2026-01-14T18:03:17.000Z</Time>
            <Position>
              <LatitudeDegrees>38.92898032441735</LatitudeDegrees>
              <LongitudeDegrees>-6.384673174470663</LongitudeDegrees>
            </Position>
            <AltitudeMeters>205.1999969482422</AltitudeMeters>
            <DistanceMeters>2118.0400390625</DistanceMeters>
            <HeartRateBpm>
              <Value>132</Value>
            </HeartRateBpm>
            <Extensions>
              <ns3:TPX>
                <ns3:Speed>2.7149999141693115</ns3:Speed>
                <ns3:RunCadence>83</ns3:RunCadence>
              </ns3:TPX>
            </Extensions>
          </Trackpoint>
          <Trackpoint>
            <Time>2026-01-14T18:03:25.000Z</Time>
            <Position>
              <LatitudeDegrees>38.92903204075992</LatitudeDegrees>
              <LongitudeDegrees>-6.3849089574068785</LongitudeDegrees>
            </Position>
            <AltitudeMeters>206.60000610351562</AltitudeMeters>
            <DistanceMeters>2139.25</DistanceMeters>
            <HeartRateBpm>
              <Value>131</Value>
            </HeartRateBpm>
            <Extensions>
              <ns3:TPX>
                <ns3:Speed>2.687000036239624</ns3:Speed>
                <ns3:RunCadence>83</ns3:RunCadence>
              </ns3:TPX>
            </Extensions>
          </Trackpoint>
          <Trackpoint>
            <Time>2026-01-14T18:03:26.000Z</Time>
            <Position>
              <LatitudeDegrees>38.92904486507177</LatitudeDegrees>
              <LongitudeDegrees>-6.384937036782503</LongitudeDegrees>
            </Position>
            <AltitudeMeters>206.8000030517578</AltitudeMeters>
            <DistanceMeters>2142.0400390625</DistanceMeters>
            <HeartRateBpm>
              <Value>131</Value>
            </HeartRateBpm>
            <Extensions>
              <ns3:TPX>
                <ns3:Speed>2.687000036239624</ns3:Speed>
                <ns3:RunCadence>82</ns3:RunCadence>
              </ns3:TPX>
            </Extensions>
          </Trackpoint>
          <Trackpoint>
            <Time>2026-01-14T18:03:34.000Z</Time>
            <Position>
              <LatitudeDegrees>38.92910429276526</LatitudeDegrees>
              <LongitudeDegrees>-6.385185057297349</LongitudeDegrees>
            </Position>
            <AltitudeMeters>206.8000030517578</AltitudeMeters>
            <DistanceMeters>2164.52001953125</DistanceMeters>
            <HeartRateBpm>
              <Value>131</Value>
            </HeartRateBpm>
            <Extensions>
              <ns3:TPX>
                <ns3:Speed>2.687000036239624</ns3:Speed>
                <ns3:RunCadence>83</ns3:RunCadence>
              </ns3:TPX>
            </Extensions>
          </Trackpoint>
          <Trackpoint>
            <Time>2026-01-14T18:03:36.000Z</Time>
            <Position>
              <LatitudeDegrees>38.929117703810334</LatitudeDegrees>
              <LongitudeDegrees>-6.385246245190501</LongitudeDegrees>
            </Position>
            <AltitudeMeters>207.0</AltitudeMeters>
            <DistanceMeters>2170.030029296875</DistanceMeters>
            <HeartRateBpm>
              <Value>131</Value>
            </HeartRateBpm>
            <Extensions>
              <ns3:TPX>
                <ns3:Speed>2.697000026702881</ns3:Speed>
                <ns3:RunCadence>82</ns3:RunCadence>
              </ns3:TPX>
            </Extensions>
          </Trackpoint>
          <Trackpoint>
            <Time>2026-01-14T18:03:43.000Z</Time>
            <Position>
              <LatitudeDegrees>38.929160200059414</LatitudeDegrees>
              <LongitudeDegrees>-6.385449506342411</LongitudeDegrees>
            </Position>
            <AltitudeMeters>207.8000030517578</AltitudeMeters>
            <DistanceMeters>2188.27001953125</DistanceMeters>
            <HeartRateBpm>
              <Value>131</Value>
            </HeartRateBpm>
            <Extensions>
              <ns3:TPX>
                <ns3:Speed>2.697000026702881</ns3:Speed>
                <ns3:RunCadence>82</ns3:RunCadence>
              </ns3:TPX>
            </Extensions>
          </Trackpoint>
          <Trackpoint>
            <Time>2026-01-14T18:03:51.000Z</Time>
            <Position>
              <LatitudeDegrees>38.92921635881066</LatitudeDegrees>
              <LongitudeDegrees>-6.385698951780796</LongitudeDegrees>
            </Position>
            <AltitudeMeters>207.60000610351562</AltitudeMeters>
            <DistanceMeters>2210.72998046875</DistanceMeters>
            <HeartRateBpm>
              <Value>131</Value>
            </HeartRateBpm>
            <Extensions>
              <ns3:TPX>
                <ns3:Speed>2.7060000896453857</ns3:Speed>
                <ns3:RunCadence>82</ns3:RunCadence>
              </ns3:TPX>
            </Extensions>
          </Trackpoint>
          <Trackpoint>
            <Time>2026-01-14T18:03:52.000Z</Time>
            <Position>
              <LatitudeDegrees>38.929225662723184</LatitudeDegrees>
              <LongitudeDegrees>-6.385731725022197</LongitudeDegrees>
            </Position>
            <AltitudeMeters>207.39999389648438</AltitudeMeters>
            <DistanceMeters>2213.760009765625</DistanceMeters>
            <HeartRateBpm>
              <Value>131</Value>
            </HeartRateBpm>
            <Extensions>
              <ns3:TPX>
                <ns3:Speed>2.7149999141693115</ns3:Speed>
                <ns3:RunCadence>82</ns3:RunCadence>
              </ns3:TPX>
            </Extensions>
          </Trackpoint>
          <Trackpoint>
            <Time>2026-01-14T18:04:00.000Z</Time>
            <Position>
              <LatitudeDegrees>38.92929154448211</LatitudeDegrees>
              <LongitudeDegrees>-6.385960970073938</LongitudeDegrees>
            </Position>
            <AltitudeMeters>207.60000610351562</AltitudeMeters>
            <DistanceMeters>2234.949951171875</DistanceMeters>
            <HeartRateBpm>
              <Value>132</Value>
            </HeartRateBpm>
            <Extensions>
              <ns3:TPX>
                <ns3:Speed>2.7249999046325684</ns3:Speed>
                <ns3:RunCadence>82</ns3:RunCadence>
              </ns3:TPX>
            </Extensions>
          </Trackpoint>
          <Trackpoint>
            <Time>2026-01-14T18:04:07.000Z</Time>
            <Position>
              <LatitudeDegrees>38.929327838122845</LatitudeDegrees>
              <LongitudeDegrees>-6.386182922869921</LongitudeDegrees>
            </Position>
            <AltitudeMeters>208.39999389648438</AltitudeMeters>
            <DistanceMeters>2254.669921875</DistanceMeters>
            <HeartRateBpm>
              <Value>133</Value>
            </HeartRateBpm>
            <Extensions>
              <ns3:TPX>
                <ns3:Speed>2.7149999141693115</ns3:Speed>
                <ns3:RunCadence>83</ns3:RunCadence>
              </ns3:TPX>
            </Extensions>
          </Trackpoint>
          <Trackpoint>
            <Time>2026-01-14T18:04:15.000Z</Time>
            <Position>
              <LatitudeDegrees>38.92937653698027</LatitudeDegrees>
              <LongitudeDegrees>-6.386413173750043</LongitudeDegrees>
            </Position>
            <AltitudeMeters>208.39999389648438</AltitudeMeters>
            <DistanceMeters>2275.35009765625</DistanceMeters>
            <HeartRateBpm>
              <Value>134</Value>
            </HeartRateBpm>
            <Extensions>
              <ns3:TPX>
                <ns3:Speed>2.7060000896453857</ns3:Speed>
                <ns3:RunCadence>82</ns3:RunCadence>
              </ns3:TPX>
            </Extensions>
          </Trackpoint>
          <Trackpoint>
            <Time>2026-01-14T18:04:17.000Z</Time>
            <Position>
              <LatitudeDegrees>38.92939556390047</LatitudeDegrees>
              <LongitudeDegrees>-6.3864680752158165</LongitudeDegrees>
            </Position>
            <AltitudeMeters>208.1999969482422</AltitudeMeters>
            <DistanceMeters>2280.56005859375</DistanceMeters>
            <HeartRateBpm>
              <Value>133</Value>
            </HeartRateBpm>
            <Extensions>
              <ns3:TPX>
                <ns3:Speed>2.697000026702881</ns3:Speed>
                <ns3:RunCadence>82</ns3:RunCadence>
              </ns3:TPX>
            </Extensions>
          </Trackpoint>
          <Trackpoint>
            <Time>2026-01-14T18:04:25.000Z</Time>
            <Position>
              <LatitudeDegrees>38.92946454696357</LatitudeDegrees>
              <LongitudeDegrees>-6.386690363287926</LongitudeDegrees>
            </Position>
            <AltitudeMeters>207.1999969482422</AltitudeMeters>
            <DistanceMeters>2301.360107421875</DistanceMeters>
            <HeartRateBpm>
              <Value>133</Value>
            </HeartRateBpm>
            <Extensions>
              <ns3:TPX>
                <ns3:Speed>2.677999973297119</ns3:Speed>
                <ns3:RunCadence>84</ns3:RunCadence>
              </ns3:TPX>
            </Extensions>
          </Trackpoint>
          <Trackpoint>
            <Time>2026-01-14T18:04:28.000Z</Time>
            <Position>
              <LatitudeDegrees>38.92946965992451</LatitudeDegrees>
              <LongitudeDegrees>-6.386787593364716</LongitudeDegrees>
            </Position>
            <AltitudeMeters>206.8000030517578</AltitudeMeters>
            <DistanceMeters>2309.800048828125</DistanceMeters>
            <HeartRateBpm>
              <Value>133</Value>
            </HeartRateBpm>
            <Extensions>
              <ns3:TPX>
                <ns3:Speed>2.6689999103546143</ns3:Speed>
                <ns3:RunCadence>84</ns3:RunCadence>
              </ns3:TPX>
            </Extensions>
          </Trackpoint>
          <Trackpoint>
            <Time>2026-01-14T18:04:34.000Z</Time>
            <Position>
              <LatitudeDegrees>38.92952363938093</LatitudeDegrees>
              <LongitudeDegrees>-6.386975347995758</LongitudeDegrees>
            </Position>
            <AltitudeMeters>206.1999969482422</AltitudeMeters>
            <DistanceMeters>2327.14990234375</DistanceMeters>
            <HeartRateBpm>
              <Value>133</Value>
            </HeartRateBpm>
            <Extensions>
              <ns3:TPX>
                <ns3:Speed>2.6689999103546143</ns3:Speed>
                <ns3:RunCadence>82</ns3:RunCadence>
              </ns3:TPX>
            </Extensions>
          </Trackpoint>
          <Trackpoint>
            <Time>2026-01-14T18:04:42.000Z</Time>
            <Position>
              <LatitudeDegrees>38.92957569099963</LatitudeDegrees>
              <LongitudeDegrees>-6.387220602482557</LongitudeDegrees>
            </Position>
            <AltitudeMeters>206.0</AltitudeMeters>
            <DistanceMeters>2349.199951171875</DistanceMeters>
            <HeartRateBpm>
              <Value>133</Value>
            </HeartRateBpm>
            <Extensions>
              <ns3:TPX>
                <ns3:Speed>2.677999973297119</ns3:Speed>
                <ns3:RunCadence>83</ns3:RunCadence>
              </ns3:TPX>
            </Extensions>
          </Trackpoint>
          <Trackpoint>
            <Time>2026-01-14T18:04:44.000Z</Time>
            <Position>
              <LatitudeDegrees>38.92958348616958</LatitudeDegrees>
              <LongitudeDegrees>-6.3872829638421535</LongitudeDegrees>
            </Position>
            <AltitudeMeters>206.0</AltitudeMeters>
            <DistanceMeters>2354.679931640625</DistanceMeters>
            <HeartRateBpm>
              <Value>133</Value>
            </HeartRateBpm>
            <Extensions>
              <ns3:TPX>
                <ns3:Speed>2.677999973297119</ns3:Speed>
                <ns3:RunCadence>83</ns3:RunCadence>
              </ns3:TPX>
            </Extensions>
          </Trackpoint>
          <Trackpoint>
            <Time>2026-01-14T18:04:52.000Z</Time>
            <Position>
              <LatitudeDegrees>38.929632268846035</LatitudeDegrees>
              <LongitudeDegrees>-6.387515980750322</LongitudeDegrees>
            </Position>
            <AltitudeMeters>206.0</AltitudeMeters>
            <DistanceMeters>2375.6201171875</DistanceMeters>
            <HeartRateBpm>
              <Value>133</Value>
            </HeartRateBpm>
            <Extensions>
              <ns3:TPX>
                <ns3:Speed>2.6689999103546143</ns3:Speed>
                <ns3:RunCadence>84</ns3:RunCadence>
              </ns3:TPX>
            </Extensions>
          </Trackpoint>
          <Trackpoint>
            <Time>2026-01-14T18:04:53.000Z</Time>
            <Position>
              <LatitudeDegrees>38.92964065074921</LatitudeDegrees>
              <LongitudeDegrees>-6.387542299926281</LongitudeDegrees>
            </Position>
            <AltitudeMeters>206.0</AltitudeMeters>
            <DistanceMeters>2378.080078125</DistanceMeters>
            <HeartRateBpm>
              <Value>133</Value>
            </HeartRateBpm>
            <Extensions>
              <ns3:TPX>
                <ns3:Speed>2.6689999103546143</ns3:Speed>
                <ns3:RunCadence>84</ns3:RunCadence>
              </ns3:TPX>
            </Extensions>
          </Trackpoint>
          <Trackpoint>
            <Time>2026-01-14T18:05:01.000Z</Time>
            <Position>
              <LatitudeDegrees>38.9296911098063</LatitudeDegrees>
              <LongitudeDegrees>-6.387774059548974</LongitudeDegrees>
            </Position>
            <AltitudeMeters>206.0</AltitudeMeters>
            <DistanceMeters>2398.949951171875</DistanceMeters>
            <HeartRateBpm>
              <Value>133</Value>
            </HeartRateBpm>
            <Extensions>
              <ns3:TPX>
                <ns3:Speed>2.6500000953674316</ns3:Speed>
                <ns3:RunCadence>83</ns3:RunCadence>
              </ns3:TPX>
            </Extensions>
          </Trackpoint>
          <Trackpoint>
            <Time>2026-01-14T18:05:03.000Z</Time>
            <Position>
              <LatitudeDegrees>38.929704604670405</LatitudeDegrees>
              <LongitudeDegrees>-6.387831727042794</LongitudeDegrees>
            </Position>
            <AltitudeMeters>205.60000610351562</AltitudeMeters>
            <DistanceMeters>2404.169921875</DistanceMeters>
            <HeartRateBpm>
              <Value>133</Value>
            </HeartRateBpm>
            <Extensions>
              <ns3:TPX>
                <ns3:Speed>2.6410000324249268</ns3:Speed>
                <ns3:RunCadence>83</ns3:RunCadence>
              </ns3:TPX>
            </Extensions>
          </Trackpoint>
          <Trackpoint>
            <Time>2026-01-14T18:05:12.000Z</Time>
            <Position>
              <LatitudeDegrees>38.92976478673518</LatitudeDegrees>
              <LongitudeDegrees>-6.388055942952633</LongitudeDegrees>
            </Position>
            <AltitudeMeters>205.8000030517578</AltitudeMeters>
            <DistanceMeters>2424.739990234375</DistanceMeters>
            <HeartRateBpm>
              <Value>132</Value>
            </HeartRateBpm>
            <Extensions>
              <ns3:TPX>
                <ns3:Speed>2.61299991607666</ns3:Speed>
                <ns3:RunCadence>81</ns3:RunCadence>
              </ns3:TPX>
            </Extensions>
          </Trackpoint>
          <Trackpoint>
            <Time>2026-01-14T18:05:13.000Z</Time>
            <Position>
              <LatitudeDegrees>38.92977241426706</LatitudeDegrees>
              <LongitudeDegrees>-6.388079077005386</LongitudeDegrees>
            </Position>
            <AltitudeMeters>206.0</AltitudeMeters>
            <DistanceMeters>2426.8798828125</DistanceMeters>
            <HeartRateBpm>
              <Value>132</Value>
            </HeartRateBpm>
            <Extensions>
              <ns3:TPX>
                <ns3:Speed>2.61299991607666</ns3:Speed>
                <ns3:RunCadence>81</ns3:RunCadence>
              </ns3:TPX>
            </Extensions>
          </Trackpoint>
          <Trackpoint>
            <Time>2026-01-14T18:05:21.000Z</Time>
            <Position>
              <LatitudeDegrees>38.92983008176088</LatitudeDegrees>
              <LongitudeDegrees>-6.388281499966979</LongitudeDegrees>
            </Position>
            <AltitudeMeters>206.0</AltitudeMeters>
            <DistanceMeters>2445.5400390625</DistanceMeters>
            <HeartRateBpm>
              <Value>129</Value>
            </HeartRateBpm>
            <Extensions>
              <ns3:TPX>
                <ns3:Speed>2.434999942779541</ns3:Speed>
                <ns3:RunCadence>82</ns3:RunCadence>
              </ns3:TPX>
            </Extensions>
          </Trackpoint>
          <Trackpoint>
            <Time>2026-01-14T18:05:22.000Z</Time>
            <Position>
              <LatitudeDegrees>38.92983586527407</LatitudeDegrees>
              <LongitudeDegrees>-6.388309076428413</LongitudeDegrees>
            </Position>
            <AltitudeMeters>206.0</AltitudeMeters>
            <DistanceMeters>2448.010009765625</DistanceMeters>
            <HeartRateBpm>
              <Value>129</Value>
            </HeartRateBpm>
            <Extensions>
              <ns3:TPX>
                <ns3:Speed>2.4260001182556152</ns3:Speed>
                <ns3:RunCadence>83</ns3:RunCadence>
              </ns3:TPX>
            </Extensions>
          </Trackpoint>
          <Trackpoint>
            <Time>2026-01-14T18:05:30.000Z</Time>
            <Position>
              <LatitudeDegrees>38.929890766739845</LatitudeDegrees>
              <LongitudeDegrees>-6.388538321480155</LongitudeDegrees>
            </Position>
            <AltitudeMeters>206.0</AltitudeMeters>
            <DistanceMeters>2468.75</DistanceMeters>
            <HeartRateBpm>
              <Value>129</Value>
            </HeartRateBpm>
            <Extensions>
              <ns3:TPX>
                <ns3:Speed>2.565999984741211</ns3:Speed>
                <ns3:RunCadence>84</ns3:RunCadence>
              </ns3:TPX>
            </Extensions>
          </Trackpoint>
          <Trackpoint>
            <Time>2026-01-14T18:05:32.000Z</Time>
            <Position>
              <LatitudeDegrees>38.929904429242015</LatitudeDegrees>
              <LongitudeDegrees>-6.3886011857539415</LongitudeDegrees>
            </Position>
            <AltitudeMeters>206.0</AltitudeMeters>
            <DistanceMeters>2474.409912109375</DistanceMeters>
            <HeartRateBpm>
              <Value>129</Value>
            </HeartRateBpm>
            <Extensions>
              <ns3:TPX>
                <ns3:Speed>2.5940001010894775</ns3:Speed>
                <ns3:RunCadence>83</ns3:RunCadence>
              </ns3:TPX>
            </Extensions>
          </Trackpoint>
          <Trackpoint>
            <Time>2026-01-14T18:05:40.000Z</Time>
            <Position>
              <LatitudeDegrees>38.92996720969677</LatitudeDegrees>
              <LongitudeDegrees>-6.388843422755599</LongitudeDegrees>
            </Position>
            <AltitudeMeters>206.0</AltitudeMeters>
            <DistanceMeters>2496.56005859375</DistanceMeters>
            <HeartRateBpm>
              <Value>131</Value>
            </HeartRateBpm>
            <Extensions>
              <ns3:TPX>
                <ns3:Speed>2.5940001010894775</ns3:Speed>
                <ns3:RunCadence>82</ns3:RunCadence>
              </ns3:TPX>
            </Extensions>
          </Trackpoint>
          <Trackpoint>
            <Time>2026-01-14T18:05:41.000Z</Time>
            <Position>
              <LatitudeDegrees>38.92997500486672</LatitudeDegrees>
              <LongitudeDegrees>-6.38887133449316</LongitudeDegrees>
            </Position>
            <AltitudeMeters>206.0</AltitudeMeters>
            <DistanceMeters>2499.110107421875</DistanceMeters>
            <HeartRateBpm>
              <Value>131</Value>
            </HeartRateBpm>
            <Extensions>
              <ns3:TPX>
                <ns3:Speed>2.6029999256134033</ns3:Speed>
                <ns3:RunCadence>82</ns3:RunCadence>
              </ns3:TPX>
            </Extensions>
          </Trackpoint>
          <Trackpoint>
            <Time>2026-01-14T18:05:49.000Z</Time>
            <Position>
              <LatitudeDegrees>38.93003057688475</LatitudeDegrees>
              <LongitudeDegrees>-6.389111140742898</LongitudeDegrees>
            </Position>
            <AltitudeMeters>205.0</AltitudeMeters>
            <DistanceMeters>2520.77001953125</DistanceMeters>
            <HeartRateBpm>
              <Value>132</Value>
            </HeartRateBpm>
            <Extensions>
              <ns3:TPX>
                <ns3:Speed>2.61299991607666</ns3:Speed>
                <ns3:RunCadence>83</ns3:RunCadence>
              </ns3:TPX>
            </Extensions>
          </Trackpoint>
          <Trackpoint>
            <Time>2026-01-14T18:05:51.000Z</Time>
            <Position>
              <LatitudeDegrees>38.93004474230111</LatitudeDegrees>
              <LongitudeDegrees>-6.38916696421802</LongitudeDegrees>
            </Position>
            <AltitudeMeters>204.8000030517578</AltitudeMeters>
            <DistanceMeters>2525.840087890625</DistanceMeters>
            <HeartRateBpm>
              <Value>132</Value>
            </HeartRateBpm>
            <Extensions>
              <ns3:TPX>
                <ns3:Speed>2.61299991607666</ns3:Speed>
                <ns3:RunCadence>83</ns3:RunCadence>
              </ns3:TPX>
            </Extensions>
          </Trackpoint>
          <Trackpoint>
            <Time>2026-01-14T18:05:57.000Z</Time>
            <Position>
              <LatitudeDegrees>38.93006494268775</LatitudeDegrees>
              <LongitudeDegrees>-6.389337619766593</LongitudeDegrees>
            </Position>
            <AltitudeMeters>204.0</AltitudeMeters>
            <DistanceMeters>2540.8798828125</DistanceMeters>
            <HeartRateBpm>
              <Value>133</Value>
            </HeartRateBpm>
            <Extensions>
              <ns3:TPX>
                <ns3:Speed>2.6029999256134033</ns3:Speed>
                <ns3:RunCadence>82</ns3:RunCadence>
              </ns3:TPX>
            </Extensions>
          </Trackpoint>
          <Trackpoint>
            <Time>2026-01-14T18:06:04.000Z</Time>
            <Position>
              <LatitudeDegrees>38.930101403966546</LatitudeDegrees>
              <LongitudeDegrees>-6.3895035814493895</LongitudeDegrees>
            </Position>
            <AltitudeMeters>203.60000610351562</AltitudeMeters>
            <DistanceMeters>2555.780029296875</DistanceMeters>
            <HeartRateBpm>
              <Value>134</Value>
            </HeartRateBpm>
            <Extensions>
              <ns3:TPX>
                <ns3:Speed>2.5850000381469727</ns3:Speed>
                <ns3:RunCadence>82</ns3:RunCadence>
              </ns3:TPX>
            </Extensions>
          </Trackpoint>
          <Trackpoint>
            <Time>2026-01-14T18:06:09.000Z</Time>
            <Position>
              <LatitudeDegrees>38.93010743893683</LatitudeDegrees>
              <LongitudeDegrees>-6.38953291811049</LongitudeDegrees>
            </Position>
            <AltitudeMeters>203.60000610351562</AltitudeMeters>
            <DistanceMeters>2558.35009765625</DistanceMeters>
            <HeartRateBpm>
              <Value>135</Value>
            </HeartRateBpm>
            <Extensions>
              <ns3:TPX>
                <ns3:Speed>2.3610000610351562</ns3:Speed>
                <ns3:RunCadence>0</ns3:RunCadence>
              </ns3:TPX>
            </Extensions>
          </Trackpoint>
          <Trackpoint>
            <Time>2026-01-14T18:06:14.000Z</Time>
            <Position>
              <LatitudeDegrees>38.9301192574203</LatitudeDegrees>
              <LongitudeDegrees>-6.38951632194221</LongitudeDegrees>
            </Position>
            <AltitudeMeters>203.60000610351562</AltitudeMeters>
            <DistanceMeters>2561.139892578125</DistanceMeters>
            <HeartRateBpm>
              <Value>132</Value>
            </HeartRateBpm>
            <Extensions>
              <ns3:TPX>
                <ns3:Speed>0.0</ns3:Speed>
                <ns3:RunCadence>0</ns3:RunCadence>
              </ns3:TPX>
            </Extensions>
          </Trackpoint>
          <Trackpoint>
            <Time>2026-01-14T18:06:16.000Z</Time>
            <Position>
              <LatitudeDegrees>38.930117497220635</LatitudeDegrees>
              <LongitudeDegrees>-6.389471814036369</LongitudeDegrees>
            </Position>
            <AltitudeMeters>203.8000030517578</AltitudeMeters>
            <DistanceMeters>2564.530029296875</DistanceMeters>
            <HeartRateBpm>
              <Value>130</Value>
            </HeartRateBpm>
            <Extensions>
              <ns3:TPX>
                <ns3:Speed>0.0</ns3:Speed>
                <ns3:RunCadence>79</ns3:RunCadence>
              </ns3:TPX>
            </Extensions>
          </Trackpoint>
          <Trackpoint>
            <Time>2026-01-14T18:06:22.000Z</Time>
            <Position>
              <LatitudeDegrees>38.93011288717389</LatitudeDegrees>
              <LongitudeDegrees>-6.38930669054389</LongitudeDegrees>
            </Position>
            <AltitudeMeters>204.39999389648438</AltitudeMeters>
            <DistanceMeters>2578.43994140625</DistanceMeters>
            <HeartRateBpm>
              <Value>128</Value>
            </HeartRateBpm>
            <Extensions>
              <ns3:TPX>
                <ns3:Speed>2.322999954223633</ns3:Speed>
                <ns3:RunCadence>83</ns3:RunCadence>
              </ns3:TPX>
            </Extensions>
          </Trackpoint>
          <Trackpoint>
            <Time>2026-01-14T18:06:29.000Z</Time>
            <Position>
              <LatitudeDegrees>38.93008631654084</LatitudeDegrees>
              <LongitudeDegrees>-6.389101082459092</LongitudeDegrees>
            </Position>
            <AltitudeMeters>205.1999969482422</AltitudeMeters>
            <DistanceMeters>2596.43994140625</DistanceMeters>
            <HeartRateBpm>
              <Value>127</Value>
            </HeartRateBpm>
            <Extensions>
              <ns3:TPX>
                <ns3:Speed>2.239000082015991</ns3:Speed>
                <ns3:RunCadence>82</ns3:RunCadence>
              </ns3:TPX>
            </Extensions>
          </Trackpoint>
          <Trackpoint>
            <Time>2026-01-14T18:06:36.000Z</Time>
            <Position>
              <LatitudeDegrees>38.930040216073394</LatitudeDegrees>
              <LongitudeDegrees>-6.388887092471123</LongitudeDegrees>
            </Position>
            <AltitudeMeters>205.8000030517578</AltitudeMeters>
            <DistanceMeters>2615.72998046875</DistanceMeters>
            <HeartRateBpm>
              <Value>130</Value>
            </HeartRateBpm>
            <Extensions>
              <ns3:TPX>
                <ns3:Speed>2.322999954223633</ns3:Speed>
                <ns3:RunCadence>82</ns3:RunCadence>
              </ns3:TPX>
            </Extensions>
          </Trackpoint>
          <Trackpoint>
            <Time>2026-01-14T18:06:37.000Z</Time>
            <Position>
              <LatitudeDegrees>38.93003401346505</LatitudeDegrees>
              <LongitudeDegrees>-6.388856414705515</LongitudeDegrees>
            </Position>
            <AltitudeMeters>206.0</AltitudeMeters>
            <DistanceMeters>2618.47998046875</DistanceMeters>
            <HeartRateBpm>
              <Value>127</Value>
            </HeartRateBpm>
            <Extensions>
              <ns3:TPX>
                <ns3:Speed>2.3420000076293945</ns3:Speed>
                <ns3:RunCadence>82</ns3:RunCadence>
              </ns3:TPX>
            </Extensions>
          </Trackpoint>
          <Trackpoint>
            <Time>2026-01-14T18:06:38.000Z</Time>
            <Position>
              <LatitudeDegrees>38.93002890050411</LatitudeDegrees>
              <LongitudeDegrees>-6.3888259045779705</LongitudeDegrees>
            </Position>
            <AltitudeMeters>206.0</AltitudeMeters>
            <DistanceMeters>2621.179931640625</DistanceMeters>
            <HeartRateBpm>
              <Value>128</Value>
            </HeartRateBpm>
            <Extensions>
              <ns3:TPX>
                <ns3:Speed>2.3610000610351562</ns3:Speed>
                <ns3:RunCadence>83</ns3:RunCadence>
              </ns3:TPX>
            </Extensions>
          </Trackpoint>
          <Trackpoint>
            <Time>2026-01-14T18:06:46.000Z</Time>
            <Position>
              <LatitudeDegrees>38.92997802235186</LatitudeDegrees>
              <LongitudeDegrees>-6.388592468574643</LongitudeDegrees>
            </Position>
            <AltitudeMeters>206.0</AltitudeMeters>
            <DistanceMeters>2642.22998046875</DistanceMeters>
            <HeartRateBpm>
              <Value>127</Value>
            </HeartRateBpm>
            <Extensions>
              <ns3:TPX>
                <ns3:Speed>2.4630000591278076</ns3:Speed>
                <ns3:RunCadence>82</ns3:RunCadence>
              </ns3:TPX>
            </Extensions>
          </Trackpoint>
          <Trackpoint>
            <Time>2026-01-14T18:06:54.000Z</Time>
            <Position>
              <LatitudeDegrees>38.92991490662098</LatitudeDegrees>
              <LongitudeDegrees>-6.3883711863309145</LongitudeDegrees>
            </Position>
            <AltitudeMeters>206.0</AltitudeMeters>
            <DistanceMeters>2662.719970703125</DistanceMeters>
            <HeartRateBpm>
              <Value>127</Value>
            </HeartRateBpm>
            <Extensions>
              <ns3:TPX>
                <ns3:Speed>2.500999927520752</ns3:Speed>
                <ns3:RunCadence>82</ns3:RunCadence>
              </ns3:TPX>
            </Extensions>
          </Trackpoint>
          <Trackpoint>
            <Time>2026-01-14T18:07:02.000Z</Time>
            <Position>
              <LatitudeDegrees>38.9298517908901</LatitudeDegrees>
              <LongitudeDegrees>-6.388144455850124</LongitudeDegrees>
            </Position>
            <AltitudeMeters>206.0</AltitudeMeters>
            <DistanceMeters>2683.580078125</DistanceMeters>
            <HeartRateBpm>
              <Value>127</Value>
            </HeartRateBpm>
            <Extensions>
              <ns3:TPX>
                <ns3:Speed>2.509999990463257</ns3:Speed>
                <ns3:RunCadence>83</ns3:RunCadence>
              </ns3:TPX>
            </Extensions>
          </Trackpoint>
          <Trackpoint>
            <Time>2026-01-14T18:07:09.000Z</Time>
            <Position>
              <LatitudeDegrees>38.92980728298426</LatitudeDegrees>
              <LongitudeDegrees>-6.387951085343957</LongitudeDegrees>
            </Position>
            <AltitudeMeters>205.8000030517578</AltitudeMeters>
            <DistanceMeters>2701.080078125</DistanceMeters>
            <HeartRateBpm>
              <Value>128</Value>
            </HeartRateBpm>
            <Extensions>
              <ns3:TPX>
                <ns3:Speed>2.5290000438690186</ns3:Speed>
                <ns3:RunCadence>80</ns3:RunCadence>
              </ns3:TPX>
            </Extensions>
          </Trackpoint>
          <Trackpoint>
            <Time>2026-01-14T18:07:10.000Z</Time>
            <Position>
              <LatitudeDegrees>38.92980108037591</LatitudeDegrees>
              <LongitudeDegrees>-6.387921245768666</LongitudeDegrees>
            </Position>
            <AltitudeMeters>205.8000030517578</AltitudeMeters>
            <DistanceMeters>2703.75</DistanceMeters>
            <HeartRateBpm>
              <Value>125</Value>
            </HeartRateBpm>
            <Extensions>
              <ns3:TPX>
                <ns3:Speed>2.5290000438690186</ns3:Speed>
                <ns3:RunCadence>79</ns3:RunCadence>
              </ns3:TPX>
            </Extensions>
          </Trackpoint>
          <Trackpoint>
            <Time>2026-01-14T18:07:11.000Z</Time>
            <Position>
              <LatitudeDegrees>38.92979429103434</LatitudeDegrees>
              <LongitudeDegrees>-6.387893669307232</LongitudeDegrees>
            </Position>
            <AltitudeMeters>205.8000030517578</AltitudeMeters>
            <DistanceMeters>2706.260009765625</DistanceMeters>
            <HeartRateBpm>
              <Value>128</Value>
            </HeartRateBpm>
            <Extensions>
              <ns3:TPX>
                <ns3:Speed>2.5290000438690186</ns3:Speed>
                <ns3:RunCadence>79</ns3:RunCadence>
              </ns3:TPX>
            </Extensions>
          </Trackpoint>
          <Trackpoint>
            <Time>2026-01-14T18:07:17.000Z</Time>
            <Position>
              <LatitudeDegrees>38.929751459509134</LatitudeDegrees>
              <LongitudeDegrees>-6.38773038983345</LongitudeDegrees>
            </Position>
            <AltitudeMeters>206.0</AltitudeMeters>
            <DistanceMeters>2721.2099609375</DistanceMeters>
            <HeartRateBpm>
              <Value>129</Value>
            </HeartRateBpm>
            <Extensions>
              <ns3:TPX>
                <ns3:Speed>2.565999984741211</ns3:Speed>
                <ns3:RunCadence>82</ns3:RunCadence>
              </ns3:TPX>
            </Extensions>
          </Trackpoint>
          <Trackpoint>
            <Time>2026-01-14T18:07:24.000Z</Time>
            <Position>
              <LatitudeDegrees>38.92970820888877</LatitudeDegrees>
              <LongitudeDegrees>-6.387546826153994</LongitudeDegrees>
            </Position>
            <AltitudeMeters>206.0</AltitudeMeters>
            <DistanceMeters>2737.929931640625</DistanceMeters>
            <HeartRateBpm>
              <Value>129</Value>
            </HeartRateBpm>
            <Extensions>
              <ns3:TPX>
                <ns3:Speed>2.575000047683716</ns3:Speed>
                <ns3:RunCadence>83</ns3:RunCadence>
              </ns3:TPX>
            </Extensions>
          </Trackpoint>
          <Trackpoint>
            <Time>2026-01-14T18:07:34.000Z</Time>
            <Position>
              <LatitudeDegrees>38.929639142006636</LatitudeDegrees>
              <LongitudeDegrees>-6.387319592759013</LongitudeDegrees>
            </Position>
            <AltitudeMeters>205.8000030517578</AltitudeMeters>
            <DistanceMeters>2759.080078125</DistanceMeters>
            <HeartRateBpm>
              <Value>127</Value>
            </HeartRateBpm>
            <Extensions>
              <ns3:TPX>
                <ns3:Speed>2.509999990463257</ns3:Speed>
                <ns3:RunCadence>83</ns3:RunCadence>
              </ns3:TPX>
            </Extensions>
          </Trackpoint>
          <Trackpoint>
            <Time>2026-01-14T18:07:36.000Z</Time>
            <Position>
              <LatitudeDegrees>38.92962095327675</LatitudeDegrees>
              <LongitudeDegrees>-6.387270726263523</LongitudeDegrees>
            </Position>
            <AltitudeMeters>205.8000030517578</AltitudeMeters>
            <DistanceMeters>2763.75</DistanceMeters>
            <HeartRateBpm>
              <Value>127</Value>
            </HeartRateBpm>
            <Extensions>
              <ns3:TPX>
                <ns3:Speed>2.490999937057495</ns3:Speed>
                <ns3:RunCadence>83</ns3:RunCadence>
              </ns3:TPX>
            </Extensions>
          </Trackpoint>
          <Trackpoint>
            <Time>2026-01-14T18:07:44.000Z</Time>
            <Position>
              <LatitudeDegrees>38.92956169322133</LatitudeDegrees>
              <LongitudeDegrees>-6.387014407664537</LongitudeDegrees>
            </Position>
            <AltitudeMeters>206.0</AltitudeMeters>
            <DistanceMeters>2786.889892578125</DistanceMeters>
            <HeartRateBpm>
              <Value>128</Value>
            </HeartRateBpm>
            <Extensions>
              <ns3:TPX>
                <ns3:Speed>2.4539999961853027</ns3:Speed>
                <ns3:RunCadence>83</ns3:RunCadence>
              </ns3:TPX>
            </Extensions>
          </Trackpoint>
          <Trackpoint>
            <Time>2026-01-14T18:07:45.000Z</Time>
            <Position>
              <LatitudeDegrees>38.929555071517825</LatitudeDegrees>
              <LongitudeDegrees>-6.3869802094995975</LongitudeDegrees>
            </Position>
            <AltitudeMeters>206.0</AltitudeMeters>
            <DistanceMeters>2789.93994140625</DistanceMeters>
            <HeartRateBpm>
              <Value>129</Value>
            </HeartRateBpm>
            <Extensions>
              <ns3:TPX>
                <ns3:Speed>2.4539999961853027</ns3:Speed>
                <ns3:RunCadence>83</ns3:RunCadence>
              </ns3:TPX>
            </Extensions>
          </Trackpoint>
          <Trackpoint>
            <Time>2026-01-14T18:07:52.000Z</Time>
            <Position>
              <LatitudeDegrees>38.92950025387108</LatitudeDegrees>
              <LongitudeDegrees>-6.386752305552363</LongitudeDegrees>
            </Position>
            <AltitudeMeters>206.8000030517578</AltitudeMeters>
            <DistanceMeters>2810.6298828125</DistanceMeters>
            <HeartRateBpm>
              <Value>130</Value>
            </HeartRateBpm>
            <Extensions>
              <ns3:TPX>
                <ns3:Speed>2.5290000438690186</ns3:Speed>
                <ns3:RunCadence>83</ns3:RunCadence>
              </ns3:TPX>
            </Extensions>
          </Trackpoint>
          <Trackpoint>
            <Time>2026-01-14T18:07:55.000Z</Time>
            <Position>
              <LatitudeDegrees>38.92948399297893</LatitudeDegrees>
              <LongitudeDegrees>-6.38666664250195</LongitudeDegrees>
            </Position>
            <AltitudeMeters>207.1999969482422</AltitudeMeters>
            <DistanceMeters>2818.27001953125</DistanceMeters>
            <HeartRateBpm>
              <Value>130</Value>
            </HeartRateBpm>
            <Extensions>
              <ns3:TPX>
                <ns3:Speed>2.565999984741211</ns3:Speed>
                <ns3:RunCadence>82</ns3:RunCadence>
              </ns3:TPX>
            </Extensions>
          </Trackpoint>
          <Trackpoint>
            <Time>2026-01-14T18:08:03.000Z</Time>
            <Position>
              <LatitudeDegrees>38.92942146398127</LatitudeDegrees>
              <LongitudeDegrees>-6.386444186791778</LongitudeDegrees>
            </Position>
            <AltitudeMeters>208.1999969482422</AltitudeMeters>
            <DistanceMeters>2838.760009765625</DistanceMeters>
            <HeartRateBpm>
              <Value>131</Value>
            </HeartRateBpm>
            <Extensions>
              <ns3:TPX>
                <ns3:Speed>2.575000047683716</ns3:Speed>
                <ns3:RunCadence>83</ns3:RunCadence>
              </ns3:TPX>
            </Extensions>
          </Trackpoint>
          <Trackpoint>
            <Time>2026-01-14T18:08:04.000Z</Time>
            <Position>
              <LatitudeDegrees>38.929410483688116</LatitudeDegrees>
              <LongitudeDegrees>-6.386418621987104</LongitudeDegrees>
            </Position>
            <AltitudeMeters>208.39999389648438</AltitudeMeters>
            <DistanceMeters>2841.2900390625</DistanceMeters>
            <HeartRateBpm>
              <Value>131</Value>
            </HeartRateBpm>
            <Extensions>
              <ns3:TPX>
                <ns3:Speed>2.565999984741211</ns3:Speed>
                <ns3:RunCadence>82</ns3:RunCadence>
              </ns3:TPX>
            </Extensions>
          </Trackpoint>
          <Trackpoint>
            <Time>2026-01-14T18:08:11.000Z</Time>
            <Position>
              <LatitudeDegrees>38.92936765216291</LatitudeDegrees>
              <LongitudeDegrees>-6.386222233995795</LongitudeDegrees>
            </Position>
            <AltitudeMeters>208.60000610351562</AltitudeMeters>
            <DistanceMeters>2859.0</DistanceMeters>
            <HeartRateBpm>
              <Value>132</Value>
            </HeartRateBpm>
            <Extensions>
              <ns3:TPX>
                <ns3:Speed>2.546999931335449</ns3:Speed>
                <ns3:RunCadence>83</ns3:RunCadence>
              </ns3:TPX>
            </Extensions>
          </Trackpoint>
          <Trackpoint>
            <Time>2026-01-14T18:08:19.000Z</Time>
            <Position>
              <LatitudeDegrees>38.929324904456735</LatitudeDegrees>
              <LongitudeDegrees>-6.38597178272903</LongitudeDegrees>
            </Position>
            <AltitudeMeters>207.8000030517578</AltitudeMeters>
            <DistanceMeters>2881.25</DistanceMeters>
            <HeartRateBpm>
              <Value>133</Value>
            </HeartRateBpm>
            <Extensions>
              <ns3:TPX>
                <ns3:Speed>2.575000047683716</ns3:Speed>
                <ns3:RunCadence>82</ns3:RunCadence>
              </ns3:TPX>
            </Extensions>
          </Trackpoint>
          <Trackpoint>
            <Time>2026-01-14T18:08:20.000Z</Time>
            <Position>
              <LatitudeDegrees>38.92932029440999</LatitudeDegrees>
              <LongitudeDegrees>-6.385941691696644</LongitudeDegrees>
            </Position>
            <AltitudeMeters>207.60000610351562</AltitudeMeters>
            <DistanceMeters>2883.89990234375</DistanceMeters>
            <HeartRateBpm>
              <Value>133</Value>
            </HeartRateBpm>
            <Extensions>
              <ns3:TPX>
                <ns3:Speed>2.575000047683716</ns3:Speed>
                <ns3:RunCadence>83</ns3:RunCadence>
              </ns3:TPX>
            </Extensions>
          </Trackpoint>
          <Trackpoint>
            <Time>2026-01-14T18:08:28.000Z</Time>
            <Position>
              <LatitudeDegrees>38.92926899716258</LatitudeDegrees>
              <LongitudeDegrees>-6.385696521028876</LongitudeDegrees>
            </Position>
            <AltitudeMeters>207.39999389648438</AltitudeMeters>
            <DistanceMeters>2905.929931640625</DistanceMeters>
            <HeartRateBpm>
              <Value>133</Value>
            </HeartRateBpm>
            <Extensions>
              <ns3:TPX>
                <ns3:Speed>2.5940001010894775</ns3:Speed>
                <ns3:RunCadence>81</ns3:RunCadence>
              </ns3:TPX>
            </Extensions>
          </Trackpoint>
          <Trackpoint>
            <Time>2026-01-14T18:08:35.000Z</Time>
            <Position>
              <LatitudeDegrees>38.929220801219344</LatitudeDegrees>
              <LongitudeDegrees>-6.385489571839571</LongitudeDegrees>
            </Position>
            <AltitudeMeters>207.8000030517578</AltitudeMeters>
            <DistanceMeters>2924.669921875</DistanceMeters>
            <HeartRateBpm>
              <Value>134</Value>
            </HeartRateBpm>
            <Extensions>
              <ns3:TPX>
                <ns3:Speed>2.63100004196167</ns3:Speed>
                <ns3:RunCadence>82</ns3:RunCadence>
              </ns3:TPX>
            </Extensions>
          </Trackpoint>
          <Trackpoint>
            <Time>2026-01-14T18:08:42.000Z</Time>
            <Position>
              <LatitudeDegrees>38.92917671240866</LatitudeDegrees>
              <LongitudeDegrees>-6.385279940441251</LongitudeDegrees>
            </Position>
            <AltitudeMeters>207.1999969482422</AltitudeMeters>
            <DistanceMeters>2943.5400390625</DistanceMeters>
            <HeartRateBpm>
              <Value>132</Value>
            </HeartRateBpm>
            <Extensions>
              <ns3:TPX>
                <ns3:Speed>2.6410000324249268</ns3:Speed>
                <ns3:RunCadence>82</ns3:RunCadence>
              </ns3:TPX>
            </Extensions>
          </Trackpoint>
          <Trackpoint>
            <Time>2026-01-14T18:08:50.000Z</Time>
            <Position>
              <LatitudeDegrees>38.92912005074322</LatitudeDegrees>
              <LongitudeDegrees>-6.385036865249276</LongitudeDegrees>
            </Position>
            <AltitudeMeters>206.60000610351562</AltitudeMeters>
            <DistanceMeters>2965.52001953125</DistanceMeters>
            <HeartRateBpm>
              <Value>133</Value>
            </HeartRateBpm>
            <Extensions>
              <ns3:TPX>
                <ns3:Speed>2.6500000953674316</ns3:Speed>
                <ns3:RunCadence>82</ns3:RunCadence>
              </ns3:TPX>
            </Extensions>
          </Trackpoint>
          <Trackpoint>
            <Time>2026-01-14T18:08:53.000Z</Time>
            <Position>
              <LatitudeDegrees>38.92909733578563</LatitudeDegrees>
              <LongitudeDegrees>-6.384949358180165</LongitudeDegrees>
            </Position>
            <AltitudeMeters>206.60000610351562</AltitudeMeters>
            <DistanceMeters>2973.510009765625</DistanceMeters>
            <HeartRateBpm>
              <Value>132</Value>
            </HeartRateBpm>
            <Extensions>
              <ns3:TPX>
                <ns3:Speed>2.6589999198913574</ns3:Speed>
                <ns3:RunCadence>81</ns3:RunCadence>
              </ns3:TPX>
            </Extensions>
          </Trackpoint>
          <Trackpoint>
            <Time>2026-01-14T18:09:01.000Z</Time>
            <Position>
              <LatitudeDegrees>38.92903790809214</LatitudeDegrees>
              <LongitudeDegrees>-6.384722292423248</LongitudeDegrees>
            </Position>
            <AltitudeMeters>205.1999969482422</AltitudeMeters>
            <DistanceMeters>2994.280029296875</DistanceMeters>
            <HeartRateBpm>
              <Value>134</Value>
            </HeartRateBpm>
            <Extensions>
              <ns3:TPX>
                <ns3:Speed>2.677999973297119</ns3:Speed>
                <ns3:RunCadence>82</ns3:RunCadence>
              </ns3:TPX>
            </Extensions>
          </Trackpoint>
          <Trackpoint>
            <Time>2026-01-14T18:09:03.000Z</Time>
            <Position>
              <LatitudeDegrees>38.929023994132876</LatitudeDegrees>
              <LongitudeDegrees>-6.3846692349761724</LongitudeDegrees>
            </Position>
            <AltitudeMeters>205.0</AltitudeMeters>
            <DistanceMeters>2999.139892578125</DistanceMeters>
            <HeartRateBpm>
              <Value>133</Value>
            </HeartRateBpm>
            <Extensions>
              <ns3:TPX>
                <ns3:Speed>2.687000036239624</ns3:Speed>
                <ns3:RunCadence>82</ns3:RunCadence>
              </ns3:TPX>
            </Extensions>
          </Trackpoint>
          <Trackpoint>
            <Time>2026-01-14T18:09:04.000Z</Time>
            <Position>
              <LatitudeDegrees>38.92901695333421</LatitudeDegrees>
              <LongitudeDegrees>-6.384640987962484</LongitudeDegrees>
            </Position>
            <AltitudeMeters>205.0</AltitudeMeters>
            <DistanceMeters>3001.7099609375</DistanceMeters>
            <HeartRateBpm>
              <Value>134</Value>
            </HeartRateBpm>
            <Extensions>
              <ns3:TPX>
                <ns3:Speed>2.687000036239624</ns3:Speed>
                <ns3:RunCadence>82</ns3:RunCadence>
              </ns3:TPX>
            </Extensions>
          </Trackpoint>
        </Track>
        <Extensions>
          <ns3:LX>
            <ns3:AvgSpeed>2.561000108718872</ns3:AvgSpeed>
            <ns3:AvgRunCadence>81</ns3:AvgRunCadence>
            <ns3:MaxRunCadence>84</ns3:MaxRunCadence>
          </ns3:LX>
        </Extensions>
      </Lap>
      <Lap StartTime="2026-01-14T18:09:05.000Z">
        <TotalTimeSeconds>368.192</TotalTimeSeconds>
        <DistanceMeters>1000.0</DistanceMeters>
        <MaximumSpeed>2.8929998874664307</MaximumSpeed>
        <Calories>73</Calories>
        <AverageHeartRateBpm>
          <Value>133</Value>
        </AverageHeartRateBpm>
        <MaximumHeartRateBpm>
          <Value>139</Value>
        </MaximumHeartRateBpm>
        <Intensity>Active</Intensity>
        <TriggerMethod>Manual</TriggerMethod>
        <Track>
          <Trackpoint>
            <Time>2026-01-14T18:09:12.000Z</Time>
            <Position>
              <LatitudeDegrees>38.9289553463459</LatitudeDegrees>
              <LongitudeDegrees>-6.384414676576853</LongitudeDegrees>
            </Position>
            <AltitudeMeters>205.39999389648438</AltitudeMeters>
            <DistanceMeters>3022.5</DistanceMeters>
            <HeartRateBpm>
              <Value>133</Value>
            </HeartRateBpm>
            <Extensions>
              <ns3:TPX>
                <ns3:Speed>2.677999973297119</ns3:Speed>
                <ns3:RunCadence>82</ns3:RunCadence>
              </ns3:TPX>
            </Extensions>
          </Trackpoint>
          <Trackpoint>
            <Time>2026-01-14T18:09:20.000Z</Time>
            <Position>
              <LatitudeDegrees>38.92889717593789</LatitudeDegrees>
              <LongitudeDegrees>-6.3841888681054115</LongitudeDegrees>
            </Position>
            <AltitudeMeters>205.8000030517578</AltitudeMeters>
            <DistanceMeters>3043.10009765625</DistanceMeters>
            <HeartRateBpm>
              <Value>132</Value>
            </HeartRateBpm>
            <Extensions>
              <ns3:TPX>
                <ns3:Speed>2.6589999198913574</ns3:Speed>
                <ns3:RunCadence>83</ns3:RunCadence>
              </ns3:TPX>
            </Extensions>
          </Trackpoint>
          <Trackpoint>
            <Time>2026-01-14T18:09:22.000Z</Time>
            <Position>
              <LatitudeDegrees>38.9288879558444</LatitudeDegrees>
              <LongitudeDegrees>-6.384126590564847</LongitudeDegrees>
            </Position>
            <AltitudeMeters>205.8000030517578</AltitudeMeters>
            <DistanceMeters>3048.580078125</DistanceMeters>
            <HeartRateBpm>
              <Value>132</Value>
            </HeartRateBpm>
            <Extensions>
              <ns3:TPX>
                <ns3:Speed>2.6589999198913574</ns3:Speed>
                <ns3:RunCadence>83</ns3:RunCadence>
              </ns3:TPX>
            </Extensions>
          </Trackpoint>
          <Trackpoint>
            <Time>2026-01-14T18:09:23.000Z</Time>
            <Position>
              <LatitudeDegrees>38.92888259142637</LatitudeDegrees>
              <LongitudeDegrees>-6.384096248075366</LongitudeDegrees>
            </Position>
            <AltitudeMeters>206.0</AltitudeMeters>
            <DistanceMeters>3051.280029296875</DistanceMeters>
            <HeartRateBpm>
              <Value>135</Value>
            </HeartRateBpm>
            <Extensions>
              <ns3:TPX>
                <ns3:Speed>2.6589999198913574</ns3:Speed>
                <ns3:RunCadence>83</ns3:RunCadence>
              </ns3:TPX>
            </Extensions>
          </Trackpoint>
          <Trackpoint>
            <Time>2026-01-14T18:09:24.000Z</Time>
            <Position>
              <LatitudeDegrees>38.928876304998994</LatitudeDegrees>
              <LongitudeDegrees>-6.384067749604583</LongitudeDegrees>
            </Position>
            <AltitudeMeters>206.1999969482422</AltitudeMeters>
            <DistanceMeters>3053.840087890625</DistanceMeters>
            <HeartRateBpm>
              <Value>132</Value>
            </HeartRateBpm>
            <Extensions>
              <ns3:TPX>
                <ns3:Speed>2.6589999198913574</ns3:Speed>
                <ns3:RunCadence>83</ns3:RunCadence>
              </ns3:TPX>
            </Extensions>
          </Trackpoint>
          <Trackpoint>
            <Time>2026-01-14T18:09:31.000Z</Time>
            <Position>
              <LatitudeDegrees>38.928822576999664</LatitudeDegrees>
              <LongitudeDegrees>-6.383854933083057</LongitudeDegrees>
            </Position>
            <AltitudeMeters>206.60000610351562</AltitudeMeters>
            <DistanceMeters>3073.239990234375</DistanceMeters>
            <HeartRateBpm>
              <Value>131</Value>
            </HeartRateBpm>
            <Extensions>
              <ns3:TPX>
                <ns3:Speed>2.6589999198913574</ns3:Speed>
                <ns3:RunCadence>82</ns3:RunCadence>
              </ns3:TPX>
            </Extensions>
          </Trackpoint>
          <Trackpoint>
            <Time>2026-01-14T18:09:39.000Z</Time>
            <Position>
              <LatitudeDegrees>38.92876918427646</LatitudeDegrees>
              <LongitudeDegrees>-6.383617641404271</LongitudeDegrees>
            </Position>
            <AltitudeMeters>206.8000030517578</AltitudeMeters>
            <DistanceMeters>3094.679931640625</DistanceMeters>
            <HeartRateBpm>
              <Value>130</Value>
            </HeartRateBpm>
            <Extensions>
              <ns3:TPX>
                <ns3:Speed>2.687000036239624</ns3:Speed>
                <ns3:RunCadence>83</ns3:RunCadence>
              </ns3:TPX>
            </Extensions>
          </Trackpoint>
          <Trackpoint>
            <Time>2026-01-14T18:09:42.000Z</Time>
            <Position>
              <LatitudeDegrees>38.92874705605209</LatitudeDegrees>
              <LongitudeDegrees>-6.383528206497431</LongitudeDegrees>
            </Position>
            <AltitudeMeters>207.0</AltitudeMeters>
            <DistanceMeters>3102.81005859375</DistanceMeters>
            <HeartRateBpm>
              <Value>131</Value>
            </HeartRateBpm>
            <Extensions>
              <ns3:TPX>
                <ns3:Speed>2.687000036239624</ns3:Speed>
                <ns3:RunCadence>83</ns3:RunCadence>
              </ns3:TPX>
            </Extensions>
          </Trackpoint>
          <Trackpoint>
            <Time>2026-01-14T18:09:50.000Z</Time>
            <Position>
              <LatitudeDegrees>38.928688298910856</LatitudeDegrees>
              <LongitudeDegrees>-6.383295692503452</LongitudeDegrees>
            </Position>
            <AltitudeMeters>207.1999969482422</AltitudeMeters>
            <DistanceMeters>3123.989990234375</DistanceMeters>
            <HeartRateBpm>
              <Value>131</Value>
            </HeartRateBpm>
            <Extensions>
              <ns3:TPX>
                <ns3:Speed>2.687000036239624</ns3:Speed>
                <ns3:RunCadence>83</ns3:RunCadence>
              </ns3:TPX>
            </Extensions>
          </Trackpoint>
          <Trackpoint>
            <Time>2026-01-14T18:09:56.000Z</Time>
            <Position>
              <LatitudeDegrees>38.928643288090825</LatitudeDegrees>
              <LongitudeDegrees>-6.383110703900456</LongitudeDegrees>
            </Position>
            <AltitudeMeters>207.39999389648438</AltitudeMeters>
            <DistanceMeters>3140.89990234375</DistanceMeters>
            <HeartRateBpm>
              <Value>131</Value>
            </HeartRateBpm>
            <Extensions>
              <ns3:TPX>
                <ns3:Speed>2.697000026702881</ns3:Speed>
                <ns3:RunCadence>81</ns3:RunCadence>
              </ns3:TPX>
            </Extensions>
          </Trackpoint>
          <Trackpoint>
            <Time>2026-01-14T18:10:04.000Z</Time>
            <Position>
              <LatitudeDegrees>38.928590482100844</LatitudeDegrees>
              <LongitudeDegrees>-6.382866455242038</LongitudeDegrees>
            </Position>
            <AltitudeMeters>206.39999389648438</AltitudeMeters>
            <DistanceMeters>3162.8798828125</DistanceMeters>
            <HeartRateBpm>
              <Value>131</Value>
            </HeartRateBpm>
            <Extensions>
              <ns3:TPX>
                <ns3:Speed>2.7149999141693115</ns3:Speed>
                <ns3:RunCadence>82</ns3:RunCadence>
              </ns3:TPX>
            </Extensions>
          </Trackpoint>
          <Trackpoint>
            <Time>2026-01-14T18:10:05.000Z</Time>
            <Position>
              <LatitudeDegrees>38.928582686930895</LatitudeDegrees>
              <LongitudeDegrees>-6.382837034761906</LongitudeDegrees>
            </Position>
            <AltitudeMeters>206.39999389648438</AltitudeMeters>
            <DistanceMeters>3165.570068359375</DistanceMeters>
            <HeartRateBpm>
              <Value>131</Value>
            </HeartRateBpm>
            <Extensions>
              <ns3:TPX>
                <ns3:Speed>2.7149999141693115</ns3:Speed>
                <ns3:RunCadence>82</ns3:RunCadence>
              </ns3:TPX>
            </Extensions>
          </Trackpoint>
          <Trackpoint>
            <Time>2026-01-14T18:10:13.000Z</Time>
            <Position>
              <LatitudeDegrees>38.92852686345577</LatitudeDegrees>
              <LongitudeDegrees>-6.382614243775606</LongitudeDegrees>
            </Position>
            <AltitudeMeters>205.60000610351562</AltitudeMeters>
            <DistanceMeters>3185.840087890625</DistanceMeters>
            <HeartRateBpm>
              <Value>132</Value>
            </HeartRateBpm>
            <Extensions>
              <ns3:TPX>
                <ns3:Speed>2.7249999046325684</ns3:Speed>
                <ns3:RunCadence>82</ns3:RunCadence>
              </ns3:TPX>
            </Extensions>
          </Trackpoint>
          <Trackpoint>
            <Time>2026-01-14T18:10:14.000Z</Time>
            <Position>
              <LatitudeDegrees>38.92851781100035</LatitudeDegrees>
              <LongitudeDegrees>-6.382583566009998</LongitudeDegrees>
            </Position>
            <AltitudeMeters>205.39999389648438</AltitudeMeters>
            <DistanceMeters>3188.669921875</DistanceMeters>
            <HeartRateBpm>
              <Value>132</Value>
            </HeartRateBpm>
            <Extensions>
              <ns3:TPX>
                <ns3:Speed>2.7249999046325684</ns3:Speed>
                <ns3:RunCadence>83</ns3:RunCadence>
              </ns3:TPX>
            </Extensions>
          </Trackpoint>
          <Trackpoint>
            <Time>2026-01-14T18:10:21.000Z</Time>
            <Position>
              <LatitudeDegrees>38.92846525646746</LatitudeDegrees>
              <LongitudeDegrees>-6.382388519123197</LongitudeDegrees>
            </Position>
            <AltitudeMeters>204.0</AltitudeMeters>
            <DistanceMeters>3206.610107421875</DistanceMeters>
            <HeartRateBpm>
              <Value>134</Value>
            </HeartRateBpm>
            <Extensions>
              <ns3:TPX>
                <ns3:Speed>2.7149999141693115</ns3:Speed>
                <ns3:RunCadence>83</ns3:RunCadence>
              </ns3:TPX>
            </Extensions>
          </Trackpoint>
          <Trackpoint>
            <Time>2026-01-14T18:10:29.000Z</Time>
            <Position>
              <LatitudeDegrees>38.92841010354459</LatitudeDegrees>
              <LongitudeDegrees>-6.382180564105511</LongitudeDegrees>
            </Position>
            <AltitudeMeters>204.1999969482422</AltitudeMeters>
            <DistanceMeters>3225.679931640625</DistanceMeters>
            <HeartRateBpm>
              <Value>134</Value>
            </HeartRateBpm>
            <Extensions>
              <ns3:TPX>
                <ns3:Speed>2.687000036239624</ns3:Speed>
                <ns3:RunCadence>83</ns3:RunCadence>
              </ns3:TPX>
            </Extensions>
          </Trackpoint>
          <Trackpoint>
            <Time>2026-01-14T18:10:37.000Z</Time>
            <Position>
              <LatitudeDegrees>38.928357884287834</LatitudeDegrees>
              <LongitudeDegrees>-6.381945786997676</LongitudeDegrees>
            </Position>
            <AltitudeMeters>204.39999389648438</AltitudeMeters>
            <DistanceMeters>3246.860107421875</DistanceMeters>
            <HeartRateBpm>
              <Value>133</Value>
            </HeartRateBpm>
            <Extensions>
              <ns3:TPX>
                <ns3:Speed>2.6689999103546143</ns3:Speed>
                <ns3:RunCadence>83</ns3:RunCadence>
              </ns3:TPX>
            </Extensions>
          </Trackpoint>
          <Trackpoint>
            <Time>2026-01-14T18:10:45.000Z</Time>
            <Position>
              <LatitudeDegrees>38.92828797921538</LatitudeDegrees>
              <LongitudeDegrees>-6.381701119244099</LongitudeDegrees>
            </Position>
            <AltitudeMeters>204.1999969482422</AltitudeMeters>
            <DistanceMeters>3269.489990234375</DistanceMeters>
            <HeartRateBpm>
              <Value>132</Value>
            </HeartRateBpm>
            <Extensions>
              <ns3:TPX>
                <ns3:Speed>2.687000036239624</ns3:Speed>
                <ns3:RunCadence>82</ns3:RunCadence>
              </ns3:TPX>
            </Extensions>
          </Trackpoint>
          <Trackpoint>
            <Time>2026-01-14T18:10:46.000Z</Time>
            <Position>
              <LatitudeDegrees>38.92828278243542</LatitudeDegrees>
              <LongitudeDegrees>-6.381671279668808</LongitudeDegrees>
            </Position>
            <AltitudeMeters>204.1999969482422</AltitudeMeters>
            <DistanceMeters>3272.139892578125</DistanceMeters>
            <HeartRateBpm>
              <Value>134</Value>
            </HeartRateBpm>
            <Extensions>
              <ns3:TPX>
                <ns3:Speed>2.687000036239624</ns3:Speed>
                <ns3:RunCadence>83</ns3:RunCadence>
              </ns3:TPX>
            </Extensions>
          </Trackpoint>
          <Trackpoint>
            <Time>2026-01-14T18:10:54.000Z</Time>
            <Position>
              <LatitudeDegrees>38.92824447713792</LatitudeDegrees>
              <LongitudeDegrees>-6.3814266957342625</LongitudeDegrees>
            </Position>
            <AltitudeMeters>203.1999969482422</AltitudeMeters>
            <DistanceMeters>3293.800048828125</DistanceMeters>
            <HeartRateBpm>
              <Value>133</Value>
            </HeartRateBpm>
            <Extensions>
              <ns3:TPX>
                <ns3:Speed>2.7060000896453857</ns3:Speed>
                <ns3:RunCadence>83</ns3:RunCadence>
              </ns3:TPX>
            </Extensions>
          </Trackpoint>
          <Trackpoint>
            <Time>2026-01-14T18:11:01.000Z</Time>
            <Position>
              <LatitudeDegrees>38.92821446992457</LatitudeDegrees>
              <LongitudeDegrees>-6.381210945546627</LongitudeDegrees>
            </Position>
            <AltitudeMeters>203.0</AltitudeMeters>
            <DistanceMeters>3312.840087890625</DistanceMeters>
            <HeartRateBpm>
              <Value>133</Value>
            </HeartRateBpm>
            <Extensions>
              <ns3:TPX>
                <ns3:Speed>2.7060000896453857</ns3:Speed>
                <ns3:RunCadence>82</ns3:RunCadence>
              </ns3:TPX>
            </Extensions>
          </Trackpoint>
          <Trackpoint>
            <Time>2026-01-14T18:11:09.000Z</Time>
            <Position>
              <LatitudeDegrees>38.928174739703536</LatitudeDegrees>
              <LongitudeDegrees>-6.380960997194052</LongitudeDegrees>
            </Position>
            <AltitudeMeters>203.8000030517578</AltitudeMeters>
            <DistanceMeters>3334.97998046875</DistanceMeters>
            <HeartRateBpm>
              <Value>132</Value>
            </HeartRateBpm>
            <Extensions>
              <ns3:TPX>
                <ns3:Speed>2.7149999141693115</ns3:Speed>
                <ns3:RunCadence>83</ns3:RunCadence>
              </ns3:TPX>
            </Extensions>
          </Trackpoint>
          <Trackpoint>
            <Time>2026-01-14T18:11:17.000Z</Time>
            <Position>
              <LatitudeDegrees>38.92814800143242</LatitudeDegrees>
              <LongitudeDegrees>-6.380728734657168</LongitudeDegrees>
            </Position>
            <AltitudeMeters>205.60000610351562</AltitudeMeters>
            <DistanceMeters>3355.3701171875</DistanceMeters>
            <HeartRateBpm>
              <Value>131</Value>
            </HeartRateBpm>
            <Extensions>
              <ns3:TPX>
                <ns3:Speed>2.7249999046325684</ns3:Speed>
                <ns3:RunCadence>84</ns3:RunCadence>
              </ns3:TPX>
            </Extensions>
          </Trackpoint>
          <Trackpoint>
            <Time>2026-01-14T18:11:25.000Z</Time>
            <Position>
              <LatitudeDegrees>38.928122352808714</LatitudeDegrees>
              <LongitudeDegrees>-6.380486832931638</LongitudeDegrees>
            </Position>
            <AltitudeMeters>207.39999389648438</AltitudeMeters>
            <DistanceMeters>3376.570068359375</DistanceMeters>
            <HeartRateBpm>
              <Value>133</Value>
            </HeartRateBpm>
            <Extensions>
              <ns3:TPX>
                <ns3:Speed>2.7060000896453857</ns3:Speed>
                <ns3:RunCadence>82</ns3:RunCadence>
              </ns3:TPX>
            </Extensions>
          </Trackpoint>
          <Trackpoint>
            <Time>2026-01-14T18:11:32.000Z</Time>
            <Position>
              <LatitudeDegrees>38.92809444107115</LatitudeDegrees>
              <LongitudeDegrees>-6.380297988653183</LongitudeDegrees>
            </Position>
            <AltitudeMeters>208.0</AltitudeMeters>
            <DistanceMeters>3393.239990234375</DistanceMeters>
            <HeartRateBpm>
              <Value>133</Value>
            </HeartRateBpm>
            <Extensions>
              <ns3:TPX>
                <ns3:Speed>2.687000036239624</ns3:Speed>
                <ns3:RunCadence>83</ns3:RunCadence>
              </ns3:TPX>
            </Extensions>
          </Trackpoint>
          <Trackpoint>
            <Time>2026-01-14T18:11:39.000Z</Time>
            <Position>
              <LatitudeDegrees>38.928064769133925</LatitudeDegrees>
              <LongitudeDegrees>-6.380051476880908</LongitudeDegrees>
            </Position>
            <AltitudeMeters>207.39999389648438</AltitudeMeters>
            <DistanceMeters>3414.889892578125</DistanceMeters>
            <HeartRateBpm>
              <Value>133</Value>
            </HeartRateBpm>
            <Extensions>
              <ns3:TPX>
                <ns3:Speed>2.6689999103546143</ns3:Speed>
                <ns3:RunCadence>83</ns3:RunCadence>
              </ns3:TPX>
            </Extensions>
          </Trackpoint>
          <Trackpoint>
            <Time>2026-01-14T18:11:41.000Z</Time>
            <Position>
              <LatitudeDegrees>38.92805194482207</LatitudeDegrees>
              <LongitudeDegrees>-6.3799915462732315</LongitudeDegrees>
            </Position>
            <AltitudeMeters>207.39999389648438</AltitudeMeters>
            <DistanceMeters>3420.280029296875</DistanceMeters>
            <HeartRateBpm>
              <Value>133</Value>
            </HeartRateBpm>
            <Extensions>
              <ns3:TPX>
                <ns3:Speed>2.6689999103546143</ns3:Speed>
                <ns3:RunCadence>83</ns3:RunCadence>
              </ns3:TPX>
            </Extensions>
          </Trackpoint>
          <Trackpoint>
            <Time>2026-01-14T18:11:48.000Z</Time>
            <Position>
              <LatitudeDegrees>38.9280435629189</LatitudeDegrees>
              <LongitudeDegrees>-6.379780154675245</LongitudeDegrees>
            </Position>
            <AltitudeMeters>207.39999389648438</AltitudeMeters>
            <DistanceMeters>3438.590087890625</DistanceMeters>
            <HeartRateBpm>
              <Value>133</Value>
            </HeartRateBpm>
            <Extensions>
              <ns3:TPX>
                <ns3:Speed>2.6689999103546143</ns3:Speed>
                <ns3:RunCadence>83</ns3:RunCadence>
              </ns3:TPX>
            </Extensions>
          </Trackpoint>
          <Trackpoint>
            <Time>2026-01-14T18:11:56.000Z</Time>
            <Position>
              <LatitudeDegrees>38.92801749520004</LatitudeDegrees>
              <LongitudeDegrees>-6.379534397274256</LongitudeDegrees>
            </Position>
            <AltitudeMeters>207.39999389648438</AltitudeMeters>
            <DistanceMeters>3460.139892578125</DistanceMeters>
            <HeartRateBpm>
              <Value>133</Value>
            </HeartRateBpm>
            <Extensions>
              <ns3:TPX>
                <ns3:Speed>2.677999973297119</ns3:Speed>
                <ns3:RunCadence>83</ns3:RunCadence>
              </ns3:TPX>
            </Extensions>
          </Trackpoint>
          <Trackpoint>
            <Time>2026-01-14T18:12:03.000Z</Time>
            <Position>
              <LatitudeDegrees>38.927984638139606</LatitudeDegrees>
              <LongitudeDegrees>-6.379323340952396</LongitudeDegrees>
            </Position>
            <AltitudeMeters>206.60000610351562</AltitudeMeters>
            <DistanceMeters>3478.85009765625</DistanceMeters>
            <HeartRateBpm>
              <Value>133</Value>
            </HeartRateBpm>
            <Extensions>
              <ns3:TPX>
                <ns3:Speed>2.6689999103546143</ns3:Speed>
                <ns3:RunCadence>83</ns3:RunCadence>
              </ns3:TPX>
            </Extensions>
          </Trackpoint>
          <Trackpoint>
            <Time>2026-01-14T18:12:10.000Z</Time>
            <Position>
              <LatitudeDegrees>38.92795463092625</LatitudeDegrees>
              <LongitudeDegrees>-6.379112619906664</LongitudeDegrees>
            </Position>
            <AltitudeMeters>206.8000030517578</AltitudeMeters>
            <DistanceMeters>3497.419921875</DistanceMeters>
            <HeartRateBpm>
              <Value>134</Value>
            </HeartRateBpm>
            <Extensions>
              <ns3:TPX>
                <ns3:Speed>2.6689999103546143</ns3:Speed>
                <ns3:RunCadence>83</ns3:RunCadence>
              </ns3:TPX>
            </Extensions>
          </Trackpoint>
          <Trackpoint>
            <Time>2026-01-14T18:12:18.000Z</Time>
            <Position>
              <LatitudeDegrees>38.92792923375964</LatitudeDegrees>
              <LongitudeDegrees>-6.378869879990816</LongitudeDegrees>
            </Position>
            <AltitudeMeters>207.8000030517578</AltitudeMeters>
            <DistanceMeters>3518.659912109375</DistanceMeters>
            <HeartRateBpm>
              <Value>134</Value>
            </HeartRateBpm>
            <Extensions>
              <ns3:TPX>
                <ns3:Speed>2.6589999198913574</ns3:Speed>
                <ns3:RunCadence>84</ns3:RunCadence>
              </ns3:TPX>
            </Extensions>
          </Trackpoint>
          <Trackpoint>
            <Time>2026-01-14T18:12:26.000Z</Time>
            <Position>
              <LatitudeDegrees>38.92791397869587</LatitudeDegrees>
              <LongitudeDegrees>-6.378628062084317</LongitudeDegrees>
            </Position>
            <AltitudeMeters>208.60000610351562</AltitudeMeters>
            <DistanceMeters>3539.699951171875</DistanceMeters>
            <HeartRateBpm>
              <Value>133</Value>
            </HeartRateBpm>
            <Extensions>
              <ns3:TPX>
                <ns3:Speed>2.6410000324249268</ns3:Speed>
                <ns3:RunCadence>84</ns3:RunCadence>
              </ns3:TPX>
            </Extensions>
          </Trackpoint>
          <Trackpoint>
            <Time>2026-01-14T18:12:28.000Z</Time>
            <Position>
              <LatitudeDegrees>38.92790928483009</LatitudeDegrees>
              <LongitudeDegrees>-6.378567796200514</LongitudeDegrees>
            </Position>
            <AltitudeMeters>208.8000030517578</AltitudeMeters>
            <DistanceMeters>3544.919921875</DistanceMeters>
            <HeartRateBpm>
              <Value>132</Value>
            </HeartRateBpm>
            <Extensions>
              <ns3:TPX>
                <ns3:Speed>2.6410000324249268</ns3:Speed>
                <ns3:RunCadence>83</ns3:RunCadence>
              </ns3:TPX>
            </Extensions>
          </Trackpoint>
          <Trackpoint>
            <Time>2026-01-14T18:12:36.000Z</Time>
            <Position>
              <LatitudeDegrees>38.92788036726415</LatitudeDegrees>
              <LongitudeDegrees>-6.378319188952446</LongitudeDegrees>
            </Position>
            <AltitudeMeters>209.0</AltitudeMeters>
            <DistanceMeters>3566.739990234375</DistanceMeters>
            <HeartRateBpm>
              <Value>133</Value>
            </HeartRateBpm>
            <Extensions>
              <ns3:TPX>
                <ns3:Speed>2.6410000324249268</ns3:Speed>
                <ns3:RunCadence>83</ns3:RunCadence>
              </ns3:TPX>
            </Extensions>
          </Trackpoint>
          <Trackpoint>
            <Time>2026-01-14T18:12:37.000Z</Time>
            <Position>
              <LatitudeDegrees>38.92787818796933</LatitudeDegrees>
              <LongitudeDegrees>-6.378289684653282</LongitudeDegrees>
            </Position>
            <AltitudeMeters>209.1999969482422</AltitudeMeters>
            <DistanceMeters>3569.320068359375</DistanceMeters>
            <HeartRateBpm>
              <Value>133</Value>
            </HeartRateBpm>
            <Extensions>
              <ns3:TPX>
                <ns3:Speed>2.6410000324249268</ns3:Speed>
                <ns3:RunCadence>83</ns3:RunCadence>
              </ns3:TPX>
            </Extensions>
          </Trackpoint>
          <Trackpoint>
            <Time>2026-01-14T18:12:45.000Z</Time>
            <Position>
              <LatitudeDegrees>38.927849689498544</LatitudeDegrees>
              <LongitudeDegrees>-6.378040993586183</LongitudeDegrees>
            </Position>
            <AltitudeMeters>209.1999969482422</AltitudeMeters>
            <DistanceMeters>3591.1201171875</DistanceMeters>
            <HeartRateBpm>
              <Value>131</Value>
            </HeartRateBpm>
            <Extensions>
              <ns3:TPX>
                <ns3:Speed>2.6589999198913574</ns3:Speed>
                <ns3:RunCadence>84</ns3:RunCadence>
              </ns3:TPX>
            </Extensions>
          </Trackpoint>
          <Trackpoint>
            <Time>2026-01-14T18:12:53.000Z</Time>
            <Position>
              <LatitudeDegrees>38.927823873236775</LatitudeDegrees>
              <LongitudeDegrees>-6.377789285033941</LongitudeDegrees>
            </Position>
            <AltitudeMeters>207.60000610351562</AltitudeMeters>
            <DistanceMeters>3613.14990234375</DistanceMeters>
            <HeartRateBpm>
              <Value>131</Value>
            </HeartRateBpm>
            <Extensions>
              <ns3:TPX>
                <ns3:Speed>2.687000036239624</ns3:Speed>
                <ns3:RunCadence>83</ns3:RunCadence>
              </ns3:TPX>
            </Extensions>
          </Trackpoint>
          <Trackpoint>
            <Time>2026-01-14T18:12:54.000Z</Time>
            <Position>
              <LatitudeDegrees>38.92781959846616</LatitudeDegrees>
              <LongitudeDegrees>-6.377757769078016</LongitudeDegrees>
            </Position>
            <AltitudeMeters>207.60000610351562</AltitudeMeters>
            <DistanceMeters>3615.919921875</DistanceMeters>
            <HeartRateBpm>
              <Value>131</Value>
            </HeartRateBpm>
            <Extensions>
              <ns3:TPX>
                <ns3:Speed>2.687000036239624</ns3:Speed>
                <ns3:RunCadence>83</ns3:RunCadence>
              </ns3:TPX>
            </Extensions>
          </Trackpoint>
          <Trackpoint>
            <Time>2026-01-14T18:13:01.000Z</Time>
            <Position>
              <LatitudeDegrees>38.9278019964695</LatitudeDegrees>
              <LongitudeDegrees>-6.377551322802901</LongitudeDegrees>
            </Position>
            <AltitudeMeters>207.60000610351562</AltitudeMeters>
            <DistanceMeters>3633.919921875</DistanceMeters>
            <HeartRateBpm>
              <Value>130</Value>
            </HeartRateBpm>
            <Extensions>
              <ns3:TPX>
                <ns3:Speed>2.697000026702881</ns3:Speed>
                <ns3:RunCadence>83</ns3:RunCadence>
              </ns3:TPX>
            </Extensions>
          </Trackpoint>
          <Trackpoint>
            <Time>2026-01-14T18:13:09.000Z</Time>
            <Position>
              <LatitudeDegrees>38.92777182161808</LatitudeDegrees>
              <LongitudeDegrees>-6.377318724989891</LongitudeDegrees>
            </Position>
            <AltitudeMeters>207.39999389648438</AltitudeMeters>
            <DistanceMeters>3654.3701171875</DistanceMeters>
            <HeartRateBpm>
              <Value>130</Value>
            </HeartRateBpm>
            <Extensions>
              <ns3:TPX>
                <ns3:Speed>2.677999973297119</ns3:Speed>
                <ns3:RunCadence>82</ns3:RunCadence>
              </ns3:TPX>
            </Extensions>
          </Trackpoint>
          <Trackpoint>
            <Time>2026-01-14T18:13:10.000Z</Time>
            <Position>
              <LatitudeDegrees>38.92776536755264</LatitudeDegrees>
              <LongitudeDegrees>-6.377285700291395</LongitudeDegrees>
            </Position>
            <AltitudeMeters>207.1999969482422</AltitudeMeters>
            <DistanceMeters>3657.330078125</DistanceMeters>
            <HeartRateBpm>
              <Value>130</Value>
            </HeartRateBpm>
            <Extensions>
              <ns3:TPX>
                <ns3:Speed>2.677999973297119</ns3:Speed>
                <ns3:RunCadence>82</ns3:RunCadence>
              </ns3:TPX>
            </Extensions>
          </Trackpoint>
          <Trackpoint>
            <Time>2026-01-14T18:13:18.000Z</Time>
            <Position>
              <LatitudeDegrees>38.92773318104446</LatitudeDegrees>
              <LongitudeDegrees>-6.377053186297417</LongitudeDegrees>
            </Position>
            <AltitudeMeters>207.1999969482422</AltitudeMeters>
            <DistanceMeters>3677.840087890625</DistanceMeters>
            <HeartRateBpm>
              <Value>131</Value>
            </HeartRateBpm>
            <Extensions>
              <ns3:TPX>
                <ns3:Speed>2.6689999103546143</ns3:Speed>
                <ns3:RunCadence>83</ns3:RunCadence>
              </ns3:TPX>
            </Extensions>
          </Trackpoint>
          <Trackpoint>
            <Time>2026-01-14T18:13:25.000Z</Time>
            <Position>
              <LatitudeDegrees>38.92769797705114</LatitudeDegrees>
              <LongitudeDegrees>-6.376839196309447</LongitudeDegrees>
            </Position>
            <AltitudeMeters>208.1999969482422</AltitudeMeters>
            <DistanceMeters>3696.860107421875</DistanceMeters>
            <HeartRateBpm>
              <Value>130</Value>
            </HeartRateBpm>
            <Extensions>
              <ns3:TPX>
                <ns3:Speed>2.6689999103546143</ns3:Speed>
                <ns3:RunCadence>84</ns3:RunCadence>
              </ns3:TPX>
            </Extensions>
          </Trackpoint>
          <Trackpoint>
            <Time>2026-01-14T18:13:33.000Z</Time>
            <Position>
              <LatitudeDegrees>38.92767693847418</LatitudeDegrees>
              <LongitudeDegrees>-6.376588074490428</LongitudeDegrees>
            </Position>
            <AltitudeMeters>209.39999389648438</AltitudeMeters>
            <DistanceMeters>3718.780029296875</DistanceMeters>
            <HeartRateBpm>
              <Value>130</Value>
            </HeartRateBpm>
            <Extensions>
              <ns3:TPX>
                <ns3:Speed>2.6689999103546143</ns3:Speed>
                <ns3:RunCadence>84</ns3:RunCadence>
              </ns3:TPX>
            </Extensions>
          </Trackpoint>
          <Trackpoint>
            <Time>2026-01-14T18:13:36.000Z</Time>
            <Position>
              <LatitudeDegrees>38.92766235396266</LatitudeDegrees>
              <LongitudeDegrees>-6.376494616270065</LongitudeDegrees>
            </Position>
            <AltitudeMeters>209.60000610351562</AltitudeMeters>
            <DistanceMeters>3727.0400390625</DistanceMeters>
            <HeartRateBpm>
              <Value>130</Value>
            </HeartRateBpm>
            <Extensions>
              <ns3:TPX>
                <ns3:Speed>2.6689999103546143</ns3:Speed>
                <ns3:RunCadence>83</ns3:RunCadence>
              </ns3:TPX>
            </Extensions>
          </Trackpoint>
          <Trackpoint>
            <Time>2026-01-14T18:13:44.000Z</Time>
            <Position>
              <LatitudeDegrees>38.92763167619705</LatitudeDegrees>
              <LongitudeDegrees>-6.376245506107807</LongitudeDegrees>
            </Position>
            <AltitudeMeters>209.60000610351562</AltitudeMeters>
            <DistanceMeters>3748.909912109375</DistanceMeters>
            <HeartRateBpm>
              <Value>130</Value>
            </HeartRateBpm>
            <Extensions>
              <ns3:TPX>
                <ns3:Speed>2.687000036239624</ns3:Speed>
                <ns3:RunCadence>83</ns3:RunCadence>
              </ns3:TPX>
            </Extensions>
          </Trackpoint>
          <Trackpoint>
            <Time>2026-01-14T18:13:47.000Z</Time>
            <Position>
              <LatitudeDegrees>38.92762463539839</LatitudeDegrees>
              <LongitudeDegrees>-6.376158334314823</LongitudeDegrees>
            </Position>
            <AltitudeMeters>209.1999969482422</AltitudeMeters>
            <DistanceMeters>3756.52001953125</DistanceMeters>
            <HeartRateBpm>
              <Value>130</Value>
            </HeartRateBpm>
            <Extensions>
              <ns3:TPX>
                <ns3:Speed>2.687000036239624</ns3:Speed>
                <ns3:RunCadence>84</ns3:RunCadence>
              </ns3:TPX>
            </Extensions>
          </Trackpoint>
          <Trackpoint>
            <Time>2026-01-14T18:13:54.000Z</Time>
            <Position>
              <LatitudeDegrees>38.927599992603064</LatitudeDegrees>
              <LongitudeDegrees>-6.375938393175602</LongitudeDegrees>
            </Position>
            <AltitudeMeters>208.8000030517578</AltitudeMeters>
            <DistanceMeters>3775.780029296875</DistanceMeters>
            <HeartRateBpm>
              <Value>130</Value>
            </HeartRateBpm>
            <Extensions>
              <ns3:TPX>
                <ns3:Speed>2.687000036239624</ns3:Speed>
                <ns3:RunCadence>84</ns3:RunCadence>
              </ns3:TPX>
            </Extensions>
          </Trackpoint>
          <Trackpoint>
            <Time>2026-01-14T18:14:01.000Z</Time>
            <Position>
              <LatitudeDegrees>38.92757669091225</LatitudeDegrees>
              <LongitudeDegrees>-6.375725409016013</LongitudeDegrees>
            </Position>
            <AltitudeMeters>208.60000610351562</AltitudeMeters>
            <DistanceMeters>3794.429931640625</DistanceMeters>
            <HeartRateBpm>
              <Value>131</Value>
            </HeartRateBpm>
            <Extensions>
              <ns3:TPX>
                <ns3:Speed>2.687000036239624</ns3:Speed>
                <ns3:RunCadence>84</ns3:RunCadence>
              </ns3:TPX>
            </Extensions>
          </Trackpoint>
          <Trackpoint>
            <Time>2026-01-14T18:14:09.000Z</Time>
            <Position>
              <LatitudeDegrees>38.927546264603734</LatitudeDegrees>
              <LongitudeDegrees>-6.375480825081468</LongitudeDegrees>
            </Position>
            <AltitudeMeters>208.8000030517578</AltitudeMeters>
            <DistanceMeters>3815.909912109375</DistanceMeters>
            <HeartRateBpm>
              <Value>131</Value>
            </HeartRateBpm>
            <Extensions>
              <ns3:TPX>
                <ns3:Speed>2.677999973297119</ns3:Speed>
                <ns3:RunCadence>84</ns3:RunCadence>
              </ns3:TPX>
            </Extensions>
          </Trackpoint>
          <Trackpoint>
            <Time>2026-01-14T18:14:16.000Z</Time>
            <Position>
              <LatitudeDegrees>38.927515503019094</LatitudeDegrees>
              <LongitudeDegrees>-6.375257782638073</LongitudeDegrees>
            </Position>
            <AltitudeMeters>209.1999969482422</AltitudeMeters>
            <DistanceMeters>3835.570068359375</DistanceMeters>
            <HeartRateBpm>
              <Value>131</Value>
            </HeartRateBpm>
            <Extensions>
              <ns3:TPX>
                <ns3:Speed>2.687000036239624</ns3:Speed>
                <ns3:RunCadence>84</ns3:RunCadence>
              </ns3:TPX>
            </Extensions>
          </Trackpoint>
          <Trackpoint>
            <Time>2026-01-14T18:14:23.000Z</Time>
            <Position>
              <LatitudeDegrees>38.92747669480741</LatitudeDegrees>
              <LongitudeDegrees>-6.375017557293177</LongitudeDegrees>
            </Position>
            <AltitudeMeters>208.8000030517578</AltitudeMeters>
            <DistanceMeters>3856.840087890625</DistanceMeters>
            <HeartRateBpm>
              <Value>131</Value>
            </HeartRateBpm>
            <Extensions>
              <ns3:TPX>
                <ns3:Speed>2.7060000896453857</ns3:Speed>
                <ns3:RunCadence>84</ns3:RunCadence>
              </ns3:TPX>
            </Extensions>
          </Trackpoint>
          <Trackpoint>
            <Time>2026-01-14T18:14:25.000Z</Time>
            <Position>
              <LatitudeDegrees>38.92746780999005</LatitudeDegrees>
              <LongitudeDegrees>-6.374948490411043</LongitudeDegrees>
            </Position>
            <AltitudeMeters>208.60000610351562</AltitudeMeters>
            <DistanceMeters>3862.929931640625</DistanceMeters>
            <HeartRateBpm>
              <Value>132</Value>
            </HeartRateBpm>
            <Extensions>
              <ns3:TPX>
                <ns3:Speed>2.7149999141693115</ns3:Speed>
                <ns3:RunCadence>85</ns3:RunCadence>
              </ns3:TPX>
            </Extensions>
          </Trackpoint>
          <Trackpoint>
            <Time>2026-01-14T18:14:32.000Z</Time>
            <Position>
              <LatitudeDegrees>38.927451549097896</LatitudeDegrees>
              <LongitudeDegrees>-6.374713713303208</LongitudeDegrees>
            </Position>
            <AltitudeMeters>208.8000030517578</AltitudeMeters>
            <DistanceMeters>3883.360107421875</DistanceMeters>
            <HeartRateBpm>
              <Value>133</Value>
            </HeartRateBpm>
            <Extensions>
              <ns3:TPX>
                <ns3:Speed>2.753000020980835</ns3:Speed>
                <ns3:RunCadence>84</ns3:RunCadence>
              </ns3:TPX>
            </Extensions>
          </Trackpoint>
          <Trackpoint>
            <Time>2026-01-14T18:14:35.000Z</Time>
            <Position>
              <LatitudeDegrees>38.9274409878999</LatitudeDegrees>
              <LongitudeDegrees>-6.374607514590025</LongitudeDegrees>
            </Position>
            <AltitudeMeters>208.60000610351562</AltitudeMeters>
            <DistanceMeters>3892.6298828125</DistanceMeters>
            <HeartRateBpm>
              <Value>133</Value>
            </HeartRateBpm>
            <Extensions>
              <ns3:TPX>
                <ns3:Speed>2.7709999084472656</ns3:Speed>
                <ns3:RunCadence>84</ns3:RunCadence>
              </ns3:TPX>
            </Extensions>
          </Trackpoint>
          <Trackpoint>
            <Time>2026-01-14T18:14:41.000Z</Time>
            <Position>
              <LatitudeDegrees>38.927495973184705</LatitudeDegrees>
              <LongitudeDegrees>-6.374420095235109</LongitudeDegrees>
            </Position>
            <AltitudeMeters>207.8000030517578</AltitudeMeters>
            <DistanceMeters>3910.530029296875</DistanceMeters>
            <HeartRateBpm>
              <Value>135</Value>
            </HeartRateBpm>
            <Extensions>
              <ns3:TPX>
                <ns3:Speed>2.7899999618530273</ns3:Speed>
                <ns3:RunCadence>84</ns3:RunCadence>
              </ns3:TPX>
            </Extensions>
          </Trackpoint>
          <Trackpoint>
            <Time>2026-01-14T18:14:47.000Z</Time>
            <Position>
              <LatitudeDegrees>38.927550707012415</LatitudeDegrees>
              <LongitudeDegrees>-6.3742277305573225</LongitudeDegrees>
            </Position>
            <AltitudeMeters>207.0</AltitudeMeters>
            <DistanceMeters>3928.719970703125</DistanceMeters>
            <HeartRateBpm>
              <Value>138</Value>
            </HeartRateBpm>
            <Extensions>
              <ns3:TPX>
                <ns3:Speed>2.809000015258789</ns3:Speed>
                <ns3:RunCadence>83</ns3:RunCadence>
              </ns3:TPX>
            </Extensions>
          </Trackpoint>
          <Trackpoint>
            <Time>2026-01-14T18:14:48.000Z</Time>
            <Position>
              <LatitudeDegrees>38.92754819244146</LatitudeDegrees>
              <LongitudeDegrees>-6.374194705858827</LongitudeDegrees>
            </Position>
            <AltitudeMeters>207.0</AltitudeMeters>
            <DistanceMeters>3931.60009765625</DistanceMeters>
            <HeartRateBpm>
              <Value>139</Value>
            </HeartRateBpm>
            <Extensions>
              <ns3:TPX>
                <ns3:Speed>2.818000078201294</ns3:Speed>
                <ns3:RunCadence>83</ns3:RunCadence>
              </ns3:TPX>
            </Extensions>
          </Trackpoint>
          <Trackpoint>
            <Time>2026-01-14T18:14:54.000Z</Time>
            <Position>
              <LatitudeDegrees>38.92746311612427</LatitudeDegrees>
              <LongitudeDegrees>-6.374005442485213</LongitudeDegrees>
            </Position>
            <AltitudeMeters>207.60000610351562</AltitudeMeters>
            <DistanceMeters>3950.77001953125</DistanceMeters>
            <HeartRateBpm>
              <Value>138</Value>
            </HeartRateBpm>
            <Extensions>
              <ns3:TPX>
                <ns3:Speed>2.8459999561309814</ns3:Speed>
                <ns3:RunCadence>83</ns3:RunCadence>
              </ns3:TPX>
            </Extensions>
          </Trackpoint>
          <Trackpoint>
            <Time>2026-01-14T18:15:01.000Z</Time>
            <Position>
              <LatitudeDegrees>38.927351804450154</LatitudeDegrees>
              <LongitudeDegrees>-6.373823890462518</LongitudeDegrees>
            </Position>
            <AltitudeMeters>208.0</AltitudeMeters>
            <DistanceMeters>3971.179931640625</DistanceMeters>
            <HeartRateBpm>
              <Value>138</Value>
            </HeartRateBpm>
            <Extensions>
              <ns3:TPX>
                <ns3:Speed>2.882999897003174</ns3:Speed>
                <ns3:RunCadence>83</ns3:RunCadence>
              </ns3:TPX>
            </Extensions>
          </Trackpoint>
          <Trackpoint>
            <Time>2026-01-14T18:15:02.000Z</Time>
            <Position>
              <LatitudeDegrees>38.927348367869854</LatitudeDegrees>
              <LongitudeDegrees>-6.373790698125958</LongitudeDegrees>
            </Position>
            <AltitudeMeters>208.0</AltitudeMeters>
            <DistanceMeters>3974.080078125</DistanceMeters>
            <HeartRateBpm>
              <Value>139</Value>
            </HeartRateBpm>
            <Extensions>
              <ns3:TPX>
                <ns3:Speed>2.882999897003174</ns3:Speed>
                <ns3:RunCadence>83</ns3:RunCadence>
              </ns3:TPX>
            </Extensions>
          </Trackpoint>
          <Trackpoint>
            <Time>2026-01-14T18:15:09.000Z</Time>
            <Position>
              <LatitudeDegrees>38.92731886357069</LatitudeDegrees>
              <LongitudeDegrees>-6.373568829149008</LongitudeDegrees>
            </Position>
            <AltitudeMeters>208.1999969482422</AltitudeMeters>
            <DistanceMeters>3993.60009765625</DistanceMeters>
            <HeartRateBpm>
              <Value>139</Value>
            </HeartRateBpm>
            <Extensions>
              <ns3:TPX>
                <ns3:Speed>2.8929998874664307</ns3:Speed>
                <ns3:RunCadence>84</ns3:RunCadence>
              </ns3:TPX>
            </Extensions>
          </Trackpoint>
          <Trackpoint>
            <Time>2026-01-14T18:15:12.000Z</Time>
            <Position>
              <LatitudeDegrees>38.927306877449155</LatitudeDegrees>
              <LongitudeDegrees>-6.373482747003436</LongitudeDegrees>
            </Position>
            <AltitudeMeters>208.60000610351562</AltitudeMeters>
            <DistanceMeters>4001.179931640625</DistanceMeters>
            <HeartRateBpm>
              <Value>139</Value>
            </HeartRateBpm>
            <Extensions>
              <ns3:TPX>
                <ns3:Speed>2.8929998874664307</ns3:Speed>
                <ns3:RunCadence>83</ns3:RunCadence>
              </ns3:TPX>
            </Extensions>
          </Trackpoint>
        </Track>
        <Extensions>
          <ns3:LX>
            <ns3:AvgSpeed>2.7160000801086426</ns3:AvgSpeed>
            <ns3:AvgRunCadence>83</ns3:AvgRunCadence>
            <ns3:MaxRunCadence>85</ns3:MaxRunCadence>
          </ns3:LX>
        </Extensions>
      </Lap>
      <Lap StartTime="2026-01-14T18:15:13.000Z">
        <TotalTimeSeconds>357.627</TotalTimeSeconds>
        <DistanceMeters>1000.0</DistanceMeters>
        <MaximumSpeed>2.9670000076293945</MaximumSpeed>
        <Calories>72</Calories>
        <AverageHeartRateBpm>
          <Value>137</Value>
        </AverageHeartRateBpm>
        <MaximumHeartRateBpm>
          <Value>140</Value>
        </MaximumHeartRateBpm>
        <Intensity>Active</Intensity>
        <TriggerMethod>Manual</TriggerMethod>
        <Track>
          <Trackpoint>
            <Time>2026-01-14T18:15:18.000Z</Time>
            <Position>
              <LatitudeDegrees>38.92728692851961</LatitudeDegrees>
              <LongitudeDegrees>-6.373300775885582</LongitudeDegrees>
            </Position>
            <AltitudeMeters>209.1999969482422</AltitudeMeters>
            <DistanceMeters>4017.1298828125</DistanceMeters>
            <HeartRateBpm>
              <Value>138</Value>
            </HeartRateBpm>
            <Extensions>
              <ns3:TPX>
                <ns3:Speed>2.874000072479248</ns3:Speed>
                <ns3:RunCadence>83</ns3:RunCadence>
              </ns3:TPX>
            </Extensions>
          </Trackpoint>
          <Trackpoint>
            <Time>2026-01-14T18:15:26.000Z</Time>
            <Position>
              <LatitudeDegrees>38.9272612798959</LatitudeDegrees>
              <LongitudeDegrees>-6.373066166415811</LongitudeDegrees>
            </Position>
            <AltitudeMeters>209.1999969482422</AltitudeMeters>
            <DistanceMeters>4037.699951171875</DistanceMeters>
            <HeartRateBpm>
              <Value>138</Value>
            </HeartRateBpm>
            <Extensions>
              <ns3:TPX>
                <ns3:Speed>2.8550000190734863</ns3:Speed>
                <ns3:RunCadence>83</ns3:RunCadence>
              </ns3:TPX>
            </Extensions>
          </Trackpoint>
          <Trackpoint>
            <Time>2026-01-14T18:15:28.000Z</Time>
            <Position>
              <LatitudeDegrees>38.92725826241076</LatitudeDegrees>
              <LongitudeDegrees>-6.373004475608468</LongitudeDegrees>
            </Position>
            <AltitudeMeters>209.1999969482422</AltitudeMeters>
            <DistanceMeters>4043.06005859375</DistanceMeters>
            <HeartRateBpm>
              <Value>138</Value>
            </HeartRateBpm>
            <Extensions>
              <ns3:TPX>
                <ns3:Speed>2.8459999561309814</ns3:Speed>
                <ns3:RunCadence>82</ns3:RunCadence>
              </ns3:TPX>
            </Extensions>
          </Trackpoint>
          <Trackpoint>
            <Time>2026-01-14T18:15:36.000Z</Time>
            <Position>
              <LatitudeDegrees>38.92723135650158</LatitudeDegrees>
              <LongitudeDegrees>-6.372748324647546</LongitudeDegrees>
            </Position>
            <AltitudeMeters>207.8000030517578</AltitudeMeters>
            <DistanceMeters>4065.47998046875</DistanceMeters>
            <HeartRateBpm>
              <Value>136</Value>
            </HeartRateBpm>
            <Extensions>
              <ns3:TPX>
                <ns3:Speed>2.818000078201294</ns3:Speed>
                <ns3:RunCadence>82</ns3:RunCadence>
              </ns3:TPX>
            </Extensions>
          </Trackpoint>
          <Trackpoint>
            <Time>2026-01-14T18:15:37.000Z</Time>
            <Position>
              <LatitudeDegrees>38.92722833901644</LatitudeDegrees>
              <LongitudeDegrees>-6.372717646881938</LongitudeDegrees>
            </Position>
            <AltitudeMeters>207.8000030517578</AltitudeMeters>
            <DistanceMeters>4068.159912109375</DistanceMeters>
            <HeartRateBpm>
              <Value>137</Value>
            </HeartRateBpm>
            <Extensions>
              <ns3:TPX>
                <ns3:Speed>2.818000078201294</ns3:Speed>
                <ns3:RunCadence>83</ns3:RunCadence>
              </ns3:TPX>
            </Extensions>
          </Trackpoint>
          <Trackpoint>
            <Time>2026-01-14T18:15:45.000Z</Time>
            <Position>
              <LatitudeDegrees>38.92720093019307</LatitudeDegrees>
              <LongitudeDegrees>-6.372460909187794</LongitudeDegrees>
            </Position>
            <AltitudeMeters>207.0</AltitudeMeters>
            <DistanceMeters>4090.6201171875</DistanceMeters>
            <HeartRateBpm>
              <Value>136</Value>
            </HeartRateBpm>
            <Extensions>
              <ns3:TPX>
                <ns3:Speed>2.818000078201294</ns3:Speed>
                <ns3:RunCadence>82</ns3:RunCadence>
              </ns3:TPX>
            </Extensions>
          </Trackpoint>
          <Trackpoint>
            <Time>2026-01-14T18:15:46.000Z</Time>
            <Position>
              <LatitudeDegrees>38.92719632014632</LatitudeDegrees>
              <LongitudeDegrees>-6.372429560869932</LongitudeDegrees>
            </Position>
            <AltitudeMeters>207.0</AltitudeMeters>
            <DistanceMeters>4093.389892578125</DistanceMeters>
            <HeartRateBpm>
              <Value>136</Value>
            </HeartRateBpm>
            <Extensions>
              <ns3:TPX>
                <ns3:Speed>2.818000078201294</ns3:Speed>
                <ns3:RunCadence>82</ns3:RunCadence>
              </ns3:TPX>
            </Extensions>
          </Trackpoint>
          <Trackpoint>
            <Time>2026-01-14T18:15:54.000Z</Time>
            <Position>
              <LatitudeDegrees>38.927170084789395</LatitudeDegrees>
              <LongitudeDegrees>-6.372178103774786</LongitudeDegrees>
            </Position>
            <AltitudeMeters>207.1999969482422</AltitudeMeters>
            <DistanceMeters>4115.39013671875</DistanceMeters>
            <HeartRateBpm>
              <Value>136</Value>
            </HeartRateBpm>
            <Extensions>
              <ns3:TPX>
                <ns3:Speed>2.809000015258789</ns3:Speed>
                <ns3:RunCadence>83</ns3:RunCadence>
              </ns3:TPX>
            </Extensions>
          </Trackpoint>
          <Trackpoint>
            <Time>2026-01-14T18:15:56.000Z</Time>
            <Position>
              <LatitudeDegrees>38.927164720371366</LatitudeDegrees>
              <LongitudeDegrees>-6.372118256986141</LongitudeDegrees>
            </Position>
            <AltitudeMeters>207.0</AltitudeMeters>
            <DistanceMeters>4120.60009765625</DistanceMeters>
            <HeartRateBpm>
              <Value>136</Value>
            </HeartRateBpm>
            <Extensions>
              <ns3:TPX>
                <ns3:Speed>2.809000015258789</ns3:Speed>
                <ns3:RunCadence>84</ns3:RunCadence>
              </ns3:TPX>
            </Extensions>
          </Trackpoint>
          <Trackpoint>
            <Time>2026-01-14T18:16:04.000Z</Time>
            <Position>
              <LatitudeDegrees>38.927143262699246</LatitudeDegrees>
              <LongitudeDegrees>-6.371865374967456</LongitudeDegrees>
            </Position>
            <AltitudeMeters>206.39999389648438</AltitudeMeters>
            <DistanceMeters>4142.669921875</DistanceMeters>
            <HeartRateBpm>
              <Value>135</Value>
            </HeartRateBpm>
            <Extensions>
              <ns3:TPX>
                <ns3:Speed>2.7899999618530273</ns3:Speed>
                <ns3:RunCadence>83</ns3:RunCadence>
              </ns3:TPX>
            </Extensions>
          </Trackpoint>
          <Trackpoint>
            <Time>2026-01-14T18:16:05.000Z</Time>
            <Position>
              <LatitudeDegrees>38.92713965848088</LatitudeDegrees>
              <LongitudeDegrees>-6.371833942830563</LongitudeDegrees>
            </Position>
            <AltitudeMeters>206.39999389648438</AltitudeMeters>
            <DistanceMeters>4145.419921875</DistanceMeters>
            <HeartRateBpm>
              <Value>135</Value>
            </HeartRateBpm>
            <Extensions>
              <ns3:TPX>
                <ns3:Speed>2.7809998989105225</ns3:Speed>
                <ns3:RunCadence>83</ns3:RunCadence>
              </ns3:TPX>
            </Extensions>
          </Trackpoint>
          <Trackpoint>
            <Time>2026-01-14T18:16:13.000Z</Time>
            <Position>
              <LatitudeDegrees>38.92711996100843</LatitudeDegrees>
              <LongitudeDegrees>-6.371577372774482</LongitudeDegrees>
            </Position>
            <AltitudeMeters>206.60000610351562</AltitudeMeters>
            <DistanceMeters>4167.77001953125</DistanceMeters>
            <HeartRateBpm>
              <Value>133</Value>
            </HeartRateBpm>
            <Extensions>
              <ns3:TPX>
                <ns3:Speed>2.7809998989105225</ns3:Speed>
                <ns3:RunCadence>83</ns3:RunCadence>
              </ns3:TPX>
            </Extensions>
          </Trackpoint>
          <Trackpoint>
            <Time>2026-01-14T18:16:21.000Z</Time>
            <Position>
              <LatitudeDegrees>38.927079141139984</LatitudeDegrees>
              <LongitudeDegrees>-6.371330441907048</LongitudeDegrees>
            </Position>
            <AltitudeMeters>206.0</AltitudeMeters>
            <DistanceMeters>4189.64990234375</DistanceMeters>
            <HeartRateBpm>
              <Value>135</Value>
            </HeartRateBpm>
            <Extensions>
              <ns3:TPX>
                <ns3:Speed>2.7709999084472656</ns3:Speed>
                <ns3:RunCadence>83</ns3:RunCadence>
              </ns3:TPX>
            </Extensions>
          </Trackpoint>
          <Trackpoint>
            <Time>2026-01-14T18:16:29.000Z</Time>
            <Position>
              <LatitudeDegrees>38.92703454941511</LatitudeDegrees>
              <LongitudeDegrees>-6.371081247925758</LongitudeDegrees>
            </Position>
            <AltitudeMeters>206.1999969482422</AltitudeMeters>
            <DistanceMeters>4211.83984375</DistanceMeters>
            <HeartRateBpm>
              <Value>135</Value>
            </HeartRateBpm>
            <Extensions>
              <ns3:TPX>
                <ns3:Speed>2.7709999084472656</ns3:Speed>
                <ns3:RunCadence>82</ns3:RunCadence>
              </ns3:TPX>
            </Extensions>
          </Trackpoint>
          <Trackpoint>
            <Time>2026-01-14T18:16:30.000Z</Time>
            <Position>
              <LatitudeDegrees>38.92702767625451</LatitudeDegrees>
              <LongitudeDegrees>-6.371048055589199</LongitudeDegrees>
            </Position>
            <AltitudeMeters>206.1999969482422</AltitudeMeters>
            <DistanceMeters>4214.81982421875</DistanceMeters>
            <HeartRateBpm>
              <Value>135</Value>
            </HeartRateBpm>
            <Extensions>
              <ns3:TPX>
                <ns3:Speed>2.7709999084472656</ns3:Speed>
                <ns3:RunCadence>84</ns3:RunCadence>
              </ns3:TPX>
            </Extensions>
          </Trackpoint>
          <Trackpoint>
            <Time>2026-01-14T18:16:38.000Z</Time>
            <Position>
              <LatitudeDegrees>38.92697939649224</LatitudeDegrees>
              <LongitudeDegrees>-6.370801208540797</LongitudeDegrees>
            </Position>
            <AltitudeMeters>206.39999389648438</AltitudeMeters>
            <DistanceMeters>4236.91015625</DistanceMeters>
            <HeartRateBpm>
              <Value>134</Value>
            </HeartRateBpm>
            <Extensions>
              <ns3:TPX>
                <ns3:Speed>2.7709999084472656</ns3:Speed>
                <ns3:RunCadence>84</ns3:RunCadence>
              </ns3:TPX>
            </Extensions>
          </Trackpoint>
          <Trackpoint>
            <Time>2026-01-14T18:16:40.000Z</Time>
            <Position>
              <LatitudeDegrees>38.92696497961879</LatitudeDegrees>
              <LongitudeDegrees>-6.370740607380867</LongitudeDegrees>
            </Position>
            <AltitudeMeters>206.39999389648438</AltitudeMeters>
            <DistanceMeters>4242.39990234375</DistanceMeters>
            <HeartRateBpm>
              <Value>134</Value>
            </HeartRateBpm>
            <Extensions>
              <ns3:TPX>
                <ns3:Speed>2.7709999084472656</ns3:Speed>
                <ns3:RunCadence>84</ns3:RunCadence>
              </ns3:TPX>
            </Extensions>
          </Trackpoint>
          <Trackpoint>
            <Time>2026-01-14T18:16:47.000Z</Time>
            <Position>
              <LatitudeDegrees>38.92691619694233</LatitudeDegrees>
              <LongitudeDegrees>-6.37052183970809</LongitudeDegrees>
            </Position>
            <AltitudeMeters>207.0</AltitudeMeters>
            <DistanceMeters>4262.1298828125</DistanceMeters>
            <HeartRateBpm>
              <Value>132</Value>
            </HeartRateBpm>
            <Extensions>
              <ns3:TPX>
                <ns3:Speed>2.7709999084472656</ns3:Speed>
                <ns3:RunCadence>83</ns3:RunCadence>
              </ns3:TPX>
            </Extensions>
          </Trackpoint>
          <Trackpoint>
            <Time>2026-01-14T18:16:55.000Z</Time>
            <Position>
              <LatitudeDegrees>38.926848554983735</LatitudeDegrees>
              <LongitudeDegrees>-6.3702726457268</LongitudeDegrees>
            </Position>
            <AltitudeMeters>207.60000610351562</AltitudeMeters>
            <DistanceMeters>4285.009765625</DistanceMeters>
            <HeartRateBpm>
              <Value>132</Value>
            </HeartRateBpm>
            <Extensions>
              <ns3:TPX>
                <ns3:Speed>2.7809998989105225</ns3:Speed>
                <ns3:RunCadence>83</ns3:RunCadence>
              </ns3:TPX>
            </Extensions>
          </Trackpoint>
          <Trackpoint>
            <Time>2026-01-14T18:17:02.000Z</Time>
            <Position>
              <LatitudeDegrees>38.92678149975836</LatitudeDegrees>
              <LongitudeDegrees>-6.37005521915853</LongitudeDegrees>
            </Position>
            <AltitudeMeters>207.39999389648438</AltitudeMeters>
            <DistanceMeters>4305.27978515625</DistanceMeters>
            <HeartRateBpm>
              <Value>132</Value>
            </HeartRateBpm>
            <Extensions>
              <ns3:TPX>
                <ns3:Speed>2.7899999618530273</ns3:Speed>
                <ns3:RunCadence>83</ns3:RunCadence>
              </ns3:TPX>
            </Extensions>
          </Trackpoint>
          <Trackpoint>
            <Time>2026-01-14T18:17:05.000Z</Time>
            <Position>
              <LatitudeDegrees>38.92675409093499</LatitudeDegrees>
              <LongitudeDegrees>-6.369966538622975</LongitudeDegrees>
            </Position>
            <AltitudeMeters>207.1999969482422</AltitudeMeters>
            <DistanceMeters>4313.56005859375</DistanceMeters>
            <HeartRateBpm>
              <Value>133</Value>
            </HeartRateBpm>
            <Extensions>
              <ns3:TPX>
                <ns3:Speed>2.7990000247955322</ns3:Speed>
                <ns3:RunCadence>83</ns3:RunCadence>
              </ns3:TPX>
            </Extensions>
          </Trackpoint>
          <Trackpoint>
            <Time>2026-01-14T18:17:13.000Z</Time>
            <Position>
              <LatitudeDegrees>38.92669390887022</LatitudeDegrees>
              <LongitudeDegrees>-6.3697253074496984</LongitudeDegrees>
            </Position>
            <AltitudeMeters>208.60000610351562</AltitudeMeters>
            <DistanceMeters>4335.52978515625</DistanceMeters>
            <HeartRateBpm>
              <Value>133</Value>
            </HeartRateBpm>
            <Extensions>
              <ns3:TPX>
                <ns3:Speed>2.809000015258789</ns3:Speed>
                <ns3:RunCadence>84</ns3:RunCadence>
              </ns3:TPX>
            </Extensions>
          </Trackpoint>
          <Trackpoint>
            <Time>2026-01-14T18:17:20.000Z</Time>
            <Position>
              <LatitudeDegrees>38.92661662772298</LatitudeDegrees>
              <LongitudeDegrees>-6.369535457342863</LongitudeDegrees>
            </Position>
            <AltitudeMeters>208.8000030517578</AltitudeMeters>
            <DistanceMeters>4354.2001953125</DistanceMeters>
            <HeartRateBpm>
              <Value>132</Value>
            </HeartRateBpm>
            <Extensions>
              <ns3:TPX>
                <ns3:Speed>2.809000015258789</ns3:Speed>
                <ns3:RunCadence>84</ns3:RunCadence>
              </ns3:TPX>
            </Extensions>
          </Trackpoint>
          <Trackpoint>
            <Time>2026-01-14T18:17:27.000Z</Time>
            <Position>
              <LatitudeDegrees>38.926538759842515</LatitudeDegrees>
              <LongitudeDegrees>-6.369328340515494</LongitudeDegrees>
            </Position>
            <AltitudeMeters>209.39999389648438</AltitudeMeters>
            <DistanceMeters>4374.1201171875</DistanceMeters>
            <HeartRateBpm>
              <Value>133</Value>
            </HeartRateBpm>
            <Extensions>
              <ns3:TPX>
                <ns3:Speed>2.809000015258789</ns3:Speed>
                <ns3:RunCadence>83</ns3:RunCadence>
              </ns3:TPX>
            </Extensions>
          </Trackpoint>
          <Trackpoint>
            <Time>2026-01-14T18:17:35.000Z</Time>
            <Position>
              <LatitudeDegrees>38.92646189779043</LatitudeDegrees>
              <LongitudeDegrees>-6.369105549529195</LongitudeDegrees>
            </Position>
            <AltitudeMeters>209.1999969482422</AltitudeMeters>
            <DistanceMeters>4395.27978515625</DistanceMeters>
            <HeartRateBpm>
              <Value>135</Value>
            </HeartRateBpm>
            <Extensions>
              <ns3:TPX>
                <ns3:Speed>2.809000015258789</ns3:Speed>
                <ns3:RunCadence>83</ns3:RunCadence>
              </ns3:TPX>
            </Extensions>
          </Trackpoint>
          <Trackpoint>
            <Time>2026-01-14T18:17:39.000Z</Time>
            <Position>
              <LatitudeDegrees>38.92641227692366</LatitudeDegrees>
              <LongitudeDegrees>-6.3689834251999855</LongitudeDegrees>
            </Position>
            <AltitudeMeters>208.60000610351562</AltitudeMeters>
            <DistanceMeters>4407.22021484375</DistanceMeters>
            <HeartRateBpm>
              <Value>135</Value>
            </HeartRateBpm>
            <Extensions>
              <ns3:TPX>
                <ns3:Speed>2.809000015258789</ns3:Speed>
                <ns3:RunCadence>83</ns3:RunCadence>
              </ns3:TPX>
            </Extensions>
          </Trackpoint>
          <Trackpoint>
            <Time>2026-01-14T18:17:47.000Z</Time>
            <Position>
              <LatitudeDegrees>38.92631957307458</LatitudeDegrees>
              <LongitudeDegrees>-6.368752084672451</LongitudeDegrees>
            </Position>
            <AltitudeMeters>207.60000610351562</AltitudeMeters>
            <DistanceMeters>4429.77001953125</DistanceMeters>
            <HeartRateBpm>
              <Value>135</Value>
            </HeartRateBpm>
            <Extensions>
              <ns3:TPX>
                <ns3:Speed>2.8269999027252197</ns3:Speed>
                <ns3:RunCadence>82</ns3:RunCadence>
              </ns3:TPX>
            </Extensions>
          </Trackpoint>
          <Trackpoint>
            <Time>2026-01-14T18:17:52.000Z</Time>
            <Position>
              <LatitudeDegrees>38.92625913955271</LatitudeDegrees>
              <LongitudeDegrees>-6.368614034727216</LongitudeDegrees>
            </Position>
            <AltitudeMeters>207.0</AltitudeMeters>
            <DistanceMeters>4443.5</DistanceMeters>
            <HeartRateBpm>
              <Value>136</Value>
            </HeartRateBpm>
            <Extensions>
              <ns3:TPX>
                <ns3:Speed>2.8269999027252197</ns3:Speed>
                <ns3:RunCadence>82</ns3:RunCadence>
              </ns3:TPX>
            </Extensions>
          </Trackpoint>
          <Trackpoint>
            <Time>2026-01-14T18:18:00.000Z</Time>
            <Position>
              <LatitudeDegrees>38.926156712695956</LatitudeDegrees>
              <LongitudeDegrees>-6.3684014696627855</LongitudeDegrees>
            </Position>
            <AltitudeMeters>207.0</AltitudeMeters>
            <DistanceMeters>4465.16015625</DistanceMeters>
            <HeartRateBpm>
              <Value>136</Value>
            </HeartRateBpm>
            <Extensions>
              <ns3:TPX>
                <ns3:Speed>2.8369998931884766</ns3:Speed>
                <ns3:RunCadence>83</ns3:RunCadence>
              </ns3:TPX>
            </Extensions>
          </Trackpoint>
          <Trackpoint>
            <Time>2026-01-14T18:18:01.000Z</Time>
            <Position>
              <LatitudeDegrees>38.92614522948861</LatitudeDegrees>
              <LongitudeDegrees>-6.368378838524222</LongitudeDegrees>
            </Position>
            <AltitudeMeters>207.0</AltitudeMeters>
            <DistanceMeters>4467.5</DistanceMeters>
            <HeartRateBpm>
              <Value>136</Value>
            </HeartRateBpm>
            <Extensions>
              <ns3:TPX>
                <ns3:Speed>2.8269999027252197</ns3:Speed>
                <ns3:RunCadence>83</ns3:RunCadence>
              </ns3:TPX>
            </Extensions>
          </Trackpoint>
          <Trackpoint>
            <Time>2026-01-14T18:18:09.000Z</Time>
            <Position>
              <LatitudeDegrees>38.92603433690965</LatitudeDegrees>
              <LongitudeDegrees>-6.368165519088507</LongitudeDegrees>
            </Position>
            <AltitudeMeters>208.39999389648438</AltitudeMeters>
            <DistanceMeters>4489.72021484375</DistanceMeters>
            <HeartRateBpm>
              <Value>135</Value>
            </HeartRateBpm>
            <Extensions>
              <ns3:TPX>
                <ns3:Speed>2.809000015258789</ns3:Speed>
                <ns3:RunCadence>84</ns3:RunCadence>
              </ns3:TPX>
            </Extensions>
          </Trackpoint>
          <Trackpoint>
            <Time>2026-01-14T18:18:11.000Z</Time>
            <Position>
              <LatitudeDegrees>38.92600835300982</LatitudeDegrees>
              <LongitudeDegrees>-6.368117658421397</LongitudeDegrees>
            </Position>
            <AltitudeMeters>208.60000610351562</AltitudeMeters>
            <DistanceMeters>4494.77978515625</DistanceMeters>
            <HeartRateBpm>
              <Value>135</Value>
            </HeartRateBpm>
            <Extensions>
              <ns3:TPX>
                <ns3:Speed>2.809000015258789</ns3:Speed>
                <ns3:RunCadence>84</ns3:RunCadence>
              </ns3:TPX>
            </Extensions>
          </Trackpoint>
          <Trackpoint>
            <Time>2026-01-14T18:18:19.000Z</Time>
            <Position>
              <LatitudeDegrees>38.925894694402814</LatitudeDegrees>
              <LongitudeDegrees>-6.367917330935597</LongitudeDegrees>
            </Position>
            <AltitudeMeters>208.8000030517578</AltitudeMeters>
            <DistanceMeters>4516.240234375</DistanceMeters>
            <HeartRateBpm>
              <Value>135</Value>
            </HeartRateBpm>
            <Extensions>
              <ns3:TPX>
                <ns3:Speed>2.7990000247955322</ns3:Speed>
                <ns3:RunCadence>83</ns3:RunCadence>
              </ns3:TPX>
            </Extensions>
          </Trackpoint>
          <Trackpoint>
            <Time>2026-01-14T18:18:21.000Z</Time>
            <Position>
              <LatitudeDegrees>38.925868794322014</LatitudeDegrees>
              <LongitudeDegrees>-6.367868045344949</LongitudeDegrees>
            </Position>
            <AltitudeMeters>208.8000030517578</AltitudeMeters>
            <DistanceMeters>4521.3798828125</DistanceMeters>
            <HeartRateBpm>
              <Value>135</Value>
            </HeartRateBpm>
            <Extensions>
              <ns3:TPX>
                <ns3:Speed>2.7990000247955322</ns3:Speed>
                <ns3:RunCadence>83</ns3:RunCadence>
              </ns3:TPX>
            </Extensions>
          </Trackpoint>
          <Trackpoint>
            <Time>2026-01-14T18:18:29.000Z</Time>
            <Position>
              <LatitudeDegrees>38.92576058395207</LatitudeDegrees>
              <LongitudeDegrees>-6.367668472230434</LongitudeDegrees>
            </Position>
            <AltitudeMeters>208.1999969482422</AltitudeMeters>
            <DistanceMeters>4542.4599609375</DistanceMeters>
            <HeartRateBpm>
              <Value>137</Value>
            </HeartRateBpm>
            <Extensions>
              <ns3:TPX>
                <ns3:Speed>2.7709999084472656</ns3:Speed>
                <ns3:RunCadence>82</ns3:RunCadence>
              </ns3:TPX>
            </Extensions>
          </Trackpoint>
          <Trackpoint>
            <Time>2026-01-14T18:18:37.000Z</Time>
            <Position>
              <LatitudeDegrees>38.925649942830205</LatitudeDegrees>
              <LongitudeDegrees>-6.367467977106571</LongitudeDegrees>
            </Position>
            <AltitudeMeters>208.1999969482422</AltitudeMeters>
            <DistanceMeters>4563.740234375</DistanceMeters>
            <HeartRateBpm>
              <Value>137</Value>
            </HeartRateBpm>
            <Extensions>
              <ns3:TPX>
                <ns3:Speed>2.753000020980835</ns3:Speed>
                <ns3:RunCadence>83</ns3:RunCadence>
              </ns3:TPX>
            </Extensions>
          </Trackpoint>
          <Trackpoint>
            <Time>2026-01-14T18:18:39.000Z</Time>
            <Position>
              <LatitudeDegrees>38.925623120740056</LatitudeDegrees>
              <LongitudeDegrees>-6.367421876639128</LongitudeDegrees>
            </Position>
            <AltitudeMeters>208.39999389648438</AltitudeMeters>
            <DistanceMeters>4568.72021484375</DistanceMeters>
            <HeartRateBpm>
              <Value>137</Value>
            </HeartRateBpm>
            <Extensions>
              <ns3:TPX>
                <ns3:Speed>2.753000020980835</ns3:Speed>
                <ns3:RunCadence>84</ns3:RunCadence>
              </ns3:TPX>
            </Extensions>
          </Trackpoint>
          <Trackpoint>
            <Time>2026-01-14T18:18:47.000Z</Time>
            <Position>
              <LatitudeDegrees>38.925513653084636</LatitudeDegrees>
              <LongitudeDegrees>-6.367211323231459</LongitudeDegrees>
            </Position>
            <AltitudeMeters>208.39999389648438</AltitudeMeters>
            <DistanceMeters>4590.64990234375</DistanceMeters>
            <HeartRateBpm>
              <Value>138</Value>
            </HeartRateBpm>
            <Extensions>
              <ns3:TPX>
                <ns3:Speed>2.7339999675750732</ns3:Speed>
                <ns3:RunCadence>82</ns3:RunCadence>
              </ns3:TPX>
            </Extensions>
          </Trackpoint>
          <Trackpoint>
            <Time>2026-01-14T18:18:51.000Z</Time>
            <Position>
              <LatitudeDegrees>38.92545430921018</LatitudeDegrees>
              <LongitudeDegrees>-6.367109147831798</LongitudeDegrees>
            </Position>
            <AltitudeMeters>208.1999969482422</AltitudeMeters>
            <DistanceMeters>4601.68994140625</DistanceMeters>
            <HeartRateBpm>
              <Value>139</Value>
            </HeartRateBpm>
            <Extensions>
              <ns3:TPX>
                <ns3:Speed>2.743000030517578</ns3:Speed>
                <ns3:RunCadence>83</ns3:RunCadence>
              </ns3:TPX>
            </Extensions>
          </Trackpoint>
          <Trackpoint>
            <Time>2026-01-14T18:18:59.000Z</Time>
            <Position>
              <LatitudeDegrees>38.92534375190735</LatitudeDegrees>
              <LongitudeDegrees>-6.366909239441156</LongitudeDegrees>
            </Position>
            <AltitudeMeters>210.60000610351562</AltitudeMeters>
            <DistanceMeters>4622.93017578125</DistanceMeters>
            <HeartRateBpm>
              <Value>139</Value>
            </HeartRateBpm>
            <Extensions>
              <ns3:TPX>
                <ns3:Speed>2.753000020980835</ns3:Speed>
                <ns3:RunCadence>83</ns3:RunCadence>
              </ns3:TPX>
            </Extensions>
          </Trackpoint>
          <Trackpoint>
            <Time>2026-01-14T18:19:07.000Z</Time>
            <Position>
              <LatitudeDegrees>38.92522665672004</LatitudeDegrees>
              <LongitudeDegrees>-6.366702960804105</LongitudeDegrees>
            </Position>
            <AltitudeMeters>211.39999389648438</AltitudeMeters>
            <DistanceMeters>4645.0498046875</DistanceMeters>
            <HeartRateBpm>
              <Value>138</Value>
            </HeartRateBpm>
            <Extensions>
              <ns3:TPX>
                <ns3:Speed>2.753000020980835</ns3:Speed>
                <ns3:RunCadence>84</ns3:RunCadence>
              </ns3:TPX>
            </Extensions>
          </Trackpoint>
          <Trackpoint>
            <Time>2026-01-14T18:19:10.000Z</Time>
            <Position>
              <LatitudeDegrees>38.92518466338515</LatitudeDegrees>
              <LongitudeDegrees>-6.3666279427707195</LongitudeDegrees>
            </Position>
            <AltitudeMeters>211.60000610351562</AltitudeMeters>
            <DistanceMeters>4653.0498046875</DistanceMeters>
            <HeartRateBpm>
              <Value>138</Value>
            </HeartRateBpm>
            <Extensions>
              <ns3:TPX>
                <ns3:Speed>2.753000020980835</ns3:Speed>
                <ns3:RunCadence>84</ns3:RunCadence>
              </ns3:TPX>
            </Extensions>
          </Trackpoint>
          <Trackpoint>
            <Time>2026-01-14T18:19:18.000Z</Time>
            <Position>
              <LatitudeDegrees>38.92510344274342</LatitudeDegrees>
              <LongitudeDegrees>-6.366409594193101</LongitudeDegrees>
            </Position>
            <AltitudeMeters>211.39999389648438</AltitudeMeters>
            <DistanceMeters>4674.35986328125</DistanceMeters>
            <HeartRateBpm>
              <Value>139</Value>
            </HeartRateBpm>
            <Extensions>
              <ns3:TPX>
                <ns3:Speed>2.76200008392334</ns3:Speed>
                <ns3:RunCadence>84</ns3:RunCadence>
              </ns3:TPX>
            </Extensions>
          </Trackpoint>
          <Trackpoint>
            <Time>2026-01-14T18:19:26.000Z</Time>
            <Position>
              <LatitudeDegrees>38.92511425539851</LatitudeDegrees>
              <LongitudeDegrees>-6.366162579506636</LongitudeDegrees>
            </Position>
            <AltitudeMeters>210.39999389648438</AltitudeMeters>
            <DistanceMeters>4696.0400390625</DistanceMeters>
            <HeartRateBpm>
              <Value>140</Value>
            </HeartRateBpm>
            <Extensions>
              <ns3:TPX>
                <ns3:Speed>2.743000030517578</ns3:Speed>
                <ns3:RunCadence>83</ns3:RunCadence>
              </ns3:TPX>
            </Extensions>
          </Trackpoint>
          <Trackpoint>
            <Time>2026-01-14T18:19:27.000Z</Time>
            <Position>
              <LatitudeDegrees>38.92510587349534</LatitudeDegrees>
              <LongitudeDegrees>-6.36613056063652</LongitudeDegrees>
            </Position>
            <AltitudeMeters>210.1999969482422</AltitudeMeters>
            <DistanceMeters>4698.9599609375</DistanceMeters>
            <HeartRateBpm>
              <Value>139</Value>
            </HeartRateBpm>
            <Extensions>
              <ns3:TPX>
                <ns3:Speed>2.743000030517578</ns3:Speed>
                <ns3:RunCadence>84</ns3:RunCadence>
              </ns3:TPX>
            </Extensions>
          </Trackpoint>
          <Trackpoint>
            <Time>2026-01-14T18:19:34.000Z</Time>
            <Position>
              <LatitudeDegrees>38.924991209059954</LatitudeDegrees>
              <LongitudeDegrees>-6.365957222878933</LongitudeDegrees>
            </Position>
            <AltitudeMeters>209.60000610351562</AltitudeMeters>
            <DistanceMeters>4719.169921875</DistanceMeters>
            <HeartRateBpm>
              <Value>140</Value>
            </HeartRateBpm>
            <Extensions>
              <ns3:TPX>
                <ns3:Speed>2.7339999675750732</ns3:Speed>
                <ns3:RunCadence>84</ns3:RunCadence>
              </ns3:TPX>
            </Extensions>
          </Trackpoint>
          <Trackpoint>
            <Time>2026-01-14T18:19:41.000Z</Time>
            <Position>
              <LatitudeDegrees>38.924817284569144</LatitudeDegrees>
              <LongitudeDegrees>-6.365876337513328</LongitudeDegrees>
            </Position>
            <AltitudeMeters>210.39999389648438</AltitudeMeters>
            <DistanceMeters>4739.75</DistanceMeters>
            <HeartRateBpm>
              <Value>139</Value>
            </HeartRateBpm>
            <Extensions>
              <ns3:TPX>
                <ns3:Speed>2.743000030517578</ns3:Speed>
                <ns3:RunCadence>84</ns3:RunCadence>
              </ns3:TPX>
            </Extensions>
          </Trackpoint>
          <Trackpoint>
            <Time>2026-01-14T18:19:48.000Z</Time>
            <Position>
              <LatitudeDegrees>38.924697171896696</LatitudeDegrees>
              <LongitudeDegrees>-6.365701239556074</LongitudeDegrees>
            </Position>
            <AltitudeMeters>210.60000610351562</AltitudeMeters>
            <DistanceMeters>4760.1298828125</DistanceMeters>
            <HeartRateBpm>
              <Value>140</Value>
            </HeartRateBpm>
            <Extensions>
              <ns3:TPX>
                <ns3:Speed>2.753000020980835</ns3:Speed>
                <ns3:RunCadence>84</ns3:RunCadence>
              </ns3:TPX>
            </Extensions>
          </Trackpoint>
          <Trackpoint>
            <Time>2026-01-14T18:19:55.000Z</Time>
            <Position>
              <LatitudeDegrees>38.92458904534578</LatitudeDegrees>
              <LongitudeDegrees>-6.365513652563095</LongitudeDegrees>
            </Position>
            <AltitudeMeters>209.8000030517578</AltitudeMeters>
            <DistanceMeters>4780.33984375</DistanceMeters>
            <HeartRateBpm>
              <Value>140</Value>
            </HeartRateBpm>
            <Extensions>
              <ns3:TPX>
                <ns3:Speed>2.753000020980835</ns3:Speed>
                <ns3:RunCadence>84</ns3:RunCadence>
              </ns3:TPX>
            </Extensions>
          </Trackpoint>
          <Trackpoint>
            <Time>2026-01-14T18:19:56.000Z</Time>
            <Position>
              <LatitudeDegrees>38.92457261681557</LatitudeDegrees>
              <LongitudeDegrees>-6.365484651178122</LongitudeDegrees>
            </Position>
            <AltitudeMeters>209.8000030517578</AltitudeMeters>
            <DistanceMeters>4783.4501953125</DistanceMeters>
            <HeartRateBpm>
              <Value>140</Value>
            </HeartRateBpm>
            <Extensions>
              <ns3:TPX>
                <ns3:Speed>2.753000020980835</ns3:Speed>
                <ns3:RunCadence>84</ns3:RunCadence>
              </ns3:TPX>
            </Extensions>
          </Trackpoint>
          <Trackpoint>
            <Time>2026-01-14T18:20:03.000Z</Time>
            <Position>
              <LatitudeDegrees>38.92446482554078</LatitudeDegrees>
              <LongitudeDegrees>-6.365286251530051</LongitudeDegrees>
            </Position>
            <AltitudeMeters>209.39999389648438</AltitudeMeters>
            <DistanceMeters>4804.39990234375</DistanceMeters>
            <HeartRateBpm>
              <Value>140</Value>
            </HeartRateBpm>
            <Extensions>
              <ns3:TPX>
                <ns3:Speed>2.7809998989105225</ns3:Speed>
                <ns3:RunCadence>82</ns3:RunCadence>
              </ns3:TPX>
            </Extensions>
          </Trackpoint>
          <Trackpoint>
            <Time>2026-01-14T18:20:05.000Z</Time>
            <Position>
              <LatitudeDegrees>38.9244360756129</LatitudeDegrees>
              <LongitudeDegrees>-6.365236630663276</LongitudeDegrees>
            </Position>
            <AltitudeMeters>209.0</AltitudeMeters>
            <DistanceMeters>4809.759765625</DistanceMeters>
            <HeartRateBpm>
              <Value>140</Value>
            </HeartRateBpm>
            <Extensions>
              <ns3:TPX>
                <ns3:Speed>2.7899999618530273</ns3:Speed>
                <ns3:RunCadence>82</ns3:RunCadence>
              </ns3:TPX>
            </Extensions>
          </Trackpoint>
          <Trackpoint>
            <Time>2026-01-14T18:20:12.000Z</Time>
            <Position>
              <LatitudeDegrees>38.92432610504329</LatitudeDegrees>
              <LongitudeDegrees>-6.365038231015205</LongitudeDegrees>
            </Position>
            <AltitudeMeters>208.1999969482422</AltitudeMeters>
            <DistanceMeters>4830.85986328125</DistanceMeters>
            <HeartRateBpm>
              <Value>140</Value>
            </HeartRateBpm>
            <Extensions>
              <ns3:TPX>
                <ns3:Speed>2.818000078201294</ns3:Speed>
                <ns3:RunCadence>84</ns3:RunCadence>
              </ns3:TPX>
            </Extensions>
          </Trackpoint>
          <Trackpoint>
            <Time>2026-01-14T18:20:15.000Z</Time>
            <Position>
              <LatitudeDegrees>38.9242825191468</LatitudeDegrees>
              <LongitudeDegrees>-6.364954579621553</LongitudeDegrees>
            </Position>
            <AltitudeMeters>208.0</AltitudeMeters>
            <DistanceMeters>4839.580078125</DistanceMeters>
            <HeartRateBpm>
              <Value>139</Value>
            </HeartRateBpm>
            <Extensions>
              <ns3:TPX>
                <ns3:Speed>2.8269999027252197</ns3:Speed>
                <ns3:RunCadence>83</ns3:RunCadence>
              </ns3:TPX>
            </Extensions>
          </Trackpoint>
          <Trackpoint>
            <Time>2026-01-14T18:20:22.000Z</Time>
            <Position>
              <LatitudeDegrees>38.92417741008103</LatitudeDegrees>
              <LongitudeDegrees>-6.364762214943767</LongitudeDegrees>
            </Position>
            <AltitudeMeters>207.39999389648438</AltitudeMeters>
            <DistanceMeters>4859.9501953125</DistanceMeters>
            <HeartRateBpm>
              <Value>140</Value>
            </HeartRateBpm>
            <Extensions>
              <ns3:TPX>
                <ns3:Speed>2.8459999561309814</ns3:Speed>
                <ns3:RunCadence>83</ns3:RunCadence>
              </ns3:TPX>
            </Extensions>
          </Trackpoint>
          <Trackpoint>
            <Time>2026-01-14T18:20:23.000Z</Time>
            <Position>
              <LatitudeDegrees>38.92416374757886</LatitudeDegrees>
              <LongitudeDegrees>-6.364735476672649</LongitudeDegrees>
            </Position>
            <AltitudeMeters>207.39999389648438</AltitudeMeters>
            <DistanceMeters>4862.72021484375</DistanceMeters>
            <HeartRateBpm>
              <Value>139</Value>
            </HeartRateBpm>
            <Extensions>
              <ns3:TPX>
                <ns3:Speed>2.8459999561309814</ns3:Speed>
                <ns3:RunCadence>83</ns3:RunCadence>
              </ns3:TPX>
            </Extensions>
          </Trackpoint>
          <Trackpoint>
            <Time>2026-01-14T18:20:31.000Z</Time>
            <Position>
              <LatitudeDegrees>38.92404899932444</LatitudeDegrees>
              <LongitudeDegrees>-6.3645239174366</LongitudeDegrees>
            </Position>
            <AltitudeMeters>207.1999969482422</AltitudeMeters>
            <DistanceMeters>4885.0498046875</DistanceMeters>
            <HeartRateBpm>
              <Value>139</Value>
            </HeartRateBpm>
            <Extensions>
              <ns3:TPX>
                <ns3:Speed>2.865000009536743</ns3:Speed>
                <ns3:RunCadence>83</ns3:RunCadence>
              </ns3:TPX>
            </Extensions>
          </Trackpoint>
          <Trackpoint>
            <Time>2026-01-14T18:20:33.000Z</Time>
            <Position>
              <LatitudeDegrees>38.92402066849172</LatitudeDegrees>
              <LongitudeDegrees>-6.3644712790846825</LongitudeDegrees>
            </Position>
            <AltitudeMeters>207.1999969482422</AltitudeMeters>
            <DistanceMeters>4890.58984375</DistanceMeters>
            <HeartRateBpm>
              <Value>138</Value>
            </HeartRateBpm>
            <Extensions>
              <ns3:TPX>
                <ns3:Speed>2.865000009536743</ns3:Speed>
                <ns3:RunCadence>83</ns3:RunCadence>
              </ns3:TPX>
            </Extensions>
          </Trackpoint>
          <Trackpoint>
            <Time>2026-01-14T18:20:40.000Z</Time>
            <Position>
              <LatitudeDegrees>38.92391254194081</LatitudeDegrees>
              <LongitudeDegrees>-6.364279417321086</LongitudeDegrees>
            </Position>
            <AltitudeMeters>206.39999389648438</AltitudeMeters>
            <DistanceMeters>4911.08984375</DistanceMeters>
            <HeartRateBpm>
              <Value>138</Value>
            </HeartRateBpm>
            <Extensions>
              <ns3:TPX>
                <ns3:Speed>2.865000009536743</ns3:Speed>
                <ns3:RunCadence>84</ns3:RunCadence>
              </ns3:TPX>
            </Extensions>
          </Trackpoint>
          <Trackpoint>
            <Time>2026-01-14T18:20:42.000Z</Time>
            <Position>
              <LatitudeDegrees>38.9238837081939</LatitudeDegrees>
              <LongitudeDegrees>-6.364229042083025</LongitudeDegrees>
            </Position>
            <AltitudeMeters>206.1999969482422</AltitudeMeters>
            <DistanceMeters>4916.509765625</DistanceMeters>
            <HeartRateBpm>
              <Value>138</Value>
            </HeartRateBpm>
            <Extensions>
              <ns3:TPX>
                <ns3:Speed>2.865000009536743</ns3:Speed>
                <ns3:RunCadence>84</ns3:RunCadence>
              </ns3:TPX>
            </Extensions>
          </Trackpoint>
          <Trackpoint>
            <Time>2026-01-14T18:20:49.000Z</Time>
            <Position>
              <LatitudeDegrees>38.92376602627337</LatitudeDegrees>
              <LongitudeDegrees>-6.364042293280363</LongitudeDegrees>
            </Position>
            <AltitudeMeters>206.8000030517578</AltitudeMeters>
            <DistanceMeters>4937.27978515625</DistanceMeters>
            <HeartRateBpm>
              <Value>139</Value>
            </HeartRateBpm>
            <Extensions>
              <ns3:TPX>
                <ns3:Speed>2.882999897003174</ns3:Speed>
                <ns3:RunCadence>83</ns3:RunCadence>
              </ns3:TPX>
            </Extensions>
          </Trackpoint>
          <Trackpoint>
            <Time>2026-01-14T18:20:52.000Z</Time>
            <Position>
              <LatitudeDegrees>38.9237179979682</LatitudeDegrees>
              <LongitudeDegrees>-6.363959982991219</LongitudeDegrees>
            </Position>
            <AltitudeMeters>207.0</AltitudeMeters>
            <DistanceMeters>4946.18017578125</DistanceMeters>
            <HeartRateBpm>
              <Value>138</Value>
            </HeartRateBpm>
            <Extensions>
              <ns3:TPX>
                <ns3:Speed>2.8929998874664307</ns3:Speed>
                <ns3:RunCadence>83</ns3:RunCadence>
              </ns3:TPX>
            </Extensions>
          </Trackpoint>
          <Trackpoint>
            <Time>2026-01-14T18:20:59.000Z</Time>
            <Position>
              <LatitudeDegrees>38.92361154779792</LatitudeDegrees>
              <LongitudeDegrees>-6.363753117620945</LongitudeDegrees>
            </Position>
            <AltitudeMeters>206.1999969482422</AltitudeMeters>
            <DistanceMeters>4967.68994140625</DistanceMeters>
            <HeartRateBpm>
              <Value>139</Value>
            </HeartRateBpm>
            <Extensions>
              <ns3:TPX>
                <ns3:Speed>2.9210000038146973</ns3:Speed>
                <ns3:RunCadence>85</ns3:RunCadence>
              </ns3:TPX>
            </Extensions>
          </Trackpoint>
          <Trackpoint>
            <Time>2026-01-14T18:21:06.000Z</Time>
            <Position>
              <LatitudeDegrees>38.923484813421965</LatitudeDegrees>
              <LongitudeDegrees>-6.363539714366198</LongitudeDegrees>
            </Position>
            <AltitudeMeters>206.1999969482422</AltitudeMeters>
            <DistanceMeters>4990.93017578125</DistanceMeters>
            <HeartRateBpm>
              <Value>139</Value>
            </HeartRateBpm>
            <Extensions>
              <ns3:TPX>
                <ns3:Speed>2.938999891281128</ns3:Speed>
                <ns3:RunCadence>84</ns3:RunCadence>
              </ns3:TPX>
            </Extensions>
          </Trackpoint>
          <Trackpoint>
            <Time>2026-01-14T18:21:07.000Z</Time>
            <Position>
              <LatitudeDegrees>38.92346855252981</LatitudeDegrees>
              <LongitudeDegrees>-6.363512892276049</LongitudeDegrees>
            </Position>
            <AltitudeMeters>206.1999969482422</AltitudeMeters>
            <DistanceMeters>4993.8701171875</DistanceMeters>
            <HeartRateBpm>
              <Value>139</Value>
            </HeartRateBpm>
            <Extensions>
              <ns3:TPX>
                <ns3:Speed>2.947999954223633</ns3:Speed>
                <ns3:RunCadence>84</ns3:RunCadence>
              </ns3:TPX>
            </Extensions>
          </Trackpoint>
          <Trackpoint>
            <Time>2026-01-14T18:21:10.000Z</Time>
            <Position>
              <LatitudeDegrees>38.923425721004605</LatitudeDegrees>
              <LongitudeDegrees>-6.363431503996253</LongitudeDegrees>
            </Position>
            <AltitudeMeters>205.60000610351562</AltitudeMeters>
            <DistanceMeters>5002.3798828125</DistanceMeters>
            <HeartRateBpm>
              <Value>139</Value>
            </HeartRateBpm>
            <Extensions>
              <ns3:TPX>
                <ns3:Speed>2.9670000076293945</ns3:Speed>
                <ns3:RunCadence>81</ns3:RunCadence>
              </ns3:TPX>
            </Extensions>
          </Trackpoint>
        </Track>
        <Extensions>
          <ns3:LX>
            <ns3:AvgSpeed>2.7960000038146973</ns3:AvgSpeed>
            <ns3:AvgRunCadence>83</ns3:AvgRunCadence>
            <ns3:MaxRunCadence>85</ns3:MaxRunCadence>
          </ns3:LX>
        </Extensions>
      </Lap>
      <Lap StartTime="2026-01-14T18:21:11.000Z">
        <TotalTimeSeconds>345.325</TotalTimeSeconds>
        <DistanceMeters>1000.0</DistanceMeters>
        <MaximumSpeed>3.013999938964844</MaximumSpeed>
        <Calories>73</Calories>
        <AverageHeartRateBpm>
          <Value>141</Value>
        </AverageHeartRateBpm>
        <MaximumHeartRateBpm>
          <Value>146</Value>
        </MaximumHeartRateBpm>
        <Intensity>Active</Intensity>
        <TriggerMethod>Manual</TriggerMethod>
        <Track>
          <Trackpoint>
            <Time>2026-01-14T18:21:17.000Z</Time>
            <Position>
              <LatitudeDegrees>38.92331591807306</LatitudeDegrees>
              <LongitudeDegrees>-6.363238133490086</LongitudeDegrees>
            </Position>
            <AltitudeMeters>204.8000030517578</AltitudeMeters>
            <DistanceMeters>5023.1201171875</DistanceMeters>
            <HeartRateBpm>
              <Value>138</Value>
            </HeartRateBpm>
            <Extensions>
              <ns3:TPX>
                <ns3:Speed>2.9860000610351562</ns3:Speed>
                <ns3:RunCadence>83</ns3:RunCadence>
              </ns3:TPX>
            </Extensions>
          </Trackpoint>
          <Trackpoint>
            <Time>2026-01-14T18:21:24.000Z</Time>
            <Position>
              <LatitudeDegrees>38.9231963083148</LatitudeDegrees>
              <LongitudeDegrees>-6.363040991127491</LongitudeDegrees>
            </Position>
            <AltitudeMeters>204.8000030517578</AltitudeMeters>
            <DistanceMeters>5044.77978515625</DistanceMeters>
            <HeartRateBpm>
              <Value>138</Value>
            </HeartRateBpm>
            <Extensions>
              <ns3:TPX>
                <ns3:Speed>2.9860000610351562</ns3:Speed>
                <ns3:RunCadence>84</ns3:RunCadence>
              </ns3:TPX>
            </Extensions>
          </Trackpoint>
          <Trackpoint>
            <Time>2026-01-14T18:21:27.000Z</Time>
            <Position>
              <LatitudeDegrees>38.9231445081532</LatitudeDegrees>
              <LongitudeDegrees>-6.362965051084757</LongitudeDegrees>
            </Position>
            <AltitudeMeters>204.8000030517578</AltitudeMeters>
            <DistanceMeters>5053.52001953125</DistanceMeters>
            <HeartRateBpm>
              <Value>139</Value>
            </HeartRateBpm>
            <Extensions>
              <ns3:TPX>
                <ns3:Speed>2.994999885559082</ns3:Speed>
                <ns3:RunCadence>83</ns3:RunCadence>
              </ns3:TPX>
            </Extensions>
          </Trackpoint>
          <Trackpoint>
            <Time>2026-01-14T18:21:34.000Z</Time>
            <Position>
              <LatitudeDegrees>38.923024479299784</LatitudeDegrees>
              <LongitudeDegrees>-6.362791294232011</LongitudeDegrees>
            </Position>
            <AltitudeMeters>204.39999389648438</AltitudeMeters>
            <DistanceMeters>5073.6298828125</DistanceMeters>
            <HeartRateBpm>
              <Value>140</Value>
            </HeartRateBpm>
            <Extensions>
              <ns3:TPX>
                <ns3:Speed>3.003999948501587</ns3:Speed>
                <ns3:RunCadence>84</ns3:RunCadence>
              </ns3:TPX>
            </Extensions>
          </Trackpoint>
          <Trackpoint>
            <Time>2026-01-14T18:21:37.000Z</Time>
            <Position>
              <LatitudeDegrees>38.92297158949077</LatitudeDegrees>
              <LongitudeDegrees>-6.362716360017657</LongitudeDegrees>
            </Position>
            <AltitudeMeters>204.39999389648438</AltitudeMeters>
            <DistanceMeters>5082.39013671875</DistanceMeters>
            <HeartRateBpm>
              <Value>141</Value>
            </HeartRateBpm>
            <Extensions>
              <ns3:TPX>
                <ns3:Speed>3.003999948501587</ns3:Speed>
                <ns3:RunCadence>84</ns3:RunCadence>
              </ns3:TPX>
            </Extensions>
          </Trackpoint>
          <Trackpoint>
            <Time>2026-01-14T18:21:45.000Z</Time>
            <Position>
              <LatitudeDegrees>38.92286044545472</LatitudeDegrees>
              <LongitudeDegrees>-6.362501783296466</LongitudeDegrees>
            </Position>
            <AltitudeMeters>205.1999969482422</AltitudeMeters>
            <DistanceMeters>5105.02978515625</DistanceMeters>
            <HeartRateBpm>
              <Value>140</Value>
            </HeartRateBpm>
            <Extensions>
              <ns3:TPX>
                <ns3:Speed>2.9760000705718994</ns3:Speed>
                <ns3:RunCadence>83</ns3:RunCadence>
              </ns3:TPX>
            </Extensions>
          </Trackpoint>
          <Trackpoint>
            <Time>2026-01-14T18:21:46.000Z</Time>
            <Position>
              <LatitudeDegrees>38.92285172827542</LatitudeDegrees>
              <LongitudeDegrees>-6.362469764426351</LongitudeDegrees>
            </Position>
            <AltitudeMeters>205.39999389648438</AltitudeMeters>
            <DistanceMeters>5107.97021484375</DistanceMeters>
            <HeartRateBpm>
              <Value>140</Value>
            </HeartRateBpm>
            <Extensions>
              <ns3:TPX>
                <ns3:Speed>2.9760000705718994</ns3:Speed>
                <ns3:RunCadence>83</ns3:RunCadence>
              </ns3:TPX>
            </Extensions>
          </Trackpoint>
          <Trackpoint>
            <Time>2026-01-14T18:21:52.000Z</Time>
            <Position>
              <LatitudeDegrees>38.92284192144871</LatitudeDegrees>
              <LongitudeDegrees>-6.362266251817346</LongitudeDegrees>
            </Position>
            <AltitudeMeters>204.60000610351562</AltitudeMeters>
            <DistanceMeters>5125.72021484375</DistanceMeters>
            <HeartRateBpm>
              <Value>141</Value>
            </HeartRateBpm>
            <Extensions>
              <ns3:TPX>
                <ns3:Speed>2.9670000076293945</ns3:Speed>
                <ns3:RunCadence>84</ns3:RunCadence>
              </ns3:TPX>
            </Extensions>
          </Trackpoint>
          <Trackpoint>
            <Time>2026-01-14T18:21:58.000Z</Time>
            <Position>
              <LatitudeDegrees>38.922786600887775</LatitudeDegrees>
              <LongitudeDegrees>-6.362063325941563</LongitudeDegrees>
            </Position>
            <AltitudeMeters>204.0</AltitudeMeters>
            <DistanceMeters>5144.7001953125</DistanceMeters>
            <HeartRateBpm>
              <Value>142</Value>
            </HeartRateBpm>
            <Extensions>
              <ns3:TPX>
                <ns3:Speed>2.9760000705718994</ns3:Speed>
                <ns3:RunCadence>84</ns3:RunCadence>
              </ns3:TPX>
            </Extensions>
          </Trackpoint>
          <Trackpoint>
            <Time>2026-01-14T18:22:04.000Z</Time>
            <Position>
              <LatitudeDegrees>38.922668751329184</LatitudeDegrees>
              <LongitudeDegrees>-6.3619134575128555</LongitudeDegrees>
            </Position>
            <AltitudeMeters>204.39999389648438</AltitudeMeters>
            <DistanceMeters>5163.759765625</DistanceMeters>
            <HeartRateBpm>
              <Value>142</Value>
            </HeartRateBpm>
            <Extensions>
              <ns3:TPX>
                <ns3:Speed>2.994999885559082</ns3:Speed>
                <ns3:RunCadence>84</ns3:RunCadence>
              </ns3:TPX>
            </Extensions>
          </Trackpoint>
          <Trackpoint>
            <Time>2026-01-14T18:22:11.000Z</Time>
            <Position>
              <LatitudeDegrees>38.922491893172264</LatitudeDegrees>
              <LongitudeDegrees>-6.361892921850085</LongitudeDegrees>
            </Position>
            <AltitudeMeters>205.0</AltitudeMeters>
            <DistanceMeters>5183.60986328125</DistanceMeters>
            <HeartRateBpm>
              <Value>143</Value>
            </HeartRateBpm>
            <Extensions>
              <ns3:TPX>
                <ns3:Speed>3.003999948501587</ns3:Speed>
                <ns3:RunCadence>82</ns3:RunCadence>
              </ns3:TPX>
            </Extensions>
          </Trackpoint>
          <Trackpoint>
            <Time>2026-01-14T18:22:17.000Z</Time>
            <Position>
              <LatitudeDegrees>38.922340432181954</LatitudeDegrees>
              <LongitudeDegrees>-6.361889401450753</LongitudeDegrees>
            </Position>
            <AltitudeMeters>205.0</AltitudeMeters>
            <DistanceMeters>5201.0498046875</DistanceMeters>
            <HeartRateBpm>
              <Value>144</Value>
            </HeartRateBpm>
            <Extensions>
              <ns3:TPX>
                <ns3:Speed>2.9860000610351562</ns3:Speed>
                <ns3:RunCadence>83</ns3:RunCadence>
              </ns3:TPX>
            </Extensions>
          </Trackpoint>
          <Trackpoint>
            <Time>2026-01-14T18:22:24.000Z</Time>
            <Position>
              <LatitudeDegrees>38.92222065478563</LatitudeDegrees>
              <LongitudeDegrees>-6.361708519980311</LongitudeDegrees>
            </Position>
            <AltitudeMeters>205.1999969482422</AltitudeMeters>
            <DistanceMeters>5221.64013671875</DistanceMeters>
            <HeartRateBpm>
              <Value>141</Value>
            </HeartRateBpm>
            <Extensions>
              <ns3:TPX>
                <ns3:Speed>2.9579999446868896</ns3:Speed>
                <ns3:RunCadence>84</ns3:RunCadence>
              </ns3:TPX>
            </Extensions>
          </Trackpoint>
          <Trackpoint>
            <Time>2026-01-14T18:22:31.000Z</Time>
            <Position>
              <LatitudeDegrees>38.92209769226611</LatitudeDegrees>
              <LongitudeDegrees>-6.3615326676517725</LongitudeDegrees>
            </Position>
            <AltitudeMeters>206.39999389648438</AltitudeMeters>
            <DistanceMeters>5242.10986328125</DistanceMeters>
            <HeartRateBpm>
              <Value>141</Value>
            </HeartRateBpm>
            <Extensions>
              <ns3:TPX>
                <ns3:Speed>2.947999954223633</ns3:Speed>
                <ns3:RunCadence>83</ns3:RunCadence>
              </ns3:TPX>
            </Extensions>
          </Trackpoint>
          <Trackpoint>
            <Time>2026-01-14T18:22:35.000Z</Time>
            <Position>
              <LatitudeDegrees>38.92202510498464</LatitudeDegrees>
              <LongitudeDegrees>-6.3614449091255665</LongitudeDegrees>
            </Position>
            <AltitudeMeters>206.8000030517578</AltitudeMeters>
            <DistanceMeters>5253.18017578125</DistanceMeters>
            <HeartRateBpm>
              <Value>141</Value>
            </HeartRateBpm>
            <Extensions>
              <ns3:TPX>
                <ns3:Speed>2.938999891281128</ns3:Speed>
                <ns3:RunCadence>83</ns3:RunCadence>
              </ns3:TPX>
            </Extensions>
          </Trackpoint>
          <Trackpoint>
            <Time>2026-01-14T18:22:42.000Z</Time>
            <Position>
              <LatitudeDegrees>38.92189552076161</LatitudeDegrees>
              <LongitudeDegrees>-6.361273331567645</LongitudeDegrees>
            </Position>
            <AltitudeMeters>207.8000030517578</AltitudeMeters>
            <DistanceMeters>5273.8701171875</DistanceMeters>
            <HeartRateBpm>
              <Value>142</Value>
            </HeartRateBpm>
            <Extensions>
              <ns3:TPX>
                <ns3:Speed>2.9210000038146973</ns3:Speed>
                <ns3:RunCadence>83</ns3:RunCadence>
              </ns3:TPX>
            </Extensions>
          </Trackpoint>
          <Trackpoint>
            <Time>2026-01-14T18:22:46.000Z</Time>
            <Position>
              <LatitudeDegrees>38.92182243056595</LatitudeDegrees>
              <LongitudeDegrees>-6.361177358776331</LongitudeDegrees>
            </Position>
            <AltitudeMeters>207.1999969482422</AltitudeMeters>
            <DistanceMeters>5285.47998046875</DistanceMeters>
            <HeartRateBpm>
              <Value>142</Value>
            </HeartRateBpm>
            <Extensions>
              <ns3:TPX>
                <ns3:Speed>2.9210000038146973</ns3:Speed>
                <ns3:RunCadence>83</ns3:RunCadence>
              </ns3:TPX>
            </Extensions>
          </Trackpoint>
          <Trackpoint>
            <Time>2026-01-14T18:22:53.000Z</Time>
            <Position>
              <LatitudeDegrees>38.92169862985611</LatitudeDegrees>
              <LongitudeDegrees>-6.361008211970329</LongitudeDegrees>
            </Position>
            <AltitudeMeters>206.60000610351562</AltitudeMeters>
            <DistanceMeters>5305.58984375</DistanceMeters>
            <HeartRateBpm>
              <Value>142</Value>
            </HeartRateBpm>
            <Extensions>
              <ns3:TPX>
                <ns3:Speed>2.9210000038146973</ns3:Speed>
                <ns3:RunCadence>82</ns3:RunCadence>
              </ns3:TPX>
            </Extensions>
          </Trackpoint>
          <Trackpoint>
            <Time>2026-01-14T18:22:56.000Z</Time>
            <Position>
              <LatitudeDegrees>38.921642638742924</LatitudeDegrees>
              <LongitudeDegrees>-6.360941659659147</LongitudeDegrees>
            </Position>
            <AltitudeMeters>206.60000610351562</AltitudeMeters>
            <DistanceMeters>5314.06982421875</DistanceMeters>
            <HeartRateBpm>
              <Value>142</Value>
            </HeartRateBpm>
            <Extensions>
              <ns3:TPX>
                <ns3:Speed>2.9110000133514404</ns3:Speed>
                <ns3:RunCadence>83</ns3:RunCadence>
              </ns3:TPX>
            </Extensions>
          </Trackpoint>
          <Trackpoint>
            <Time>2026-01-14T18:23:04.000Z</Time>
            <Position>
              <LatitudeDegrees>38.92149587161839</LatitudeDegrees>
              <LongitudeDegrees>-6.360758012160659</LongitudeDegrees>
            </Position>
            <AltitudeMeters>204.8000030517578</AltitudeMeters>
            <DistanceMeters>5336.83984375</DistanceMeters>
            <HeartRateBpm>
              <Value>140</Value>
            </HeartRateBpm>
            <Extensions>
              <ns3:TPX>
                <ns3:Speed>2.9110000133514404</ns3:Speed>
                <ns3:RunCadence>82</ns3:RunCadence>
              </ns3:TPX>
            </Extensions>
          </Trackpoint>
          <Trackpoint>
            <Time>2026-01-14T18:23:07.000Z</Time>
            <Position>
              <LatitudeDegrees>38.92144415527582</LatitudeDegrees>
              <LongitudeDegrees>-6.360686514526606</LongitudeDegrees>
            </Position>
            <AltitudeMeters>204.39999389648438</AltitudeMeters>
            <DistanceMeters>5345.2900390625</DistanceMeters>
            <HeartRateBpm>
              <Value>140</Value>
            </HeartRateBpm>
            <Extensions>
              <ns3:TPX>
                <ns3:Speed>2.9019999504089355</ns3:Speed>
                <ns3:RunCadence>82</ns3:RunCadence>
              </ns3:TPX>
            </Extensions>
          </Trackpoint>
          <Trackpoint>
            <Time>2026-01-14T18:23:14.000Z</Time>
            <Position>
              <LatitudeDegrees>38.92130828462541</LatitudeDegrees>
              <LongitudeDegrees>-6.360505968332291</LongitudeDegrees>
            </Position>
            <AltitudeMeters>204.0</AltitudeMeters>
            <DistanceMeters>5367.02001953125</DistanceMeters>
            <HeartRateBpm>
              <Value>139</Value>
            </HeartRateBpm>
            <Extensions>
              <ns3:TPX>
                <ns3:Speed>2.9110000133514404</ns3:Speed>
                <ns3:RunCadence>81</ns3:RunCadence>
              </ns3:TPX>
            </Extensions>
          </Trackpoint>
          <Trackpoint>
            <Time>2026-01-14T18:23:16.000Z</Time>
            <Position>
              <LatitudeDegrees>38.92127509228885</LatitudeDegrees>
              <LongitudeDegrees>-6.360454000532627</LongitudeDegrees>
            </Position>
            <AltitudeMeters>203.8000030517578</AltitudeMeters>
            <DistanceMeters>5372.85009765625</DistanceMeters>
            <HeartRateBpm>
              <Value>138</Value>
            </HeartRateBpm>
            <Extensions>
              <ns3:TPX>
                <ns3:Speed>2.9110000133514404</ns3:Speed>
                <ns3:RunCadence>82</ns3:RunCadence>
              </ns3:TPX>
            </Extensions>
          </Trackpoint>
          <Trackpoint>
            <Time>2026-01-14T18:23:23.000Z</Time>
            <Position>
              <LatitudeDegrees>38.92114735208452</LatitudeDegrees>
              <LongitudeDegrees>-6.360268592834473</LongitudeDegrees>
            </Position>
            <AltitudeMeters>203.1999969482422</AltitudeMeters>
            <DistanceMeters>5394.2998046875</DistanceMeters>
            <HeartRateBpm>
              <Value>139</Value>
            </HeartRateBpm>
            <Extensions>
              <ns3:TPX>
                <ns3:Speed>2.930000066757202</ns3:Speed>
                <ns3:RunCadence>83</ns3:RunCadence>
              </ns3:TPX>
            </Extensions>
          </Trackpoint>
          <Trackpoint>
            <Time>2026-01-14T18:23:27.000Z</Time>
            <Position>
              <LatitudeDegrees>38.92106680199504</LatitudeDegrees>
              <LongitudeDegrees>-6.36017756536603</LongitudeDegrees>
            </Position>
            <AltitudeMeters>204.60000610351562</AltitudeMeters>
            <DistanceMeters>5406.22021484375</DistanceMeters>
            <HeartRateBpm>
              <Value>138</Value>
            </HeartRateBpm>
            <Extensions>
              <ns3:TPX>
                <ns3:Speed>2.930000066757202</ns3:Speed>
                <ns3:RunCadence>82</ns3:RunCadence>
              </ns3:TPX>
            </Extensions>
          </Trackpoint>
          <Trackpoint>
            <Time>2026-01-14T18:23:34.000Z</Time>
            <Position>
              <LatitudeDegrees>38.92090452834964</LatitudeDegrees>
              <LongitudeDegrees>-6.360030882060528</LongitudeDegrees>
            </Position>
            <AltitudeMeters>205.39999389648438</AltitudeMeters>
            <DistanceMeters>5428.31982421875</DistanceMeters>
            <HeartRateBpm>
              <Value>137</Value>
            </HeartRateBpm>
            <Extensions>
              <ns3:TPX>
                <ns3:Speed>2.947999954223633</ns3:Speed>
                <ns3:RunCadence>82</ns3:RunCadence>
              </ns3:TPX>
            </Extensions>
          </Trackpoint>
          <Trackpoint>
            <Time>2026-01-14T18:23:37.000Z</Time>
            <Position>
              <LatitudeDegrees>38.92083051614463</LatitudeDegrees>
              <LongitudeDegrees>-6.359973298385739</LongitudeDegrees>
            </Position>
            <AltitudeMeters>206.1999969482422</AltitudeMeters>
            <DistanceMeters>5437.93017578125</DistanceMeters>
            <HeartRateBpm>
              <Value>137</Value>
            </HeartRateBpm>
            <Extensions>
              <ns3:TPX>
                <ns3:Speed>2.9579999446868896</ns3:Speed>
                <ns3:RunCadence>83</ns3:RunCadence>
              </ns3:TPX>
            </Extensions>
          </Trackpoint>
          <Trackpoint>
            <Time>2026-01-14T18:23:44.000Z</Time>
            <Position>
              <LatitudeDegrees>38.920667823404074</LatitudeDegrees>
              <LongitudeDegrees>-6.359909679740667</LongitudeDegrees>
            </Position>
            <AltitudeMeters>208.1999969482422</AltitudeMeters>
            <DistanceMeters>5456.9501953125</DistanceMeters>
            <HeartRateBpm>
              <Value>136</Value>
            </HeartRateBpm>
            <Extensions>
              <ns3:TPX>
                <ns3:Speed>2.9579999446868896</ns3:Speed>
                <ns3:RunCadence>83</ns3:RunCadence>
              </ns3:TPX>
            </Extensions>
          </Trackpoint>
          <Trackpoint>
            <Time>2026-01-14T18:23:51.000Z</Time>
            <Position>
              <LatitudeDegrees>38.9204868581146</LatitudeDegrees>
              <LongitudeDegrees>-6.359846228733659</LongitudeDegrees>
            </Position>
            <AltitudeMeters>206.8000030517578</AltitudeMeters>
            <DistanceMeters>5477.759765625</DistanceMeters>
            <HeartRateBpm>
              <Value>136</Value>
            </HeartRateBpm>
            <Extensions>
              <ns3:TPX>
                <ns3:Speed>2.938999891281128</ns3:Speed>
                <ns3:RunCadence>82</ns3:RunCadence>
              </ns3:TPX>
            </Extensions>
          </Trackpoint>
          <Trackpoint>
            <Time>2026-01-14T18:23:52.000Z</Time>
            <Position>
              <LatitudeDegrees>38.92046045511961</LatitudeDegrees>
              <LongitudeDegrees>-6.359839523211122</LongitudeDegrees>
            </Position>
            <AltitudeMeters>206.60000610351562</AltitudeMeters>
            <DistanceMeters>5480.740234375</DistanceMeters>
            <HeartRateBpm>
              <Value>136</Value>
            </HeartRateBpm>
            <Extensions>
              <ns3:TPX>
                <ns3:Speed>2.938999891281128</ns3:Speed>
                <ns3:RunCadence>82</ns3:RunCadence>
              </ns3:TPX>
            </Extensions>
          </Trackpoint>
          <Trackpoint>
            <Time>2026-01-14T18:24:00.000Z</Time>
            <Position>
              <LatitudeDegrees>38.92026104964316</LatitudeDegrees>
              <LongitudeDegrees>-6.3597791735082865</LongitudeDegrees>
            </Position>
            <AltitudeMeters>206.0</AltitudeMeters>
            <DistanceMeters>5503.5</DistanceMeters>
            <HeartRateBpm>
              <Value>136</Value>
            </HeartRateBpm>
            <Extensions>
              <ns3:TPX>
                <ns3:Speed>2.930000066757202</ns3:Speed>
                <ns3:RunCadence>83</ns3:RunCadence>
              </ns3:TPX>
            </Extensions>
          </Trackpoint>
          <Trackpoint>
            <Time>2026-01-14T18:24:01.000Z</Time>
            <Position>
              <LatitudeDegrees>38.92023221589625</LatitudeDegrees>
              <LongitudeDegrees>-6.359767774119973</LongitudeDegrees>
            </Position>
            <AltitudeMeters>206.0</AltitudeMeters>
            <DistanceMeters>5506.83984375</DistanceMeters>
            <HeartRateBpm>
              <Value>137</Value>
            </HeartRateBpm>
            <Extensions>
              <ns3:TPX>
                <ns3:Speed>2.9210000038146973</ns3:Speed>
                <ns3:RunCadence>83</ns3:RunCadence>
              </ns3:TPX>
            </Extensions>
          </Trackpoint>
          <Trackpoint>
            <Time>2026-01-14T18:24:08.000Z</Time>
            <Position>
              <LatitudeDegrees>38.920055106282234</LatitudeDegrees>
              <LongitudeDegrees>-6.359688648954034</LongitudeDegrees>
            </Position>
            <AltitudeMeters>205.1999969482422</AltitudeMeters>
            <DistanceMeters>5527.72998046875</DistanceMeters>
            <HeartRateBpm>
              <Value>137</Value>
            </HeartRateBpm>
            <Extensions>
              <ns3:TPX>
                <ns3:Speed>2.9110000133514404</ns3:Speed>
                <ns3:RunCadence>84</ns3:RunCadence>
              </ns3:TPX>
            </Extensions>
          </Trackpoint>
          <Trackpoint>
            <Time>2026-01-14T18:24:09.000Z</Time>
            <Position>
              <LatitudeDegrees>38.9200344029814</LatitudeDegrees>
              <LongitudeDegrees>-6.359687643125653</LongitudeDegrees>
            </Position>
            <AltitudeMeters>205.39999389648438</AltitudeMeters>
            <DistanceMeters>5530.02978515625</DistanceMeters>
            <HeartRateBpm>
              <Value>137</Value>
            </HeartRateBpm>
            <Extensions>
              <ns3:TPX>
                <ns3:Speed>2.9110000133514404</ns3:Speed>
                <ns3:RunCadence>84</ns3:RunCadence>
              </ns3:TPX>
            </Extensions>
          </Trackpoint>
          <Trackpoint>
            <Time>2026-01-14T18:24:16.000Z</Time>
            <Position>
              <LatitudeDegrees>38.91986425034702</LatitudeDegrees>
              <LongitudeDegrees>-6.3596324902027845</LongitudeDegrees>
            </Position>
            <AltitudeMeters>205.8000030517578</AltitudeMeters>
            <DistanceMeters>5549.68017578125</DistanceMeters>
            <HeartRateBpm>
              <Value>138</Value>
            </HeartRateBpm>
            <Extensions>
              <ns3:TPX>
                <ns3:Speed>2.8929998874664307</ns3:Speed>
                <ns3:RunCadence>83</ns3:RunCadence>
              </ns3:TPX>
            </Extensions>
          </Trackpoint>
          <Trackpoint>
            <Time>2026-01-14T18:24:23.000Z</Time>
            <Position>
              <LatitudeDegrees>38.91967171803117</LatitudeDegrees>
              <LongitudeDegrees>-6.359557639807463</LongitudeDegrees>
            </Position>
            <AltitudeMeters>205.60000610351562</AltitudeMeters>
            <DistanceMeters>5572.02001953125</DistanceMeters>
            <HeartRateBpm>
              <Value>140</Value>
            </HeartRateBpm>
            <Extensions>
              <ns3:TPX>
                <ns3:Speed>2.8929998874664307</ns3:Speed>
                <ns3:RunCadence>83</ns3:RunCadence>
              </ns3:TPX>
            </Extensions>
          </Trackpoint>
          <Trackpoint>
            <Time>2026-01-14T18:24:24.000Z</Time>
            <Position>
              <LatitudeDegrees>38.91964799724519</LatitudeDegrees>
              <LongitudeDegrees>-6.359551101922989</LongitudeDegrees>
            </Position>
            <AltitudeMeters>205.60000610351562</AltitudeMeters>
            <DistanceMeters>5574.7099609375</DistanceMeters>
            <HeartRateBpm>
              <Value>140</Value>
            </HeartRateBpm>
            <Extensions>
              <ns3:TPX>
                <ns3:Speed>2.8929998874664307</ns3:Speed>
                <ns3:RunCadence>83</ns3:RunCadence>
              </ns3:TPX>
            </Extensions>
          </Trackpoint>
          <Trackpoint>
            <Time>2026-01-14T18:24:31.000Z</Time>
            <Position>
              <LatitudeDegrees>38.91947398893535</LatitudeDegrees>
              <LongitudeDegrees>-6.359480274841189</LongitudeDegrees>
            </Position>
            <AltitudeMeters>205.60000610351562</AltitudeMeters>
            <DistanceMeters>5594.990234375</DistanceMeters>
            <HeartRateBpm>
              <Value>141</Value>
            </HeartRateBpm>
            <Extensions>
              <ns3:TPX>
                <ns3:Speed>2.9019999504089355</ns3:Speed>
                <ns3:RunCadence>84</ns3:RunCadence>
              </ns3:TPX>
            </Extensions>
          </Trackpoint>
          <Trackpoint>
            <Time>2026-01-14T18:24:33.000Z</Time>
            <Position>
              <LatitudeDegrees>38.919427217915654</LatitudeDegrees>
              <LongitudeDegrees>-6.3594569731503725</LongitudeDegrees>
            </Position>
            <AltitudeMeters>205.39999389648438</AltitudeMeters>
            <DistanceMeters>5600.56005859375</DistanceMeters>
            <HeartRateBpm>
              <Value>141</Value>
            </HeartRateBpm>
            <Extensions>
              <ns3:TPX>
                <ns3:Speed>2.9019999504089355</ns3:Speed>
                <ns3:RunCadence>83</ns3:RunCadence>
              </ns3:TPX>
            </Extensions>
          </Trackpoint>
          <Trackpoint>
            <Time>2026-01-14T18:24:40.000Z</Time>
            <Position>
              <LatitudeDegrees>38.919262597337365</LatitudeDegrees>
              <LongitudeDegrees>-6.35939528234303</LongitudeDegrees>
            </Position>
            <AltitudeMeters>205.0</AltitudeMeters>
            <DistanceMeters>5619.60009765625</DistanceMeters>
            <HeartRateBpm>
              <Value>141</Value>
            </HeartRateBpm>
            <Extensions>
              <ns3:TPX>
                <ns3:Speed>2.882999897003174</ns3:Speed>
                <ns3:RunCadence>83</ns3:RunCadence>
              </ns3:TPX>
            </Extensions>
          </Trackpoint>
          <Trackpoint>
            <Time>2026-01-14T18:24:47.000Z</Time>
            <Position>
              <LatitudeDegrees>38.91909018158913</LatitudeDegrees>
              <LongitudeDegrees>-6.359325293451548</LongitudeDegrees>
            </Position>
            <AltitudeMeters>205.39999389648438</AltitudeMeters>
            <DistanceMeters>5639.669921875</DistanceMeters>
            <HeartRateBpm>
              <Value>141</Value>
            </HeartRateBpm>
            <Extensions>
              <ns3:TPX>
                <ns3:Speed>2.865000009536743</ns3:Speed>
                <ns3:RunCadence>83</ns3:RunCadence>
              </ns3:TPX>
            </Extensions>
          </Trackpoint>
          <Trackpoint>
            <Time>2026-01-14T18:24:54.000Z</Time>
            <Position>
              <LatitudeDegrees>38.918917598202825</LatitudeDegrees>
              <LongitudeDegrees>-6.359233343973756</LongitudeDegrees>
            </Position>
            <AltitudeMeters>205.39999389648438</AltitudeMeters>
            <DistanceMeters>5660.58984375</DistanceMeters>
            <HeartRateBpm>
              <Value>141</Value>
            </HeartRateBpm>
            <Extensions>
              <ns3:TPX>
                <ns3:Speed>2.865000009536743</ns3:Speed>
                <ns3:RunCadence>84</ns3:RunCadence>
              </ns3:TPX>
            </Extensions>
          </Trackpoint>
          <Trackpoint>
            <Time>2026-01-14T18:24:55.000Z</Time>
            <Position>
              <LatitudeDegrees>38.91889739781618</LatitudeDegrees>
              <LongitudeDegrees>-6.3592110481113195</LongitudeDegrees>
            </Position>
            <AltitudeMeters>205.39999389648438</AltitudeMeters>
            <DistanceMeters>5663.5498046875</DistanceMeters>
            <HeartRateBpm>
              <Value>141</Value>
            </HeartRateBpm>
            <Extensions>
              <ns3:TPX>
                <ns3:Speed>2.865000009536743</ns3:Speed>
                <ns3:RunCadence>84</ns3:RunCadence>
              </ns3:TPX>
            </Extensions>
          </Trackpoint>
          <Trackpoint>
            <Time>2026-01-14T18:25:02.000Z</Time>
            <Position>
              <LatitudeDegrees>38.91879673115909</LatitudeDegrees>
              <LongitudeDegrees>-6.359017174690962</LongitudeDegrees>
            </Position>
            <AltitudeMeters>205.39999389648438</AltitudeMeters>
            <DistanceMeters>5683.830078125</DistanceMeters>
            <HeartRateBpm>
              <Value>141</Value>
            </HeartRateBpm>
            <Extensions>
              <ns3:TPX>
                <ns3:Speed>2.874000072479248</ns3:Speed>
                <ns3:RunCadence>83</ns3:RunCadence>
              </ns3:TPX>
            </Extensions>
          </Trackpoint>
          <Trackpoint>
            <Time>2026-01-14T18:25:10.000Z</Time>
            <Position>
              <LatitudeDegrees>38.91869933344424</LatitudeDegrees>
              <LongitudeDegrees>-6.358795138075948</LongitudeDegrees>
            </Position>
            <AltitudeMeters>205.0</AltitudeMeters>
            <DistanceMeters>5705.93017578125</DistanceMeters>
            <HeartRateBpm>
              <Value>142</Value>
            </HeartRateBpm>
            <Extensions>
              <ns3:TPX>
                <ns3:Speed>2.874000072479248</ns3:Speed>
                <ns3:RunCadence>83</ns3:RunCadence>
              </ns3:TPX>
            </Extensions>
          </Trackpoint>
          <Trackpoint>
            <Time>2026-01-14T18:25:11.000Z</Time>
            <Position>
              <LatitudeDegrees>38.91869246028364</LatitudeDegrees>
              <LongitudeDegrees>-6.358770746737719</LongitudeDegrees>
            </Position>
            <AltitudeMeters>205.0</AltitudeMeters>
            <DistanceMeters>5708.169921875</DistanceMeters>
            <HeartRateBpm>
              <Value>142</Value>
            </HeartRateBpm>
            <Extensions>
              <ns3:TPX>
                <ns3:Speed>2.874000072479248</ns3:Speed>
                <ns3:RunCadence>83</ns3:RunCadence>
              </ns3:TPX>
            </Extensions>
          </Trackpoint>
          <Trackpoint>
            <Time>2026-01-14T18:25:13.000Z</Time>
            <Position>
              <LatitudeDegrees>38.918662620708346</LatitudeDegrees>
              <LongitudeDegrees>-6.3587280828505754</LongitudeDegrees>
            </Position>
            <AltitudeMeters>205.0</AltitudeMeters>
            <DistanceMeters>5713.25</DistanceMeters>
            <HeartRateBpm>
              <Value>142</Value>
            </HeartRateBpm>
            <Extensions>
              <ns3:TPX>
                <ns3:Speed>2.874000072479248</ns3:Speed>
                <ns3:RunCadence>81</ns3:RunCadence>
              </ns3:TPX>
            </Extensions>
          </Trackpoint>
          <Trackpoint>
            <Time>2026-01-14T18:25:15.000Z</Time>
            <Position>
              <LatitudeDegrees>38.918613167479634</LatitudeDegrees>
              <LongitudeDegrees>-6.35871903039515</LongitudeDegrees>
            </Position>
            <AltitudeMeters>205.39999389648438</AltitudeMeters>
            <DistanceMeters>5718.8701171875</DistanceMeters>
            <HeartRateBpm>
              <Value>142</Value>
            </HeartRateBpm>
            <Extensions>
              <ns3:TPX>
                <ns3:Speed>2.865000009536743</ns3:Speed>
                <ns3:RunCadence>81</ns3:RunCadence>
              </ns3:TPX>
            </Extensions>
          </Trackpoint>
          <Trackpoint>
            <Time>2026-01-14T18:25:20.000Z</Time>
            <Position>
              <LatitudeDegrees>38.91850780695677</LatitudeDegrees>
              <LongitudeDegrees>-6.358829755336046</LongitudeDegrees>
            </Position>
            <AltitudeMeters>206.60000610351562</AltitudeMeters>
            <DistanceMeters>5734.1201171875</DistanceMeters>
            <HeartRateBpm>
              <Value>142</Value>
            </HeartRateBpm>
            <Extensions>
              <ns3:TPX>
                <ns3:Speed>2.865000009536743</ns3:Speed>
                <ns3:RunCadence>83</ns3:RunCadence>
              </ns3:TPX>
            </Extensions>
          </Trackpoint>
          <Trackpoint>
            <Time>2026-01-14T18:25:27.000Z</Time>
            <Position>
              <LatitudeDegrees>38.91833782196045</LatitudeDegrees>
              <LongitudeDegrees>-6.358955400064588</LongitudeDegrees>
            </Position>
            <AltitudeMeters>207.39999389648438</AltitudeMeters>
            <DistanceMeters>5755.9501953125</DistanceMeters>
            <HeartRateBpm>
              <Value>142</Value>
            </HeartRateBpm>
            <Extensions>
              <ns3:TPX>
                <ns3:Speed>2.874000072479248</ns3:Speed>
                <ns3:RunCadence>83</ns3:RunCadence>
              </ns3:TPX>
            </Extensions>
          </Trackpoint>
          <Trackpoint>
            <Time>2026-01-14T18:25:28.000Z</Time>
            <Position>
              <LatitudeDegrees>38.91831301152706</LatitudeDegrees>
              <LongitudeDegrees>-6.358962524682283</LongitudeDegrees>
            </Position>
            <AltitudeMeters>207.39999389648438</AltitudeMeters>
            <DistanceMeters>5758.759765625</DistanceMeters>
            <HeartRateBpm>
              <Value>142</Value>
            </HeartRateBpm>
            <Extensions>
              <ns3:TPX>
                <ns3:Speed>2.882999897003174</ns3:Speed>
                <ns3:RunCadence>83</ns3:RunCadence>
              </ns3:TPX>
            </Extensions>
          </Trackpoint>
          <Trackpoint>
            <Time>2026-01-14T18:25:33.000Z</Time>
            <Position>
              <LatitudeDegrees>38.91819122247398</LatitudeDegrees>
              <LongitudeDegrees>-6.358914831653237</LongitudeDegrees>
            </Position>
            <AltitudeMeters>208.0</AltitudeMeters>
            <DistanceMeters>5773.0498046875</DistanceMeters>
            <HeartRateBpm>
              <Value>143</Value>
            </HeartRateBpm>
            <Extensions>
              <ns3:TPX>
                <ns3:Speed>2.8929998874664307</ns3:Speed>
                <ns3:RunCadence>82</ns3:RunCadence>
              </ns3:TPX>
            </Extensions>
          </Trackpoint>
          <Trackpoint>
            <Time>2026-01-14T18:25:41.000Z</Time>
            <Position>
              <LatitudeDegrees>38.91801184974611</LatitudeDegrees>
              <LongitudeDegrees>-6.358816511929035</LongitudeDegrees>
            </Position>
            <AltitudeMeters>208.39999389648438</AltitudeMeters>
            <DistanceMeters>5794.68994140625</DistanceMeters>
            <HeartRateBpm>
              <Value>144</Value>
            </HeartRateBpm>
            <Extensions>
              <ns3:TPX>
                <ns3:Speed>2.882999897003174</ns3:Speed>
                <ns3:RunCadence>83</ns3:RunCadence>
              </ns3:TPX>
            </Extensions>
          </Trackpoint>
          <Trackpoint>
            <Time>2026-01-14T18:25:49.000Z</Time>
            <Position>
              <LatitudeDegrees>38.91783691942692</LatitudeDegrees>
              <LongitudeDegrees>-6.358705535531044</LongitudeDegrees>
            </Position>
            <AltitudeMeters>208.60000610351562</AltitudeMeters>
            <DistanceMeters>5816.35009765625</DistanceMeters>
            <HeartRateBpm>
              <Value>144</Value>
            </HeartRateBpm>
            <Extensions>
              <ns3:TPX>
                <ns3:Speed>2.8550000190734863</ns3:Speed>
                <ns3:RunCadence>84</ns3:RunCadence>
              </ns3:TPX>
            </Extensions>
          </Trackpoint>
          <Trackpoint>
            <Time>2026-01-14T18:25:56.000Z</Time>
            <Position>
              <LatitudeDegrees>38.91766341403127</LatitudeDegrees>
              <LongitudeDegrees>-6.358603360131383</LongitudeDegrees>
            </Position>
            <AltitudeMeters>209.0</AltitudeMeters>
            <DistanceMeters>5837.56005859375</DistanceMeters>
            <HeartRateBpm>
              <Value>145</Value>
            </HeartRateBpm>
            <Extensions>
              <ns3:TPX>
                <ns3:Speed>2.8459999561309814</ns3:Speed>
                <ns3:RunCadence>82</ns3:RunCadence>
              </ns3:TPX>
            </Extensions>
          </Trackpoint>
          <Trackpoint>
            <Time>2026-01-14T18:25:57.000Z</Time>
            <Position>
              <LatitudeDegrees>38.917640782892704</LatitudeDegrees>
              <LongitudeDegrees>-6.358587434515357</LongitudeDegrees>
            </Position>
            <AltitudeMeters>209.0</AltitudeMeters>
            <DistanceMeters>5840.419921875</DistanceMeters>
            <HeartRateBpm>
              <Value>143</Value>
            </HeartRateBpm>
            <Extensions>
              <ns3:TPX>
                <ns3:Speed>2.8369998931884766</ns3:Speed>
                <ns3:RunCadence>82</ns3:RunCadence>
              </ns3:TPX>
            </Extensions>
          </Trackpoint>
          <Trackpoint>
            <Time>2026-01-14T18:26:04.000Z</Time>
            <Position>
              <LatitudeDegrees>38.9174716360867</LatitudeDegrees>
              <LongitudeDegrees>-6.358504202216864</LongitudeDegrees>
            </Position>
            <AltitudeMeters>209.8000030517578</AltitudeMeters>
            <DistanceMeters>5860.52978515625</DistanceMeters>
            <HeartRateBpm>
              <Value>145</Value>
            </HeartRateBpm>
            <Extensions>
              <ns3:TPX>
                <ns3:Speed>2.8369998931884766</ns3:Speed>
                <ns3:RunCadence>84</ns3:RunCadence>
              </ns3:TPX>
            </Extensions>
          </Trackpoint>
          <Trackpoint>
            <Time>2026-01-14T18:26:05.000Z</Time>
            <Position>
              <LatitudeDegrees>38.917448753491044</LatitudeDegrees>
              <LongitudeDegrees>-6.358493305742741</LongitudeDegrees>
            </Position>
            <AltitudeMeters>210.0</AltitudeMeters>
            <DistanceMeters>5863.240234375</DistanceMeters>
            <HeartRateBpm>
              <Value>145</Value>
            </HeartRateBpm>
            <Extensions>
              <ns3:TPX>
                <ns3:Speed>2.8269999027252197</ns3:Speed>
                <ns3:RunCadence>84</ns3:RunCadence>
              </ns3:TPX>
            </Extensions>
          </Trackpoint>
          <Trackpoint>
            <Time>2026-01-14T18:26:13.000Z</Time>
            <Position>
              <LatitudeDegrees>38.917268961668015</LatitudeDegrees>
              <LongitudeDegrees>-6.358370175585151</LongitudeDegrees>
            </Position>
            <AltitudeMeters>210.60000610351562</AltitudeMeters>
            <DistanceMeters>5885.85009765625</DistanceMeters>
            <HeartRateBpm>
              <Value>146</Value>
            </HeartRateBpm>
            <Extensions>
              <ns3:TPX>
                <ns3:Speed>2.818000078201294</ns3:Speed>
                <ns3:RunCadence>84</ns3:RunCadence>
              </ns3:TPX>
            </Extensions>
          </Trackpoint>
          <Trackpoint>
            <Time>2026-01-14T18:26:15.000Z</Time>
            <Position>
              <LatitudeDegrees>38.91722914762795</LatitudeDegrees>
              <LongitudeDegrees>-6.358337150886655</LongitudeDegrees>
            </Position>
            <AltitudeMeters>210.60000610351562</AltitudeMeters>
            <DistanceMeters>5891.1201171875</DistanceMeters>
            <HeartRateBpm>
              <Value>146</Value>
            </HeartRateBpm>
            <Extensions>
              <ns3:TPX>
                <ns3:Speed>2.818000078201294</ns3:Speed>
                <ns3:RunCadence>85</ns3:RunCadence>
              </ns3:TPX>
            </Extensions>
          </Trackpoint>
          <Trackpoint>
            <Time>2026-01-14T18:26:23.000Z</Time>
            <Position>
              <LatitudeDegrees>38.91708070412278</LatitudeDegrees>
              <LongitudeDegrees>-6.358168590813875</LongitudeDegrees>
            </Position>
            <AltitudeMeters>211.0</AltitudeMeters>
            <DistanceMeters>5913.1298828125</DistanceMeters>
            <HeartRateBpm>
              <Value>146</Value>
            </HeartRateBpm>
            <Extensions>
              <ns3:TPX>
                <ns3:Speed>2.809000015258789</ns3:Speed>
                <ns3:RunCadence>85</ns3:RunCadence>
              </ns3:TPX>
            </Extensions>
          </Trackpoint>
          <Trackpoint>
            <Time>2026-01-14T18:26:25.000Z</Time>
            <Position>
              <LatitudeDegrees>38.917046925053</LatitudeDegrees>
              <LongitudeDegrees>-6.358120143413544</LongitudeDegrees>
            </Position>
            <AltitudeMeters>211.0</AltitudeMeters>
            <DistanceMeters>5918.77001953125</DistanceMeters>
            <HeartRateBpm>
              <Value>146</Value>
            </HeartRateBpm>
            <Extensions>
              <ns3:TPX>
                <ns3:Speed>2.809000015258789</ns3:Speed>
                <ns3:RunCadence>85</ns3:RunCadence>
              </ns3:TPX>
            </Extensions>
          </Trackpoint>
          <Trackpoint>
            <Time>2026-01-14T18:26:33.000Z</Time>
            <Position>
              <LatitudeDegrees>38.916909797117114</LatitudeDegrees>
              <LongitudeDegrees>-6.357931047677994</LongitudeDegrees>
            </Position>
            <AltitudeMeters>211.60000610351562</AltitudeMeters>
            <DistanceMeters>5941.10986328125</DistanceMeters>
            <HeartRateBpm>
              <Value>145</Value>
            </HeartRateBpm>
            <Extensions>
              <ns3:TPX>
                <ns3:Speed>2.8269999027252197</ns3:Speed>
                <ns3:RunCadence>83</ns3:RunCadence>
              </ns3:TPX>
            </Extensions>
          </Trackpoint>
          <Trackpoint>
            <Time>2026-01-14T18:26:34.000Z</Time>
            <Position>
              <LatitudeDegrees>38.91689487732947</LatitudeDegrees>
              <LongitudeDegrees>-6.3579081650823355</LongitudeDegrees>
            </Position>
            <AltitudeMeters>211.60000610351562</AltitudeMeters>
            <DistanceMeters>5943.7001953125</DistanceMeters>
            <HeartRateBpm>
              <Value>145</Value>
            </HeartRateBpm>
            <Extensions>
              <ns3:TPX>
                <ns3:Speed>2.8269999027252197</ns3:Speed>
                <ns3:RunCadence>83</ns3:RunCadence>
              </ns3:TPX>
            </Extensions>
          </Trackpoint>
          <Trackpoint>
            <Time>2026-01-14T18:26:42.000Z</Time>
            <Position>
              <LatitudeDegrees>38.91675867140293</LatitudeDegrees>
              <LongitudeDegrees>-6.357724936679006</LongitudeDegrees>
            </Position>
            <AltitudeMeters>211.0</AltitudeMeters>
            <DistanceMeters>5965.60986328125</DistanceMeters>
            <HeartRateBpm>
              <Value>145</Value>
            </HeartRateBpm>
            <Extensions>
              <ns3:TPX>
                <ns3:Speed>2.8269999027252197</ns3:Speed>
                <ns3:RunCadence>83</ns3:RunCadence>
              </ns3:TPX>
            </Extensions>
          </Trackpoint>
          <Trackpoint>
            <Time>2026-01-14T18:26:48.000Z</Time>
            <Position>
              <LatitudeDegrees>38.91666437499225</LatitudeDegrees>
              <LongitudeDegrees>-6.357580181211233</LongitudeDegrees>
            </Position>
            <AltitudeMeters>210.8000030517578</AltitudeMeters>
            <DistanceMeters>5981.9599609375</DistanceMeters>
            <HeartRateBpm>
              <Value>146</Value>
            </HeartRateBpm>
            <Extensions>
              <ns3:TPX>
                <ns3:Speed>2.809000015258789</ns3:Speed>
                <ns3:RunCadence>83</ns3:RunCadence>
              </ns3:TPX>
            </Extensions>
          </Trackpoint>
          <Trackpoint>
            <Time>2026-01-14T18:26:55.000Z</Time>
            <Position>
              <LatitudeDegrees>38.916549710556865</LatitudeDegrees>
              <LongitudeDegrees>-6.357409525662661</LongitudeDegrees>
            </Position>
            <AltitudeMeters>209.39999389648438</AltitudeMeters>
            <DistanceMeters>6001.5400390625</DistanceMeters>
            <HeartRateBpm>
              <Value>145</Value>
            </HeartRateBpm>
            <Extensions>
              <ns3:TPX>
                <ns3:Speed>2.7899999618530273</ns3:Speed>
                <ns3:RunCadence>84</ns3:RunCadence>
              </ns3:TPX>
            </Extensions>
          </Trackpoint>
          <Trackpoint>
            <Time>2026-01-14T18:26:56.000Z</Time>
            <Position>
              <LatitudeDegrees>38.91652850434184</LatitudeDegrees>
              <LongitudeDegrees>-6.357389576733112</LongitudeDegrees>
            </Position>
            <AltitudeMeters>209.39999389648438</AltitudeMeters>
            <DistanceMeters>6004.4599609375</DistanceMeters>
            <HeartRateBpm>
              <Value>145</Value>
            </HeartRateBpm>
            <Extensions>
              <ns3:TPX>
                <ns3:Speed>2.7899999618530273</ns3:Speed>
                <ns3:RunCadence>83</ns3:RunCadence>
              </ns3:TPX>
            </Extensions>
          </Trackpoint>
        </Track>
        <Extensions>
          <ns3:LX>
            <ns3:AvgSpeed>2.8959999084472656</ns3:AvgSpeed>
            <ns3:AvgRunCadence>83</ns3:AvgRunCadence>
            <ns3:MaxRunCadence>85</ns3:MaxRunCadence>
          </ns3:LX>
        </Extensions>
      </Lap>
      <Lap StartTime="2026-01-14T18:26:56.000Z">
        <TotalTimeSeconds>328.235</TotalTimeSeconds>
        <DistanceMeters>1000.0</DistanceMeters>
        <MaximumSpeed>3.3959999084472656</MaximumSpeed>
        <Calories>72</Calories>
        <AverageHeartRateBpm>
          <Value>149</Value>
        </AverageHeartRateBpm>
        <MaximumHeartRateBpm>
          <Value>161</Value>
        </MaximumHeartRateBpm>
        <Intensity>Active</Intensity>
        <TriggerMethod>Manual</TriggerMethod>
        <Track>
          <Trackpoint>
            <Time>2026-01-14T18:26:56.000Z</Time>
            <Position>
              <LatitudeDegrees>38.91652850434184</LatitudeDegrees>
              <LongitudeDegrees>-6.357389576733112</LongitudeDegrees>
            </Position>
            <AltitudeMeters>209.39999389648438</AltitudeMeters>
            <DistanceMeters>6004.4599609375</DistanceMeters>
            <HeartRateBpm>
              <Value>145</Value>
            </HeartRateBpm>
            <Extensions>
              <ns3:TPX>
                <ns3:Speed>2.7899999618530273</ns3:Speed>
                <ns3:RunCadence>83</ns3:RunCadence>
              </ns3:TPX>
            </Extensions>
          </Trackpoint>
          <Trackpoint>
            <Time>2026-01-14T18:27:02.000Z</Time>
            <Position>
              <LatitudeDegrees>38.91639464534819</LatitudeDegrees>
              <LongitudeDegrees>-6.357303075492382</LongitudeDegrees>
            </Position>
            <AltitudeMeters>209.1999969482422</AltitudeMeters>
            <DistanceMeters>6021.25</DistanceMeters>
            <HeartRateBpm>
              <Value>145</Value>
            </HeartRateBpm>
            <Extensions>
              <ns3:TPX>
                <ns3:Speed>2.809000015258789</ns3:Speed>
                <ns3:RunCadence>84</ns3:RunCadence>
              </ns3:TPX>
            </Extensions>
          </Trackpoint>
          <Trackpoint>
            <Time>2026-01-14T18:27:03.000Z</Time>
            <Position>
              <LatitudeDegrees>38.91637394204736</LatitudeDegrees>
              <LongitudeDegrees>-6.357311038300395</LongitudeDegrees>
            </Position>
            <AltitudeMeters>209.39999389648438</AltitudeMeters>
            <DistanceMeters>6023.64990234375</DistanceMeters>
            <HeartRateBpm>
              <Value>145</Value>
            </HeartRateBpm>
            <Extensions>
              <ns3:TPX>
                <ns3:Speed>2.818000078201294</ns3:Speed>
                <ns3:RunCadence>84</ns3:RunCadence>
              </ns3:TPX>
            </Extensions>
          </Trackpoint>
          <Trackpoint>
            <Time>2026-01-14T18:27:05.000Z</Time>
            <Position>
              <LatitudeDegrees>38.91633940860629</LatitudeDegrees>
              <LongitudeDegrees>-6.357364514842629</LongitudeDegrees>
            </Position>
            <AltitudeMeters>210.0</AltitudeMeters>
            <DistanceMeters>6029.7001953125</DistanceMeters>
            <HeartRateBpm>
              <Value>145</Value>
            </HeartRateBpm>
            <Extensions>
              <ns3:TPX>
                <ns3:Speed>2.809000015258789</ns3:Speed>
                <ns3:RunCadence>83</ns3:RunCadence>
              </ns3:TPX>
            </Extensions>
          </Trackpoint>
          <Trackpoint>
            <Time>2026-01-14T18:27:08.000Z</Time>
            <Position>
              <LatitudeDegrees>38.91632666811347</LatitudeDegrees>
              <LongitudeDegrees>-6.357478844001889</LongitudeDegrees>
            </Position>
            <AltitudeMeters>210.8000030517578</AltitudeMeters>
            <DistanceMeters>6040.009765625</DistanceMeters>
            <HeartRateBpm>
              <Value>145</Value>
            </HeartRateBpm>
            <Extensions>
              <ns3:TPX>
                <ns3:Speed>2.818000078201294</ns3:Speed>
                <ns3:RunCadence>81</ns3:RunCadence>
              </ns3:TPX>
            </Extensions>
          </Trackpoint>
          <Trackpoint>
            <Time>2026-01-14T18:27:09.000Z</Time>
            <Position>
              <LatitudeDegrees>38.916340582072735</LatitudeDegrees>
              <LongitudeDegrees>-6.357509018853307</LongitudeDegrees>
            </Position>
            <AltitudeMeters>210.8000030517578</AltitudeMeters>
            <DistanceMeters>6043.0400390625</DistanceMeters>
            <HeartRateBpm>
              <Value>145</Value>
            </HeartRateBpm>
            <Extensions>
              <ns3:TPX>
                <ns3:Speed>2.818000078201294</ns3:Speed>
                <ns3:RunCadence>83</ns3:RunCadence>
              </ns3:TPX>
            </Extensions>
          </Trackpoint>
          <Trackpoint>
            <Time>2026-01-14T18:27:16.000Z</Time>
            <Position>
              <LatitudeDegrees>38.916465723887086</LatitudeDegrees>
              <LongitudeDegrees>-6.357695180922747</LongitudeDegrees>
            </Position>
            <AltitudeMeters>212.39999389648438</AltitudeMeters>
            <DistanceMeters>6064.2998046875</DistanceMeters>
            <HeartRateBpm>
              <Value>146</Value>
            </HeartRateBpm>
            <Extensions>
              <ns3:TPX>
                <ns3:Speed>2.865000009536743</ns3:Speed>
                <ns3:RunCadence>82</ns3:RunCadence>
              </ns3:TPX>
            </Extensions>
          </Trackpoint>
          <Trackpoint>
            <Time>2026-01-14T18:27:24.000Z</Time>
            <Position>
              <LatitudeDegrees>38.91658809967339</LatitudeDegrees>
              <LongitudeDegrees>-6.357893999665976</LongitudeDegrees>
            </Position>
            <AltitudeMeters>213.0</AltitudeMeters>
            <DistanceMeters>6086.25</DistanceMeters>
            <HeartRateBpm>
              <Value>146</Value>
            </HeartRateBpm>
            <Extensions>
              <ns3:TPX>
                <ns3:Speed>2.8269999027252197</ns3:Speed>
                <ns3:RunCadence>83</ns3:RunCadence>
              </ns3:TPX>
            </Extensions>
          </Trackpoint>
          <Trackpoint>
            <Time>2026-01-14T18:27:25.000Z</Time>
            <Position>
              <LatitudeDegrees>38.916603941470385</LatitudeDegrees>
              <LongitudeDegrees>-6.357920486479998</LongitudeDegrees>
            </Position>
            <AltitudeMeters>213.0</AltitudeMeters>
            <DistanceMeters>6089.1298828125</DistanceMeters>
            <HeartRateBpm>
              <Value>146</Value>
            </HeartRateBpm>
            <Extensions>
              <ns3:TPX>
                <ns3:Speed>2.8269999027252197</ns3:Speed>
                <ns3:RunCadence>83</ns3:RunCadence>
              </ns3:TPX>
            </Extensions>
          </Trackpoint>
          <Trackpoint>
            <Time>2026-01-14T18:27:31.000Z</Time>
            <Position>
              <LatitudeDegrees>38.916715839877725</LatitudeDegrees>
              <LongitudeDegrees>-6.358065661042929</LongitudeDegrees>
            </Position>
            <AltitudeMeters>212.60000610351562</AltitudeMeters>
            <DistanceMeters>6106.85986328125</DistanceMeters>
            <HeartRateBpm>
              <Value>143</Value>
            </HeartRateBpm>
            <Extensions>
              <ns3:TPX>
                <ns3:Speed>2.8269999027252197</ns3:Speed>
                <ns3:RunCadence>82</ns3:RunCadence>
              </ns3:TPX>
            </Extensions>
          </Trackpoint>
          <Trackpoint>
            <Time>2026-01-14T18:27:32.000Z</Time>
            <Position>
              <LatitudeDegrees>38.916731011122465</LatitudeDegrees>
              <LongitudeDegrees>-6.3580904714763165</LongitudeDegrees>
            </Position>
            <AltitudeMeters>212.60000610351562</AltitudeMeters>
            <DistanceMeters>6109.58984375</DistanceMeters>
            <HeartRateBpm>
              <Value>143</Value>
            </HeartRateBpm>
            <Extensions>
              <ns3:TPX>
                <ns3:Speed>2.8269999027252197</ns3:Speed>
                <ns3:RunCadence>82</ns3:RunCadence>
              </ns3:TPX>
            </Extensions>
          </Trackpoint>
          <Trackpoint>
            <Time>2026-01-14T18:27:40.000Z</Time>
            <Position>
              <LatitudeDegrees>38.916861517354846</LatitudeDegrees>
              <LongitudeDegrees>-6.358293564990163</LongitudeDegrees>
            </Position>
            <AltitudeMeters>212.39999389648438</AltitudeMeters>
            <DistanceMeters>6132.43017578125</DistanceMeters>
            <HeartRateBpm>
              <Value>143</Value>
            </HeartRateBpm>
            <Extensions>
              <ns3:TPX>
                <ns3:Speed>2.8369998931884766</ns3:Speed>
                <ns3:RunCadence>82</ns3:RunCadence>
              </ns3:TPX>
            </Extensions>
          </Trackpoint>
          <Trackpoint>
            <Time>2026-01-14T18:27:42.000Z</Time>
            <Position>
              <LatitudeDegrees>38.916899571195245</LatitudeDegrees>
              <LongitudeDegrees>-6.358350645750761</LongitudeDegrees>
            </Position>
            <AltitudeMeters>212.1999969482422</AltitudeMeters>
            <DistanceMeters>6138.919921875</DistanceMeters>
            <HeartRateBpm>
              <Value>143</Value>
            </HeartRateBpm>
            <Extensions>
              <ns3:TPX>
                <ns3:Speed>2.8369998931884766</ns3:Speed>
                <ns3:RunCadence>82</ns3:RunCadence>
              </ns3:TPX>
            </Extensions>
          </Trackpoint>
          <Trackpoint>
            <Time>2026-01-14T18:27:49.000Z</Time>
            <Position>
              <LatitudeDegrees>38.91704290173948</LatitudeDegrees>
              <LongitudeDegrees>-6.358540831133723</LongitudeDegrees>
            </Position>
            <AltitudeMeters>212.0</AltitudeMeters>
            <DistanceMeters>6161.83984375</DistanceMeters>
            <HeartRateBpm>
              <Value>145</Value>
            </HeartRateBpm>
            <Extensions>
              <ns3:TPX>
                <ns3:Speed>2.865000009536743</ns3:Speed>
                <ns3:RunCadence>84</ns3:RunCadence>
              </ns3:TPX>
            </Extensions>
          </Trackpoint>
          <Trackpoint>
            <Time>2026-01-14T18:27:52.000Z</Time>
            <Position>
              <LatitudeDegrees>38.91711389645934</LatitudeDegrees>
              <LongitudeDegrees>-6.35860905982554</LongitudeDegrees>
            </Position>
            <AltitudeMeters>212.0</AltitudeMeters>
            <DistanceMeters>6171.7001953125</DistanceMeters>
            <HeartRateBpm>
              <Value>145</Value>
            </HeartRateBpm>
            <Extensions>
              <ns3:TPX>
                <ns3:Speed>2.882999897003174</ns3:Speed>
                <ns3:RunCadence>83</ns3:RunCadence>
              </ns3:TPX>
            </Extensions>
          </Trackpoint>
          <Trackpoint>
            <Time>2026-01-14T18:27:58.000Z</Time>
            <Position>
              <LatitudeDegrees>38.91727030277252</LatitudeDegrees>
              <LongitudeDegrees>-6.358724059537053</LongitudeDegrees>
            </Position>
            <AltitudeMeters>211.39999389648438</AltitudeMeters>
            <DistanceMeters>6191.77001953125</DistanceMeters>
            <HeartRateBpm>
              <Value>144</Value>
            </HeartRateBpm>
            <Extensions>
              <ns3:TPX>
                <ns3:Speed>2.947999954223633</ns3:Speed>
                <ns3:RunCadence>83</ns3:RunCadence>
              </ns3:TPX>
            </Extensions>
          </Trackpoint>
          <Trackpoint>
            <Time>2026-01-14T18:28:05.000Z</Time>
            <Position>
              <LatitudeDegrees>38.917452190071344</LatitudeDegrees>
              <LongitudeDegrees>-6.358821205794811</LongitudeDegrees>
            </Position>
            <AltitudeMeters>210.39999389648438</AltitudeMeters>
            <DistanceMeters>6213.64990234375</DistanceMeters>
            <HeartRateBpm>
              <Value>145</Value>
            </HeartRateBpm>
            <Extensions>
              <ns3:TPX>
                <ns3:Speed>3.0320000648498535</ns3:Speed>
                <ns3:RunCadence>82</ns3:RunCadence>
              </ns3:TPX>
            </Extensions>
          </Trackpoint>
          <Trackpoint>
            <Time>2026-01-14T18:28:08.000Z</Time>
            <Position>
              <LatitudeDegrees>38.917519161477685</LatitudeDegrees>
              <LongitudeDegrees>-6.358878370374441</LongitudeDegrees>
            </Position>
            <AltitudeMeters>210.39999389648438</AltitudeMeters>
            <DistanceMeters>6222.6201171875</DistanceMeters>
            <HeartRateBpm>
              <Value>144</Value>
            </HeartRateBpm>
            <Extensions>
              <ns3:TPX>
                <ns3:Speed>3.0510001182556152</ns3:Speed>
                <ns3:RunCadence>83</ns3:RunCadence>
              </ns3:TPX>
            </Extensions>
          </Trackpoint>
          <Trackpoint>
            <Time>2026-01-14T18:28:13.000Z</Time>
            <Position>
              <LatitudeDegrees>38.91764891333878</LatitudeDegrees>
              <LongitudeDegrees>-6.3589610159397125</LongitudeDegrees>
            </Position>
            <AltitudeMeters>209.8000030517578</AltitudeMeters>
            <DistanceMeters>6238.75</DistanceMeters>
            <HeartRateBpm>
              <Value>143</Value>
            </HeartRateBpm>
            <Extensions>
              <ns3:TPX>
                <ns3:Speed>3.0789999961853027</ns3:Speed>
                <ns3:RunCadence>84</ns3:RunCadence>
              </ns3:TPX>
            </Extensions>
          </Trackpoint>
          <Trackpoint>
            <Time>2026-01-14T18:28:19.000Z</Time>
            <Position>
              <LatitudeDegrees>38.917793752625585</LatitudeDegrees>
              <LongitudeDegrees>-6.359075428918004</LongitudeDegrees>
            </Position>
            <AltitudeMeters>209.39999389648438</AltitudeMeters>
            <DistanceMeters>6257.75</DistanceMeters>
            <HeartRateBpm>
              <Value>144</Value>
            </HeartRateBpm>
            <Extensions>
              <ns3:TPX>
                <ns3:Speed>3.115999937057495</ns3:Speed>
                <ns3:RunCadence>84</ns3:RunCadence>
              </ns3:TPX>
            </Extensions>
          </Trackpoint>
          <Trackpoint>
            <Time>2026-01-14T18:28:26.000Z</Time>
            <Position>
              <LatitudeDegrees>38.91796499490738</LatitudeDegrees>
              <LongitudeDegrees>-6.359181795269251</LongitudeDegrees>
            </Position>
            <AltitudeMeters>209.0</AltitudeMeters>
            <DistanceMeters>6278.91015625</DistanceMeters>
            <HeartRateBpm>
              <Value>145</Value>
            </HeartRateBpm>
            <Extensions>
              <ns3:TPX>
                <ns3:Speed>3.1540000438690186</ns3:Speed>
                <ns3:RunCadence>82</ns3:RunCadence>
              </ns3:TPX>
            </Extensions>
          </Trackpoint>
          <Trackpoint>
            <Time>2026-01-14T18:28:29.000Z</Time>
            <Position>
              <LatitudeDegrees>38.918045377358794</LatitudeDegrees>
              <LongitudeDegrees>-6.359216328710318</LongitudeDegrees>
            </Position>
            <AltitudeMeters>208.8000030517578</AltitudeMeters>
            <DistanceMeters>6288.31982421875</DistanceMeters>
            <HeartRateBpm>
              <Value>144</Value>
            </HeartRateBpm>
            <Extensions>
              <ns3:TPX>
                <ns3:Speed>3.1630001068115234</ns3:Speed>
                <ns3:RunCadence>83</ns3:RunCadence>
              </ns3:TPX>
            </Extensions>
          </Trackpoint>
          <Trackpoint>
            <Time>2026-01-14T18:28:36.000Z</Time>
            <Position>
              <LatitudeDegrees>38.91823732294142</LatitudeDegrees>
              <LongitudeDegrees>-6.359291849657893</LongitudeDegrees>
            </Position>
            <AltitudeMeters>207.8000030517578</AltitudeMeters>
            <DistanceMeters>6310.68017578125</DistanceMeters>
            <HeartRateBpm>
              <Value>145</Value>
            </HeartRateBpm>
            <Extensions>
              <ns3:TPX>
                <ns3:Speed>3.171999931335449</ns3:Speed>
                <ns3:RunCadence>83</ns3:RunCadence>
              </ns3:TPX>
            </Extensions>
          </Trackpoint>
          <Trackpoint>
            <Time>2026-01-14T18:28:37.000Z</Time>
            <Position>
              <LatitudeDegrees>38.918255511671305</LatitudeDegrees>
              <LongitudeDegrees>-6.359301907941699</LongitudeDegrees>
            </Position>
            <AltitudeMeters>207.60000610351562</AltitudeMeters>
            <DistanceMeters>6312.759765625</DistanceMeters>
            <HeartRateBpm>
              <Value>145</Value>
            </HeartRateBpm>
            <Extensions>
              <ns3:TPX>
                <ns3:Speed>3.171999931335449</ns3:Speed>
                <ns3:RunCadence>82</ns3:RunCadence>
              </ns3:TPX>
            </Extensions>
          </Trackpoint>
          <Trackpoint>
            <Time>2026-01-14T18:28:40.000Z</Time>
            <Position>
              <LatitudeDegrees>38.918280908837914</LatitudeDegrees>
              <LongitudeDegrees>-6.359375417232513</LongitudeDegrees>
            </Position>
            <AltitudeMeters>207.60000610351562</AltitudeMeters>
            <DistanceMeters>6319.81982421875</DistanceMeters>
            <HeartRateBpm>
              <Value>145</Value>
            </HeartRateBpm>
            <Extensions>
              <ns3:TPX>
                <ns3:Speed>3.171999931335449</ns3:Speed>
                <ns3:RunCadence>83</ns3:RunCadence>
              </ns3:TPX>
            </Extensions>
          </Trackpoint>
          <Trackpoint>
            <Time>2026-01-14T18:28:48.000Z</Time>
            <Position>
              <LatitudeDegrees>38.91834452748299</LatitudeDegrees>
              <LongitudeDegrees>-6.359610361978412</LongitudeDegrees>
            </Position>
            <AltitudeMeters>207.8000030517578</AltitudeMeters>
            <DistanceMeters>6341.64013671875</DistanceMeters>
            <HeartRateBpm>
              <Value>143</Value>
            </HeartRateBpm>
            <Extensions>
              <ns3:TPX>
                <ns3:Speed>3.1070001125335693</ns3:Speed>
                <ns3:RunCadence>83</ns3:RunCadence>
              </ns3:TPX>
            </Extensions>
          </Trackpoint>
          <Trackpoint>
            <Time>2026-01-14T18:28:55.000Z</Time>
            <Position>
              <LatitudeDegrees>38.918432369828224</LatitudeDegrees>
              <LongitudeDegrees>-6.359808007255197</LongitudeDegrees>
            </Position>
            <AltitudeMeters>208.60000610351562</AltitudeMeters>
            <DistanceMeters>6361.7900390625</DistanceMeters>
            <HeartRateBpm>
              <Value>144</Value>
            </HeartRateBpm>
            <Extensions>
              <ns3:TPX>
                <ns3:Speed>3.0420000553131104</ns3:Speed>
                <ns3:RunCadence>83</ns3:RunCadence>
              </ns3:TPX>
            </Extensions>
          </Trackpoint>
          <Trackpoint>
            <Time>2026-01-14T18:28:58.000Z</Time>
            <Position>
              <LatitudeDegrees>38.91850152052939</LatitudeDegrees>
              <LongitudeDegrees>-6.359810354188085</LongitudeDegrees>
            </Position>
            <AltitudeMeters>208.1999969482422</AltitudeMeters>
            <DistanceMeters>6369.8798828125</DistanceMeters>
            <HeartRateBpm>
              <Value>147</Value>
            </HeartRateBpm>
            <Extensions>
              <ns3:TPX>
                <ns3:Speed>2.9760000705718994</ns3:Speed>
                <ns3:RunCadence>83</ns3:RunCadence>
              </ns3:TPX>
            </Extensions>
          </Trackpoint>
          <Trackpoint>
            <Time>2026-01-14T18:28:59.000Z</Time>
            <Position>
              <LatitudeDegrees>38.91852205619216</LatitudeDegrees>
              <LongitudeDegrees>-6.359792752191424</LongitudeDegrees>
            </Position>
            <AltitudeMeters>208.1999969482422</AltitudeMeters>
            <DistanceMeters>6372.6201171875</DistanceMeters>
            <HeartRateBpm>
              <Value>145</Value>
            </HeartRateBpm>
            <Extensions>
              <ns3:TPX>
                <ns3:Speed>2.9760000705718994</ns3:Speed>
                <ns3:RunCadence>83</ns3:RunCadence>
              </ns3:TPX>
            </Extensions>
          </Trackpoint>
          <Trackpoint>
            <Time>2026-01-14T18:29:05.000Z</Time>
            <Position>
              <LatitudeDegrees>38.91866270452738</LatitudeDegrees>
              <LongitudeDegrees>-6.359674818813801</LongitudeDegrees>
            </Position>
            <AltitudeMeters>207.1999969482422</AltitudeMeters>
            <DistanceMeters>6391.330078125</DistanceMeters>
            <HeartRateBpm>
              <Value>145</Value>
            </HeartRateBpm>
            <Extensions>
              <ns3:TPX>
                <ns3:Speed>2.9019999504089355</ns3:Speed>
                <ns3:RunCadence>81</ns3:RunCadence>
              </ns3:TPX>
            </Extensions>
          </Trackpoint>
          <Trackpoint>
            <Time>2026-01-14T18:29:12.000Z</Time>
            <Position>
              <LatitudeDegrees>38.91883277334273</LatitudeDegrees>
              <LongitudeDegrees>-6.3595556281507015</LongitudeDegrees>
            </Position>
            <AltitudeMeters>206.60000610351562</AltitudeMeters>
            <DistanceMeters>6412.919921875</DistanceMeters>
            <HeartRateBpm>
              <Value>145</Value>
            </HeartRateBpm>
            <Extensions>
              <ns3:TPX>
                <ns3:Speed>2.9670000076293945</ns3:Speed>
                <ns3:RunCadence>82</ns3:RunCadence>
              </ns3:TPX>
            </Extensions>
          </Trackpoint>
          <Trackpoint>
            <Time>2026-01-14T18:29:13.000Z</Time>
            <Position>
              <LatitudeDegrees>38.91886152327061</LatitudeDegrees>
              <LongitudeDegrees>-6.359552023932338</LongitudeDegrees>
            </Position>
            <AltitudeMeters>206.60000610351562</AltitudeMeters>
            <DistanceMeters>6416.1201171875</DistanceMeters>
            <HeartRateBpm>
              <Value>145</Value>
            </HeartRateBpm>
            <Extensions>
              <ns3:TPX>
                <ns3:Speed>2.9760000705718994</ns3:Speed>
                <ns3:RunCadence>82</ns3:RunCadence>
              </ns3:TPX>
            </Extensions>
          </Trackpoint>
          <Trackpoint>
            <Time>2026-01-14T18:29:18.000Z</Time>
            <Position>
              <LatitudeDegrees>38.91899806447327</LatitudeDegrees>
              <LongitudeDegrees>-6.35960390791297</LongitudeDegrees>
            </Position>
            <AltitudeMeters>207.39999389648438</AltitudeMeters>
            <DistanceMeters>6431.93017578125</DistanceMeters>
            <HeartRateBpm>
              <Value>145</Value>
            </HeartRateBpm>
            <Extensions>
              <ns3:TPX>
                <ns3:Speed>2.994999885559082</ns3:Speed>
                <ns3:RunCadence>83</ns3:RunCadence>
              </ns3:TPX>
            </Extensions>
          </Trackpoint>
          <Trackpoint>
            <Time>2026-01-14T18:29:25.000Z</Time>
            <Position>
              <LatitudeDegrees>38.91918431036174</LatitudeDegrees>
              <LongitudeDegrees>-6.359694097191095</LongitudeDegrees>
            </Position>
            <AltitudeMeters>207.39999389648438</AltitudeMeters>
            <DistanceMeters>6454.02978515625</DistanceMeters>
            <HeartRateBpm>
              <Value>145</Value>
            </HeartRateBpm>
            <Extensions>
              <ns3:TPX>
                <ns3:Speed>3.0420000553131104</ns3:Speed>
                <ns3:RunCadence>83</ns3:RunCadence>
              </ns3:TPX>
            </Extensions>
          </Trackpoint>
          <Trackpoint>
            <Time>2026-01-14T18:29:30.000Z</Time>
            <Position>
              <LatitudeDegrees>38.91933040693402</LatitudeDegrees>
              <LongitudeDegrees>-6.3597488310188055</LongitudeDegrees>
            </Position>
            <AltitudeMeters>207.60000610351562</AltitudeMeters>
            <DistanceMeters>6470.919921875</DistanceMeters>
            <HeartRateBpm>
              <Value>145</Value>
            </HeartRateBpm>
            <Extensions>
              <ns3:TPX>
                <ns3:Speed>3.0880000591278076</ns3:Speed>
                <ns3:RunCadence>84</ns3:RunCadence>
              </ns3:TPX>
            </Extensions>
          </Trackpoint>
          <Trackpoint>
            <Time>2026-01-14T18:29:37.000Z</Time>
            <Position>
              <LatitudeDegrees>38.91952821984887</LatitudeDegrees>
              <LongitudeDegrees>-6.359832650050521</LongitudeDegrees>
            </Position>
            <AltitudeMeters>207.8000030517578</AltitudeMeters>
            <DistanceMeters>6494.02001953125</DistanceMeters>
            <HeartRateBpm>
              <Value>145</Value>
            </HeartRateBpm>
            <Extensions>
              <ns3:TPX>
                <ns3:Speed>3.1630001068115234</ns3:Speed>
                <ns3:RunCadence>83</ns3:RunCadence>
              </ns3:TPX>
            </Extensions>
          </Trackpoint>
          <Trackpoint>
            <Time>2026-01-14T18:29:43.000Z</Time>
            <Position>
              <LatitudeDegrees>38.919713627547026</LatitudeDegrees>
              <LongitudeDegrees>-6.35990833863616</LongitudeDegrees>
            </Position>
            <AltitudeMeters>208.0</AltitudeMeters>
            <DistanceMeters>6515.60009765625</DistanceMeters>
            <HeartRateBpm>
              <Value>146</Value>
            </HeartRateBpm>
            <Extensions>
              <ns3:TPX>
                <ns3:Speed>3.2279999256134033</ns3:Speed>
                <ns3:RunCadence>84</ns3:RunCadence>
              </ns3:TPX>
            </Extensions>
          </Trackpoint>
          <Trackpoint>
            <Time>2026-01-14T18:29:45.000Z</Time>
            <Position>
              <LatitudeDegrees>38.91977330669761</LatitudeDegrees>
              <LongitudeDegrees>-6.359933065250516</LongitudeDegrees>
            </Position>
            <AltitudeMeters>208.0</AltitudeMeters>
            <DistanceMeters>6522.5400390625</DistanceMeters>
            <HeartRateBpm>
              <Value>147</Value>
            </HeartRateBpm>
            <Extensions>
              <ns3:TPX>
                <ns3:Speed>3.246999979019165</ns3:Speed>
                <ns3:RunCadence>84</ns3:RunCadence>
              </ns3:TPX>
            </Extensions>
          </Trackpoint>
          <Trackpoint>
            <Time>2026-01-14T18:29:51.000Z</Time>
            <Position>
              <LatitudeDegrees>38.91994580626488</LatitudeDegrees>
              <LongitudeDegrees>-6.36000850237906</LongitudeDegrees>
            </Position>
            <AltitudeMeters>208.8000030517578</AltitudeMeters>
            <DistanceMeters>6542.72021484375</DistanceMeters>
            <HeartRateBpm>
              <Value>148</Value>
            </HeartRateBpm>
            <Extensions>
              <ns3:TPX>
                <ns3:Speed>3.312000036239624</ns3:Speed>
                <ns3:RunCadence>84</ns3:RunCadence>
              </ns3:TPX>
            </Extensions>
          </Trackpoint>
          <Trackpoint>
            <Time>2026-01-14T18:29:54.000Z</Time>
            <Position>
              <LatitudeDegrees>38.92003540880978</LatitudeDegrees>
              <LongitudeDegrees>-6.360050747171044</LongitudeDegrees>
            </Position>
            <AltitudeMeters>209.60000610351562</AltitudeMeters>
            <DistanceMeters>6553.2998046875</DistanceMeters>
            <HeartRateBpm>
              <Value>148</Value>
            </HeartRateBpm>
            <Extensions>
              <ns3:TPX>
                <ns3:Speed>3.3310000896453857</ns3:Speed>
                <ns3:RunCadence>85</ns3:RunCadence>
              </ns3:TPX>
            </Extensions>
          </Trackpoint>
          <Trackpoint>
            <Time>2026-01-14T18:30:00.000Z</Time>
            <Position>
              <LatitudeDegrees>38.92019868828356</LatitudeDegrees>
              <LongitudeDegrees>-6.360127525404096</LongitudeDegrees>
            </Position>
            <AltitudeMeters>210.39999389648438</AltitudeMeters>
            <DistanceMeters>6572.5498046875</DistanceMeters>
            <HeartRateBpm>
              <Value>149</Value>
            </HeartRateBpm>
            <Extensions>
              <ns3:TPX>
                <ns3:Speed>3.378000020980835</ns3:Speed>
                <ns3:RunCadence>85</ns3:RunCadence>
              </ns3:TPX>
            </Extensions>
          </Trackpoint>
          <Trackpoint>
            <Time>2026-01-14T18:30:07.000Z</Time>
            <Position>
              <LatitudeDegrees>38.92039004713297</LatitudeDegrees>
              <LongitudeDegrees>-6.360199777409434</LongitudeDegrees>
            </Position>
            <AltitudeMeters>210.60000610351562</AltitudeMeters>
            <DistanceMeters>6594.58984375</DistanceMeters>
            <HeartRateBpm>
              <Value>149</Value>
            </HeartRateBpm>
            <Extensions>
              <ns3:TPX>
                <ns3:Speed>3.38700008392334</ns3:Speed>
                <ns3:RunCadence>84</ns3:RunCadence>
              </ns3:TPX>
            </Extensions>
          </Trackpoint>
          <Trackpoint>
            <Time>2026-01-14T18:30:10.000Z</Time>
            <Position>
              <LatitudeDegrees>38.92047361470759</LatitudeDegrees>
              <LongitudeDegrees>-6.360238837078214</LongitudeDegrees>
            </Position>
            <AltitudeMeters>211.0</AltitudeMeters>
            <DistanceMeters>6604.43994140625</DistanceMeters>
            <HeartRateBpm>
              <Value>149</Value>
            </HeartRateBpm>
            <Extensions>
              <ns3:TPX>
                <ns3:Speed>3.38700008392334</ns3:Speed>
                <ns3:RunCadence>83</ns3:RunCadence>
              </ns3:TPX>
            </Extensions>
          </Trackpoint>
          <Trackpoint>
            <Time>2026-01-14T18:30:17.000Z</Time>
            <Position>
              <LatitudeDegrees>38.9206734392792</LatitudeDegrees>
              <LongitudeDegrees>-6.360318632796407</LongitudeDegrees>
            </Position>
            <AltitudeMeters>211.1999969482422</AltitudeMeters>
            <DistanceMeters>6627.68017578125</DistanceMeters>
            <HeartRateBpm>
              <Value>150</Value>
            </HeartRateBpm>
            <Extensions>
              <ns3:TPX>
                <ns3:Speed>3.38700008392334</ns3:Speed>
                <ns3:RunCadence>84</ns3:RunCadence>
              </ns3:TPX>
            </Extensions>
          </Trackpoint>
          <Trackpoint>
            <Time>2026-01-14T18:30:22.000Z</Time>
            <Position>
              <LatitudeDegrees>38.92080218531191</LatitudeDegrees>
              <LongitudeDegrees>-6.360400775447488</LongitudeDegrees>
            </Position>
            <AltitudeMeters>210.1999969482422</AltitudeMeters>
            <DistanceMeters>6643.60986328125</DistanceMeters>
            <HeartRateBpm>
              <Value>151</Value>
            </HeartRateBpm>
            <Extensions>
              <ns3:TPX>
                <ns3:Speed>3.3959999084472656</ns3:Speed>
                <ns3:RunCadence>85</ns3:RunCadence>
              </ns3:TPX>
            </Extensions>
          </Trackpoint>
          <Trackpoint>
            <Time>2026-01-14T18:30:29.000Z</Time>
            <Position>
              <LatitudeDegrees>38.920981055125594</LatitudeDegrees>
              <LongitudeDegrees>-6.3605348858982325</LongitudeDegrees>
            </Position>
            <AltitudeMeters>208.60000610351562</AltitudeMeters>
            <DistanceMeters>6666.5400390625</DistanceMeters>
            <HeartRateBpm>
              <Value>151</Value>
            </HeartRateBpm>
            <Extensions>
              <ns3:TPX>
                <ns3:Speed>3.3959999084472656</ns3:Speed>
                <ns3:RunCadence>84</ns3:RunCadence>
              </ns3:TPX>
            </Extensions>
          </Trackpoint>
          <Trackpoint>
            <Time>2026-01-14T18:30:36.000Z</Time>
            <Position>
              <LatitudeDegrees>38.9211240503937</LatitudeDegrees>
              <LongitudeDegrees>-6.3607018534094095</LongitudeDegrees>
            </Position>
            <AltitudeMeters>208.1999969482422</AltitudeMeters>
            <DistanceMeters>6688.14013671875</DistanceMeters>
            <HeartRateBpm>
              <Value>152</Value>
            </HeartRateBpm>
            <Extensions>
              <ns3:TPX>
                <ns3:Speed>3.38700008392334</ns3:Speed>
                <ns3:RunCadence>84</ns3:RunCadence>
              </ns3:TPX>
            </Extensions>
          </Trackpoint>
          <Trackpoint>
            <Time>2026-01-14T18:30:37.000Z</Time>
            <Position>
              <LatitudeDegrees>38.92114701680839</LatitudeDegrees>
              <LongitudeDegrees>-6.360726160928607</LongitudeDegrees>
            </Position>
            <AltitudeMeters>208.1999969482422</AltitudeMeters>
            <DistanceMeters>6691.4599609375</DistanceMeters>
            <HeartRateBpm>
              <Value>152</Value>
            </HeartRateBpm>
            <Extensions>
              <ns3:TPX>
                <ns3:Speed>3.378000020980835</ns3:Speed>
                <ns3:RunCadence>84</ns3:RunCadence>
              </ns3:TPX>
            </Extensions>
          </Trackpoint>
          <Trackpoint>
            <Time>2026-01-14T18:30:44.000Z</Time>
            <Position>
              <LatitudeDegrees>38.9212863240391</LatitudeDegrees>
              <LongitudeDegrees>-6.360890194773674</LongitudeDegrees>
            </Position>
            <AltitudeMeters>209.0</AltitudeMeters>
            <DistanceMeters>6712.58984375</DistanceMeters>
            <HeartRateBpm>
              <Value>153</Value>
            </HeartRateBpm>
            <Extensions>
              <ns3:TPX>
                <ns3:Speed>3.3589999675750732</ns3:Speed>
                <ns3:RunCadence>84</ns3:RunCadence>
              </ns3:TPX>
            </Extensions>
          </Trackpoint>
          <Trackpoint>
            <Time>2026-01-14T18:30:51.000Z</Time>
            <Position>
              <LatitudeDegrees>38.92140786163509</LatitudeDegrees>
              <LongitudeDegrees>-6.361052552238107</LongitudeDegrees>
            </Position>
            <AltitudeMeters>210.60000610351562</AltitudeMeters>
            <DistanceMeters>6732.08984375</DistanceMeters>
            <HeartRateBpm>
              <Value>154</Value>
            </HeartRateBpm>
            <Extensions>
              <ns3:TPX>
                <ns3:Speed>3.322000026702881</ns3:Speed>
                <ns3:RunCadence>84</ns3:RunCadence>
              </ns3:TPX>
            </Extensions>
          </Trackpoint>
          <Trackpoint>
            <Time>2026-01-14T18:30:58.000Z</Time>
            <Position>
              <LatitudeDegrees>38.92153484746814</LatitudeDegrees>
              <LongitudeDegrees>-6.361223626881838</LongitudeDegrees>
            </Position>
            <AltitudeMeters>211.8000030517578</AltitudeMeters>
            <DistanceMeters>6752.5498046875</DistanceMeters>
            <HeartRateBpm>
              <Value>154</Value>
            </HeartRateBpm>
            <Extensions>
              <ns3:TPX>
                <ns3:Speed>3.115999937057495</ns3:Speed>
                <ns3:RunCadence>84</ns3:RunCadence>
              </ns3:TPX>
            </Extensions>
          </Trackpoint>
          <Trackpoint>
            <Time>2026-01-14T18:30:59.000Z</Time>
            <Position>
              <LatitudeDegrees>38.921553706750274</LatitudeDegrees>
              <LongitudeDegrees>-6.361247096210718</LongitudeDegrees>
            </Position>
            <AltitudeMeters>211.8000030517578</AltitudeMeters>
            <DistanceMeters>6755.47021484375</DistanceMeters>
            <HeartRateBpm>
              <Value>154</Value>
            </HeartRateBpm>
            <Extensions>
              <ns3:TPX>
                <ns3:Speed>3.115999937057495</ns3:Speed>
                <ns3:RunCadence>84</ns3:RunCadence>
              </ns3:TPX>
            </Extensions>
          </Trackpoint>
          <Trackpoint>
            <Time>2026-01-14T18:31:06.000Z</Time>
            <Position>
              <LatitudeDegrees>38.92168547026813</LatitudeDegrees>
              <LongitudeDegrees>-6.361411716789007</LongitudeDegrees>
            </Position>
            <AltitudeMeters>211.39999389648438</AltitudeMeters>
            <DistanceMeters>6775.89990234375</DistanceMeters>
            <HeartRateBpm>
              <Value>154</Value>
            </HeartRateBpm>
            <Extensions>
              <ns3:TPX>
                <ns3:Speed>2.9860000610351562</ns3:Speed>
                <ns3:RunCadence>84</ns3:RunCadence>
              </ns3:TPX>
            </Extensions>
          </Trackpoint>
          <Trackpoint>
            <Time>2026-01-14T18:31:07.000Z</Time>
            <Position>
              <LatitudeDegrees>38.92170793376863</LatitudeDegrees>
              <LongitudeDegrees>-6.36143920943141</LongitudeDegrees>
            </Position>
            <AltitudeMeters>211.1999969482422</AltitudeMeters>
            <DistanceMeters>6779.35009765625</DistanceMeters>
            <HeartRateBpm>
              <Value>154</Value>
            </HeartRateBpm>
            <Extensions>
              <ns3:TPX>
                <ns3:Speed>2.9860000610351562</ns3:Speed>
                <ns3:RunCadence>84</ns3:RunCadence>
              </ns3:TPX>
            </Extensions>
          </Trackpoint>
          <Trackpoint>
            <Time>2026-01-14T18:31:13.000Z</Time>
            <Position>
              <LatitudeDegrees>38.92183793708682</LatitudeDegrees>
              <LongitudeDegrees>-6.361602824181318</LongitudeDegrees>
            </Position>
            <AltitudeMeters>210.1999969482422</AltitudeMeters>
            <DistanceMeters>6799.6298828125</DistanceMeters>
            <HeartRateBpm>
              <Value>155</Value>
            </HeartRateBpm>
            <Extensions>
              <ns3:TPX>
                <ns3:Speed>3.0880000591278076</ns3:Speed>
                <ns3:RunCadence>85</ns3:RunCadence>
              </ns3:TPX>
            </Extensions>
          </Trackpoint>
          <Trackpoint>
            <Time>2026-01-14T18:31:16.000Z</Time>
            <Position>
              <LatitudeDegrees>38.92189401201904</LatitudeDegrees>
              <LongitudeDegrees>-6.361695695668459</LongitudeDegrees>
            </Position>
            <AltitudeMeters>209.1999969482422</AltitudeMeters>
            <DistanceMeters>6809.7900390625</DistanceMeters>
            <HeartRateBpm>
              <Value>155</Value>
            </HeartRateBpm>
            <Extensions>
              <ns3:TPX>
                <ns3:Speed>3.1070001125335693</ns3:Speed>
                <ns3:RunCadence>85</ns3:RunCadence>
              </ns3:TPX>
            </Extensions>
          </Trackpoint>
          <Trackpoint>
            <Time>2026-01-14T18:31:23.000Z</Time>
            <Position>
              <LatitudeDegrees>38.92201538197696</LatitudeDegrees>
              <LongitudeDegrees>-6.361875236034393</LongitudeDegrees>
            </Position>
            <AltitudeMeters>207.39999389648438</AltitudeMeters>
            <DistanceMeters>6830.3798828125</DistanceMeters>
            <HeartRateBpm>
              <Value>154</Value>
            </HeartRateBpm>
            <Extensions>
              <ns3:TPX>
                <ns3:Speed>3.1540000438690186</ns3:Speed>
                <ns3:RunCadence>85</ns3:RunCadence>
              </ns3:TPX>
            </Extensions>
          </Trackpoint>
          <Trackpoint>
            <Time>2026-01-14T18:31:24.000Z</Time>
            <Position>
              <LatitudeDegrees>38.92203231342137</LatitudeDegrees>
              <LongitudeDegrees>-6.361896190792322</LongitudeDegrees>
            </Position>
            <AltitudeMeters>207.39999389648438</AltitudeMeters>
            <DistanceMeters>6832.990234375</DistanceMeters>
            <HeartRateBpm>
              <Value>154</Value>
            </HeartRateBpm>
            <Extensions>
              <ns3:TPX>
                <ns3:Speed>3.1440000534057617</ns3:Speed>
                <ns3:RunCadence>85</ns3:RunCadence>
              </ns3:TPX>
            </Extensions>
          </Trackpoint>
          <Trackpoint>
            <Time>2026-01-14T18:31:27.000Z</Time>
            <Position>
              <LatitudeDegrees>38.922088304534554</LatitudeDegrees>
              <LongitudeDegrees>-6.36196936480701</LongitudeDegrees>
            </Position>
            <AltitudeMeters>207.0</AltitudeMeters>
            <DistanceMeters>6841.8701171875</DistanceMeters>
            <HeartRateBpm>
              <Value>157</Value>
            </HeartRateBpm>
            <Extensions>
              <ns3:TPX>
                <ns3:Speed>3.0980000495910645</ns3:Speed>
                <ns3:RunCadence>84</ns3:RunCadence>
              </ns3:TPX>
            </Extensions>
          </Trackpoint>
          <Trackpoint>
            <Time>2026-01-14T18:31:30.000Z</Time>
            <Position>
              <LatitudeDegrees>38.922138679772615</LatitudeDegrees>
              <LongitudeDegrees>-6.362036000937223</LongitudeDegrees>
            </Position>
            <AltitudeMeters>207.0</AltitudeMeters>
            <DistanceMeters>6849.89990234375</DistanceMeters>
            <HeartRateBpm>
              <Value>156</Value>
            </HeartRateBpm>
            <Extensions>
              <ns3:TPX>
                <ns3:Speed>3.0510001182556152</ns3:Speed>
                <ns3:RunCadence>85</ns3:RunCadence>
              </ns3:TPX>
            </Extensions>
          </Trackpoint>
          <Trackpoint>
            <Time>2026-01-14T18:31:36.000Z</Time>
            <Position>
              <LatitudeDegrees>38.92218478024006</LatitudeDegrees>
              <LongitudeDegrees>-6.362224007025361</LongitudeDegrees>
            </Position>
            <AltitudeMeters>207.8000030517578</AltitudeMeters>
            <DistanceMeters>6867.64013671875</DistanceMeters>
            <HeartRateBpm>
              <Value>155</Value>
            </HeartRateBpm>
            <Extensions>
              <ns3:TPX>
                <ns3:Speed>2.9670000076293945</ns3:Speed>
                <ns3:RunCadence>84</ns3:RunCadence>
              </ns3:TPX>
            </Extensions>
          </Trackpoint>
          <Trackpoint>
            <Time>2026-01-14T18:31:41.000Z</Time>
            <Position>
              <LatitudeDegrees>38.92211236059666</LatitudeDegrees>
              <LongitudeDegrees>-6.362325679510832</LongitudeDegrees>
            </Position>
            <AltitudeMeters>208.39999389648438</AltitudeMeters>
            <DistanceMeters>6879.7900390625</DistanceMeters>
            <HeartRateBpm>
              <Value>155</Value>
            </HeartRateBpm>
            <Extensions>
              <ns3:TPX>
                <ns3:Speed>2.9110000133514404</ns3:Speed>
                <ns3:RunCadence>84</ns3:RunCadence>
              </ns3:TPX>
            </Extensions>
          </Trackpoint>
          <Trackpoint>
            <Time>2026-01-14T18:31:47.000Z</Time>
            <Position>
              <LatitudeDegrees>38.921973975375295</LatitudeDegrees>
              <LongitudeDegrees>-6.362345293164253</LongitudeDegrees>
            </Position>
            <AltitudeMeters>208.60000610351562</AltitudeMeters>
            <DistanceMeters>6895.27001953125</DistanceMeters>
            <HeartRateBpm>
              <Value>156</Value>
            </HeartRateBpm>
            <Extensions>
              <ns3:TPX>
                <ns3:Speed>2.8369998931884766</ns3:Speed>
                <ns3:RunCadence>84</ns3:RunCadence>
              </ns3:TPX>
            </Extensions>
          </Trackpoint>
          <Trackpoint>
            <Time>2026-01-14T18:31:55.000Z</Time>
            <Position>
              <LatitudeDegrees>38.921780269593</LatitudeDegrees>
              <LongitudeDegrees>-6.362368259578943</LongitudeDegrees>
            </Position>
            <AltitudeMeters>209.0</AltitudeMeters>
            <DistanceMeters>6916.83984375</DistanceMeters>
            <HeartRateBpm>
              <Value>158</Value>
            </HeartRateBpm>
            <Extensions>
              <ns3:TPX>
                <ns3:Speed>2.743000030517578</ns3:Speed>
                <ns3:RunCadence>84</ns3:RunCadence>
              </ns3:TPX>
            </Extensions>
          </Trackpoint>
          <Trackpoint>
            <Time>2026-01-14T18:31:56.000Z</Time>
            <Position>
              <LatitudeDegrees>38.92175638116896</LatitudeDegrees>
              <LongitudeDegrees>-6.362366583198309</LongitudeDegrees>
            </Position>
            <AltitudeMeters>209.0</AltitudeMeters>
            <DistanceMeters>6919.490234375</DistanceMeters>
            <HeartRateBpm>
              <Value>158</Value>
            </HeartRateBpm>
            <Extensions>
              <ns3:TPX>
                <ns3:Speed>2.7339999675750732</ns3:Speed>
                <ns3:RunCadence>84</ns3:RunCadence>
              </ns3:TPX>
            </Extensions>
          </Trackpoint>
          <Trackpoint>
            <Time>2026-01-14T18:32:00.000Z</Time>
            <Position>
              <LatitudeDegrees>38.92165563069284</LatitudeDegrees>
              <LongitudeDegrees>-6.362351663410664</LongitudeDegrees>
            </Position>
            <AltitudeMeters>209.39999389648438</AltitudeMeters>
            <DistanceMeters>6930.77001953125</DistanceMeters>
            <HeartRateBpm>
              <Value>161</Value>
            </HeartRateBpm>
            <Extensions>
              <ns3:TPX>
                <ns3:Speed>2.7060000896453857</ns3:Speed>
                <ns3:RunCadence>84</ns3:RunCadence>
              </ns3:TPX>
            </Extensions>
          </Trackpoint>
          <Trackpoint>
            <Time>2026-01-14T18:32:04.000Z</Time>
            <Position>
              <LatitudeDegrees>38.921554293483496</LatitudeDegrees>
              <LongitudeDegrees>-6.362335318699479</LongitudeDegrees>
            </Position>
            <AltitudeMeters>209.8000030517578</AltitudeMeters>
            <DistanceMeters>6942.14990234375</DistanceMeters>
            <HeartRateBpm>
              <Value>157</Value>
            </HeartRateBpm>
            <Extensions>
              <ns3:TPX>
                <ns3:Speed>2.687000036239624</ns3:Speed>
                <ns3:RunCadence>83</ns3:RunCadence>
              </ns3:TPX>
            </Extensions>
          </Trackpoint>
          <Trackpoint>
            <Time>2026-01-14T18:32:05.000Z</Time>
            <Position>
              <LatitudeDegrees>38.9215299859643</LatitudeDegrees>
              <LongitudeDegrees>-6.362339090555906</LongitudeDegrees>
            </Position>
            <AltitudeMeters>210.0</AltitudeMeters>
            <DistanceMeters>6944.85009765625</DistanceMeters>
            <HeartRateBpm>
              <Value>157</Value>
            </HeartRateBpm>
            <Extensions>
              <ns3:TPX>
                <ns3:Speed>2.677999973297119</ns3:Speed>
                <ns3:RunCadence>83</ns3:RunCadence>
              </ns3:TPX>
            </Extensions>
          </Trackpoint>
          <Trackpoint>
            <Time>2026-01-14T18:32:06.000Z</Time>
            <Position>
              <LatitudeDegrees>38.92150844447315</LatitudeDegrees>
              <LongitudeDegrees>-6.362352333962917</LongitudeDegrees>
            </Position>
            <AltitudeMeters>210.0</AltitudeMeters>
            <DistanceMeters>6947.490234375</DistanceMeters>
            <HeartRateBpm>
              <Value>157</Value>
            </HeartRateBpm>
            <Extensions>
              <ns3:TPX>
                <ns3:Speed>2.677999973297119</ns3:Speed>
                <ns3:RunCadence>84</ns3:RunCadence>
              </ns3:TPX>
            </Extensions>
          </Trackpoint>
          <Trackpoint>
            <Time>2026-01-14T18:32:08.000Z</Time>
            <Position>
              <LatitudeDegrees>38.92148497514427</LatitudeDegrees>
              <LongitudeDegrees>-6.362403212115169</LongitudeDegrees>
            </Position>
            <AltitudeMeters>210.0</AltitudeMeters>
            <DistanceMeters>6952.60009765625</DistanceMeters>
            <HeartRateBpm>
              <Value>155</Value>
            </HeartRateBpm>
            <Extensions>
              <ns3:TPX>
                <ns3:Speed>2.6689999103546143</ns3:Speed>
                <ns3:RunCadence>83</ns3:RunCadence>
              </ns3:TPX>
            </Extensions>
          </Trackpoint>
          <Trackpoint>
            <Time>2026-01-14T18:32:15.000Z</Time>
            <Position>
              <LatitudeDegrees>38.92145480029285</LatitudeDegrees>
              <LongitudeDegrees>-6.362664727494121</LongitudeDegrees>
            </Position>
            <AltitudeMeters>210.39999389648438</AltitudeMeters>
            <DistanceMeters>6975.60986328125</DistanceMeters>
            <HeartRateBpm>
              <Value>156</Value>
            </HeartRateBpm>
            <Extensions>
              <ns3:TPX>
                <ns3:Speed>2.687000036239624</ns3:Speed>
                <ns3:RunCadence>85</ns3:RunCadence>
              </ns3:TPX>
            </Extensions>
          </Trackpoint>
          <Trackpoint>
            <Time>2026-01-14T18:32:16.000Z</Time>
            <Position>
              <LatitudeDegrees>38.921447256579995</LatitudeDegrees>
              <LongitudeDegrees>-6.362697836011648</LongitudeDegrees>
            </Position>
            <AltitudeMeters>210.39999389648438</AltitudeMeters>
            <DistanceMeters>6978.60009765625</DistanceMeters>
            <HeartRateBpm>
              <Value>155</Value>
            </HeartRateBpm>
            <Extensions>
              <ns3:TPX>
                <ns3:Speed>2.7060000896453857</ns3:Speed>
                <ns3:RunCadence>85</ns3:RunCadence>
              </ns3:TPX>
            </Extensions>
          </Trackpoint>
          <Trackpoint>
            <Time>2026-01-14T18:32:23.000Z</Time>
            <Position>
              <LatitudeDegrees>38.921402245759964</LatitudeDegrees>
              <LongitudeDegrees>-6.362949376925826</LongitudeDegrees>
            </Position>
            <AltitudeMeters>211.1999969482422</AltitudeMeters>
            <DistanceMeters>7001.009765625</DistanceMeters>
            <HeartRateBpm>
              <Value>154</Value>
            </HeartRateBpm>
            <Extensions>
              <ns3:TPX>
                <ns3:Speed>2.7339999675750732</ns3:Speed>
                <ns3:RunCadence>82</ns3:RunCadence>
              </ns3:TPX>
            </Extensions>
          </Trackpoint>
        </Track>
        <Extensions>
          <ns3:LX>
            <ns3:AvgSpeed>3.046999931335449</ns3:AvgSpeed>
            <ns3:AvgRunCadence>83</ns3:AvgRunCadence>
            <ns3:MaxRunCadence>85</ns3:MaxRunCadence>
          </ns3:LX>
        </Extensions>
      </Lap>
      <Lap StartTime="2026-01-14T18:32:24.000Z">
        <TotalTimeSeconds>2.392</TotalTimeSeconds>
        <DistanceMeters>10.24</DistanceMeters>
        <MaximumSpeed>2.753000020980835</MaximumSpeed>
        <Calories>0</Calories>
        <AverageHeartRateBpm>
          <Value>153</Value>
        </AverageHeartRateBpm>
        <MaximumHeartRateBpm>
          <Value>154</Value>
        </MaximumHeartRateBpm>
        <Intensity>Active</Intensity>
        <TriggerMethod>Manual</TriggerMethod>
        <Track>
          <Trackpoint>
            <Time>2026-01-14T18:32:25.000Z</Time>
            <Position>
              <LatitudeDegrees>38.9213883318007</LatitudeDegrees>
              <LongitudeDegrees>-6.36301995255053</LongitudeDegrees>
            </Position>
            <AltitudeMeters>211.39999389648438</AltitudeMeters>
            <DistanceMeters>7007.31982421875</DistanceMeters>
            <HeartRateBpm>
              <Value>154</Value>
            </HeartRateBpm>
            <Extensions>
              <ns3:TPX>
                <ns3:Speed>2.753000020980835</ns3:Speed>
                <ns3:RunCadence>83</ns3:RunCadence>
              </ns3:TPX>
            </Extensions>
          </Trackpoint>
          <Trackpoint>
            <Time>2026-01-14T18:32:26.000Z</Time>
            <Position>
              <LatitudeDegrees>38.92138296738267</LatitudeDegrees>
              <LongitudeDegrees>-6.363052977249026</LongitudeDegrees>
            </Position>
            <AltitudeMeters>211.39999389648438</AltitudeMeters>
            <DistanceMeters>7010.240234375</DistanceMeters>
            <HeartRateBpm>
              <Value>154</Value>
            </HeartRateBpm>
            <Extensions>
              <ns3:TPX>
                <ns3:Speed>2.753000020980835</ns3:Speed>
                <ns3:RunCadence>83</ns3:RunCadence>
              </ns3:TPX>
            </Extensions>
          </Trackpoint>
        </Track>
        <Extensions>
          <ns3:LX>
            <ns3:AvgSpeed>4.281000137329102</ns3:AvgSpeed>
            <ns3:AvgRunCadence>83</ns3:AvgRunCadence>
            <ns3:MaxRunCadence>83</ns3:MaxRunCadence>
          </ns3:LX>
        </Extensions>
      </Lap>
      <Creator xsi:type="Device_t">
        <Name>Forerunner 55</Name>
        <UnitId>3511864987</UnitId>
        <ProductID>3869</ProductID>
        <Version>
          <VersionMajor>11</VersionMajor>
          <VersionMinor>3</VersionMinor>
          <BuildMajor>0</BuildMajor>
          <BuildMinor>0</BuildMinor>
        </Version>
      </Creator>
    </Activity>
  </Activities>
  <Author xsi:type="Application_t">
    <Name>Connect Api</Name>
    <Build>
      <Version>
        <VersionMajor>25</VersionMajor>
        <VersionMinor>24</VersionMinor>
        <BuildMajor>0</BuildMajor>
        <BuildMinor>0</BuildMinor>
      </Version>
    </Build>
    <LangID>en</LangID>
    <PartNumber>006-D2449-00</PartNumber>
  </Author>
</TrainingCenterDatabase>
