<?xml version="1.0" encoding="UTF-8"?>
<TrainingCenterDatabase
  xsi:schemaLocation="http://www.garmin.com/xmlschemas/TrainingCenterDatabase/v2 http://www.garmin.com/xmlschemas/TrainingCenterDatabasev2.xsd"
  xmlns:ns5="http://www.garmin.com/xmlschemas/ActivityGoals/v1"
  xmlns:ns3="http://www.garmin.com/xmlschemas/ActivityExtension/v2"
  xmlns:ns2="http://www.garmin.com/xmlschemas/UserProfile/v2"
  xmlns="http://www.garmin.com/xmlschemas/TrainingCenterDatabase/v2"
  xmlns:xsi="http://www.w3.org/2001/XMLSchema-instance" xmlns:ns4="http://www.garmin.com/xmlschemas/ProfileExtension/v1">
  <Activities>
    <Activity Sport="Running">
      <Id>2026-01-16T09:34:05.000Z</Id>
      <Lap StartTime="2026-01-16T09:34:05.000Z">
        <TotalTimeSeconds>279.895</TotalTimeSeconds>
        <DistanceMeters>1000.0</DistanceMeters>
        <MaximumSpeed>3.86299991607666</MaximumSpeed>
        <Calories>65</Calories>
        <AverageHeartRateBpm>
          <Value>132</Value>
        </AverageHeartRateBpm>
        <MaximumHeartRateBpm>
          <Value>155</Value>
        </MaximumHeartRateBpm>
        <Intensity>Active</Intensity>
        <TriggerMethod>Manual</TriggerMethod>
        <Track>
          <Trackpoint>
            <Time>2026-01-16T09:34:05.000Z</Time>
            <Position>
              <LatitudeDegrees>38.922691298648715</LatitudeDegrees>
              <LongitudeDegrees>-6.362752402201295</LongitudeDegrees>
            </Position>
            <AltitudeMeters>206.39999389648438</AltitudeMeters>
            <DistanceMeters>0.0</DistanceMeters>
            <HeartRateBpm>
              <Value>72</Value>
            </HeartRateBpm>
            <Extensions>
              <ns3:TPX>
                <ns3:Speed>0.0</ns3:Speed>
                <ns3:RunCadence>0</ns3:RunCadence>
              </ns3:TPX>
            </Extensions>
          </Trackpoint>
          <Trackpoint>
            <Time>2026-01-16T09:34:10.000Z</Time>
            <Position>
              <LatitudeDegrees>38.92274955287576</LatitudeDegrees>
              <LongitudeDegrees>-6.36279858648777</LongitudeDegrees>
            </Position>
            <AltitudeMeters>206.0</AltitudeMeters>
            <DistanceMeters>7.829999923706055</DistanceMeters>
            <HeartRateBpm>
              <Value>70</Value>
            </HeartRateBpm>
            <Extensions>
              <ns3:TPX>
                <ns3:Speed>0.0</ns3:Speed>
                <ns3:RunCadence>0</ns3:RunCadence>
              </ns3:TPX>
            </Extensions>
          </Trackpoint>
          <Trackpoint>
            <Time>2026-01-16T09:34:15.000Z</Time>
            <Position>
              <LatitudeDegrees>38.922821218147874</LatitudeDegrees>
              <LongitudeDegrees>-6.362900258973241</LongitudeDegrees>
            </Position>
            <AltitudeMeters>206.1999969482422</AltitudeMeters>
            <DistanceMeters>19.729999542236328</DistanceMeters>
            <HeartRateBpm>
              <Value>73</Value>
            </HeartRateBpm>
            <Extensions>
              <ns3:TPX>
                <ns3:Speed>3.6579999923706055</ns3:Speed>
                <ns3:RunCadence>87</ns3:RunCadence>
              </ns3:TPX>
            </Extensions>
          </Trackpoint>
          <Trackpoint>
            <Time>2026-01-16T09:34:17.000Z</Time>
            <Position>
              <LatitudeDegrees>38.922853991389275</LatitudeDegrees>
              <LongitudeDegrees>-6.362961111590266</LongitudeDegrees>
            </Position>
            <AltitudeMeters>206.60000610351562</AltitudeMeters>
            <DistanceMeters>26.1299991607666</DistanceMeters>
            <HeartRateBpm>
              <Value>77</Value>
            </HeartRateBpm>
            <Extensions>
              <ns3:TPX>
                <ns3:Speed>2.5940001010894775</ns3:Speed>
                <ns3:RunCadence>87</ns3:RunCadence>
              </ns3:TPX>
            </Extensions>
          </Trackpoint>
          <Trackpoint>
            <Time>2026-01-16T09:34:18.000Z</Time>
            <Position>
              <LatitudeDegrees>38.9228751976043</LatitudeDegrees>
              <LongitudeDegrees>-6.3629937171936035</LongitudeDegrees>
            </Position>
            <AltitudeMeters>206.8000030517578</AltitudeMeters>
            <DistanceMeters>29.809999465942383</DistanceMeters>
            <HeartRateBpm>
              <Value>80</Value>
            </HeartRateBpm>
            <Extensions>
              <ns3:TPX>
                <ns3:Speed>2.61299991607666</ns3:Speed>
                <ns3:RunCadence>87</ns3:RunCadence>
              </ns3:TPX>
            </Extensions>
          </Trackpoint>
          <Trackpoint>
            <Time>2026-01-16T09:34:20.000Z</Time>
            <Position>
              <LatitudeDegrees>38.92291769385338</LatitudeDegrees>
              <LongitudeDegrees>-6.363059179857373</LongitudeDegrees>
            </Position>
            <AltitudeMeters>207.1999969482422</AltitudeMeters>
            <DistanceMeters>37.189998626708984</DistanceMeters>
            <HeartRateBpm>
              <Value>83</Value>
            </HeartRateBpm>
            <Extensions>
              <ns3:TPX>
                <ns3:Speed>3.0789999961853027</ns3:Speed>
                <ns3:RunCadence>89</ns3:RunCadence>
              </ns3:TPX>
            </Extensions>
          </Trackpoint>
          <Trackpoint>
            <Time>2026-01-16T09:34:22.000Z</Time>
            <Position>
              <LatitudeDegrees>38.92296337522566</LatitudeDegrees>
              <LongitudeDegrees>-6.363127157092094</LongitudeDegrees>
            </Position>
            <AltitudeMeters>207.1999969482422</AltitudeMeters>
            <DistanceMeters>44.959999084472656</DistanceMeters>
            <HeartRateBpm>
              <Value>86</Value>
            </HeartRateBpm>
            <Extensions>
              <ns3:TPX>
                <ns3:Speed>2.9670000076293945</ns3:Speed>
                <ns3:RunCadence>87</ns3:RunCadence>
              </ns3:TPX>
            </Extensions>
          </Trackpoint>
          <Trackpoint>
            <Time>2026-01-16T09:34:24.000Z</Time>
            <Position>
              <LatitudeDegrees>38.92300922423601</LatitudeDegrees>
              <LongitudeDegrees>-6.363198487088084</LongitudeDegrees>
            </Position>
            <AltitudeMeters>207.39999389648438</AltitudeMeters>
            <DistanceMeters>52.970001220703125</DistanceMeters>
            <HeartRateBpm>
              <Value>89</Value>
            </HeartRateBpm>
            <Extensions>
              <ns3:TPX>
                <ns3:Speed>3.003999948501587</ns3:Speed>
                <ns3:RunCadence>89</ns3:RunCadence>
              </ns3:TPX>
            </Extensions>
          </Trackpoint>
          <Trackpoint>
            <Time>2026-01-16T09:34:26.000Z</Time>
            <Position>
              <LatitudeDegrees>38.92305691726506</LatitudeDegrees>
              <LongitudeDegrees>-6.363271996378899</LongitudeDegrees>
            </Position>
            <AltitudeMeters>207.60000610351562</AltitudeMeters>
            <DistanceMeters>61.25</DistanceMeters>
            <HeartRateBpm>
              <Value>92</Value>
            </HeartRateBpm>
            <Extensions>
              <ns3:TPX>
                <ns3:Speed>3.246999979019165</ns3:Speed>
                <ns3:RunCadence>89</ns3:RunCadence>
              </ns3:TPX>
            </Extensions>
          </Trackpoint>
          <Trackpoint>
            <Time>2026-01-16T09:34:28.000Z</Time>
            <Position>
              <LatitudeDegrees>38.92309765331447</LatitudeDegrees>
              <LongitudeDegrees>-6.363348104059696</LongitudeDegrees>
            </Position>
            <AltitudeMeters>208.0</AltitudeMeters>
            <DistanceMeters>69.23999786376953</DistanceMeters>
            <HeartRateBpm>
              <Value>94</Value>
            </HeartRateBpm>
            <Extensions>
              <ns3:TPX>
                <ns3:Speed>3.434000015258789</ns3:Speed>
                <ns3:RunCadence>88</ns3:RunCadence>
              </ns3:TPX>
            </Extensions>
          </Trackpoint>
          <Trackpoint>
            <Time>2026-01-16T09:34:34.000Z</Time>
            <Position>
              <LatitudeDegrees>38.923220029100776</LatitudeDegrees>
              <LongitudeDegrees>-6.363571314141154</LongitudeDegrees>
            </Position>
            <AltitudeMeters>208.60000610351562</AltitudeMeters>
            <DistanceMeters>92.88999938964844</DistanceMeters>
            <HeartRateBpm>
              <Value>95</Value>
            </HeartRateBpm>
            <Extensions>
              <ns3:TPX>
                <ns3:Speed>3.694999933242798</ns3:Speed>
                <ns3:RunCadence>87</ns3:RunCadence>
              </ns3:TPX>
            </Extensions>
          </Trackpoint>
          <Trackpoint>
            <Time>2026-01-16T09:34:35.000Z</Time>
            <Position>
              <LatitudeDegrees>38.9232430793345</LatitudeDegrees>
              <LongitudeDegrees>-6.363607440143824</LongitudeDegrees>
            </Position>
            <AltitudeMeters>208.8000030517578</AltitudeMeters>
            <DistanceMeters>96.94000244140625</DistanceMeters>
            <HeartRateBpm>
              <Value>96</Value>
            </HeartRateBpm>
            <Extensions>
              <ns3:TPX>
                <ns3:Speed>3.7230000495910645</ns3:Speed>
                <ns3:RunCadence>87</ns3:RunCadence>
              </ns3:TPX>
            </Extensions>
          </Trackpoint>
          <Trackpoint>
            <Time>2026-01-16T09:34:41.000Z</Time>
            <Position>
              <LatitudeDegrees>38.923360677435994</LatitudeDegrees>
              <LongitudeDegrees>-6.363820675760508</LongitudeDegrees>
            </Position>
            <AltitudeMeters>209.39999389648438</AltitudeMeters>
            <DistanceMeters>119.58000183105469</DistanceMeters>
            <HeartRateBpm>
              <Value>96</Value>
            </HeartRateBpm>
            <Extensions>
              <ns3:TPX>
                <ns3:Speed>3.7790000438690186</ns3:Speed>
                <ns3:RunCadence>87</ns3:RunCadence>
              </ns3:TPX>
            </Extensions>
          </Trackpoint>
          <Trackpoint>
            <Time>2026-01-16T09:34:45.000Z</Time>
            <Position>
              <LatitudeDegrees>38.92343024723232</LatitudeDegrees>
              <LongitudeDegrees>-6.363969789817929</LongitudeDegrees>
            </Position>
            <AltitudeMeters>210.0</AltitudeMeters>
            <DistanceMeters>134.63999938964844</DistanceMeters>
            <HeartRateBpm>
              <Value>98</Value>
            </HeartRateBpm>
            <Extensions>
              <ns3:TPX>
                <ns3:Speed>3.806999921798706</ns3:Speed>
                <ns3:RunCadence>87</ns3:RunCadence>
              </ns3:TPX>
            </Extensions>
          </Trackpoint>
          <Trackpoint>
            <Time>2026-01-16T09:34:49.000Z</Time>
            <Position>
              <LatitudeDegrees>38.92350576817989</LatitudeDegrees>
              <LongitudeDegrees>-6.364106833934784</LongitudeDegrees>
            </Position>
            <AltitudeMeters>210.1999969482422</AltitudeMeters>
            <DistanceMeters>149.1699981689453</DistanceMeters>
            <HeartRateBpm>
              <Value>102</Value>
            </HeartRateBpm>
            <Extensions>
              <ns3:TPX>
                <ns3:Speed>3.8259999752044678</ns3:Speed>
                <ns3:RunCadence>86</ns3:RunCadence>
              </ns3:TPX>
            </Extensions>
          </Trackpoint>
          <Trackpoint>
            <Time>2026-01-16T09:34:53.000Z</Time>
            <Position>
              <LatitudeDegrees>38.923575170338154</LatitudeDegrees>
              <LongitudeDegrees>-6.364231891930103</LongitudeDegrees>
            </Position>
            <AltitudeMeters>210.0</AltitudeMeters>
            <DistanceMeters>162.42999267578125</DistanceMeters>
            <HeartRateBpm>
              <Value>106</Value>
            </HeartRateBpm>
            <Extensions>
              <ns3:TPX>
                <ns3:Speed>3.806999921798706</ns3:Speed>
                <ns3:RunCadence>87</ns3:RunCadence>
              </ns3:TPX>
            </Extensions>
          </Trackpoint>
          <Trackpoint>
            <Time>2026-01-16T09:34:54.000Z</Time>
            <Position>
              <LatitudeDegrees>38.923590928316116</LatitudeDegrees>
              <LongitudeDegrees>-6.364266173914075</LongitudeDegrees>
            </Position>
            <AltitudeMeters>210.0</AltitudeMeters>
            <DistanceMeters>165.88999938964844</DistanceMeters>
            <HeartRateBpm>
              <Value>107</Value>
            </HeartRateBpm>
            <Extensions>
              <ns3:TPX>
                <ns3:Speed>3.7980000972747803</ns3:Speed>
                <ns3:RunCadence>87</ns3:RunCadence>
              </ns3:TPX>
            </Extensions>
          </Trackpoint>
          <Trackpoint>
            <Time>2026-01-16T09:34:58.000Z</Time>
            <Position>
              <LatitudeDegrees>38.92366100102663</LatitudeDegrees>
              <LongitudeDegrees>-6.364401876926422</LongitudeDegrees>
            </Position>
            <AltitudeMeters>209.8000030517578</AltitudeMeters>
            <DistanceMeters>179.99000549316406</DistanceMeters>
            <HeartRateBpm>
              <Value>111</Value>
            </HeartRateBpm>
            <Extensions>
              <ns3:TPX>
                <ns3:Speed>3.7699999809265137</ns3:Speed>
                <ns3:RunCadence>86</ns3:RunCadence>
              </ns3:TPX>
            </Extensions>
          </Trackpoint>
          <Trackpoint>
            <Time>2026-01-16T09:35:03.000Z</Time>
            <Position>
              <LatitudeDegrees>38.92375269904733</LatitudeDegrees>
              <LongitudeDegrees>-6.364572951570153</LongitudeDegrees>
            </Position>
            <AltitudeMeters>209.39999389648438</AltitudeMeters>
            <DistanceMeters>197.9600067138672</DistanceMeters>
            <HeartRateBpm>
              <Value>113</Value>
            </HeartRateBpm>
            <Extensions>
              <ns3:TPX>
                <ns3:Speed>3.694999933242798</ns3:Speed>
                <ns3:RunCadence>85</ns3:RunCadence>
              </ns3:TPX>
            </Extensions>
          </Trackpoint>
          <Trackpoint>
            <Time>2026-01-16T09:35:07.000Z</Time>
            <Position>
              <LatitudeDegrees>38.9238282199949</LatitudeDegrees>
              <LongitudeDegrees>-6.364705972373486</LongitudeDegrees>
            </Position>
            <AltitudeMeters>209.39999389648438</AltitudeMeters>
            <DistanceMeters>212.17999267578125</DistanceMeters>
            <HeartRateBpm>
              <Value>116</Value>
            </HeartRateBpm>
            <Extensions>
              <ns3:TPX>
                <ns3:Speed>3.686000108718872</ns3:Speed>
                <ns3:RunCadence>87</ns3:RunCadence>
              </ns3:TPX>
            </Extensions>
          </Trackpoint>
          <Trackpoint>
            <Time>2026-01-16T09:35:08.000Z</Time>
            <Position>
              <LatitudeDegrees>38.92384674400091</LatitudeDegrees>
              <LongitudeDegrees>-6.364738242700696</LongitudeDegrees>
            </Position>
            <AltitudeMeters>209.60000610351562</AltitudeMeters>
            <DistanceMeters>215.64999389648438</DistanceMeters>
            <HeartRateBpm>
              <Value>119</Value>
            </HeartRateBpm>
            <Extensions>
              <ns3:TPX>
                <ns3:Speed>3.686000108718872</ns3:Speed>
                <ns3:RunCadence>87</ns3:RunCadence>
              </ns3:TPX>
            </Extensions>
          </Trackpoint>
          <Trackpoint>
            <Time>2026-01-16T09:35:09.000Z</Time>
            <Position>
              <LatitudeDegrees>38.923864513635635</LatitudeDegrees>
              <LongitudeDegrees>-6.364772189408541</LongitudeDegrees>
            </Position>
            <AltitudeMeters>209.60000610351562</AltitudeMeters>
            <DistanceMeters>219.17999267578125</DistanceMeters>
            <HeartRateBpm>
              <Value>119</Value>
            </HeartRateBpm>
            <Extensions>
              <ns3:TPX>
                <ns3:Speed>3.694999933242798</ns3:Speed>
                <ns3:RunCadence>86</ns3:RunCadence>
              </ns3:TPX>
            </Extensions>
          </Trackpoint>
          <Trackpoint>
            <Time>2026-01-16T09:35:13.000Z</Time>
            <Position>
              <LatitudeDegrees>38.923942632973194</LatitudeDegrees>
              <LongitudeDegrees>-6.364909652620554</LongitudeDegrees>
            </Position>
            <AltitudeMeters>209.0</AltitudeMeters>
            <DistanceMeters>233.88999938964844</DistanceMeters>
            <HeartRateBpm>
              <Value>122</Value>
            </HeartRateBpm>
            <Extensions>
              <ns3:TPX>
                <ns3:Speed>3.7039999961853027</ns3:Speed>
                <ns3:RunCadence>86</ns3:RunCadence>
              </ns3:TPX>
            </Extensions>
          </Trackpoint>
          <Trackpoint>
            <Time>2026-01-16T09:35:18.000Z</Time>
            <Position>
              <LatitudeDegrees>38.92403625883162</LatitudeDegrees>
              <LongitudeDegrees>-6.365078464150429</LongitudeDegrees>
            </Position>
            <AltitudeMeters>208.8000030517578</AltitudeMeters>
            <DistanceMeters>251.9600067138672</DistanceMeters>
            <HeartRateBpm>
              <Value>125</Value>
            </HeartRateBpm>
            <Extensions>
              <ns3:TPX>
                <ns3:Speed>3.7039999961853027</ns3:Speed>
                <ns3:RunCadence>85</ns3:RunCadence>
              </ns3:TPX>
            </Extensions>
          </Trackpoint>
          <Trackpoint>
            <Time>2026-01-16T09:35:23.000Z</Time>
            <Position>
              <LatitudeDegrees>38.924127873033285</LatitudeDegrees>
              <LongitudeDegrees>-6.365273259580135</LongitudeDegrees>
            </Position>
            <AltitudeMeters>209.8000030517578</AltitudeMeters>
            <DistanceMeters>271.6600036621094</DistanceMeters>
            <HeartRateBpm>
              <Value>128</Value>
            </HeartRateBpm>
            <Extensions>
              <ns3:TPX>
                <ns3:Speed>3.7139999866485596</ns3:Speed>
                <ns3:RunCadence>86</ns3:RunCadence>
              </ns3:TPX>
            </Extensions>
          </Trackpoint>
          <Trackpoint>
            <Time>2026-01-16T09:35:24.000Z</Time>
            <Position>
              <LatitudeDegrees>38.92414757050574</LatitudeDegrees>
              <LongitudeDegrees>-6.365306284278631</LongitudeDegrees>
            </Position>
            <AltitudeMeters>210.0</AltitudeMeters>
            <DistanceMeters>275.25</DistanceMeters>
            <HeartRateBpm>
              <Value>132</Value>
            </HeartRateBpm>
            <Extensions>
              <ns3:TPX>
                <ns3:Speed>3.7139999866485596</ns3:Speed>
                <ns3:RunCadence>87</ns3:RunCadence>
              </ns3:TPX>
            </Extensions>
          </Trackpoint>
          <Trackpoint>
            <Time>2026-01-16T09:35:25.000Z</Time>
            <Position>
              <LatitudeDegrees>38.92416919581592</LatitudeDegrees>
              <LongitudeDegrees>-6.365336123853922</LongitudeDegrees>
            </Position>
            <AltitudeMeters>210.1999969482422</AltitudeMeters>
            <DistanceMeters>278.7699890136719</DistanceMeters>
            <HeartRateBpm>
              <Value>132</Value>
            </HeartRateBpm>
            <Extensions>
              <ns3:TPX>
                <ns3:Speed>3.7139999866485596</ns3:Speed>
                <ns3:RunCadence>87</ns3:RunCadence>
              </ns3:TPX>
            </Extensions>
          </Trackpoint>
          <Trackpoint>
            <Time>2026-01-16T09:35:28.000Z</Time>
            <Position>
              <LatitudeDegrees>38.92423080280423</LatitudeDegrees>
              <LongitudeDegrees>-6.365428157150745</LongitudeDegrees>
            </Position>
            <AltitudeMeters>210.60000610351562</AltitudeMeters>
            <DistanceMeters>289.2300109863281</DistanceMeters>
            <HeartRateBpm>
              <Value>137</Value>
            </HeartRateBpm>
            <Extensions>
              <ns3:TPX>
                <ns3:Speed>3.7139999866485596</ns3:Speed>
                <ns3:RunCadence>87</ns3:RunCadence>
              </ns3:TPX>
            </Extensions>
          </Trackpoint>
          <Trackpoint>
            <Time>2026-01-16T09:35:29.000Z</Time>
            <Position>
              <LatitudeDegrees>38.92425083555281</LatitudeDegrees>
              <LongitudeDegrees>-6.365455398336053</LongitudeDegrees>
            </Position>
            <AltitudeMeters>210.60000610351562</AltitudeMeters>
            <DistanceMeters>292.4599914550781</DistanceMeters>
            <HeartRateBpm>
              <Value>140</Value>
            </HeartRateBpm>
            <Extensions>
              <ns3:TPX>
                <ns3:Speed>3.7139999866485596</ns3:Speed>
                <ns3:RunCadence>86</ns3:RunCadence>
              </ns3:TPX>
            </Extensions>
          </Trackpoint>
          <Trackpoint>
            <Time>2026-01-16T09:35:31.000Z</Time>
            <Position>
              <LatitudeDegrees>38.924289559945464</LatitudeDegrees>
              <LongitudeDegrees>-6.36551583185792</LongitudeDegrees>
            </Position>
            <AltitudeMeters>211.0</AltitudeMeters>
            <DistanceMeters>299.2300109863281</DistanceMeters>
            <HeartRateBpm>
              <Value>143</Value>
            </HeartRateBpm>
            <Extensions>
              <ns3:TPX>
                <ns3:Speed>3.7139999866485596</ns3:Speed>
                <ns3:RunCadence>86</ns3:RunCadence>
              </ns3:TPX>
            </Extensions>
          </Trackpoint>
          <Trackpoint>
            <Time>2026-01-16T09:35:33.000Z</Time>
            <Position>
              <LatitudeDegrees>38.92432493157685</LatitudeDegrees>
              <LongitudeDegrees>-6.365581881254911</LongitudeDegrees>
            </Position>
            <AltitudeMeters>211.39999389648438</AltitudeMeters>
            <DistanceMeters>306.1700134277344</DistanceMeters>
            <HeartRateBpm>
              <Value>145</Value>
            </HeartRateBpm>
            <Extensions>
              <ns3:TPX>
                <ns3:Speed>3.7139999866485596</ns3:Speed>
                <ns3:RunCadence>87</ns3:RunCadence>
              </ns3:TPX>
            </Extensions>
          </Trackpoint>
          <Trackpoint>
            <Time>2026-01-16T09:35:38.000Z</Time>
            <Position>
              <LatitudeDegrees>38.92440548166633</LatitudeDegrees>
              <LongitudeDegrees>-6.365746082738042</LongitudeDegrees>
            </Position>
            <AltitudeMeters>212.1999969482422</AltitudeMeters>
            <DistanceMeters>322.989990234375</DistanceMeters>
            <HeartRateBpm>
              <Value>148</Value>
            </HeartRateBpm>
            <Extensions>
              <ns3:TPX>
                <ns3:Speed>3.7039999961853027</ns3:Speed>
                <ns3:RunCadence>87</ns3:RunCadence>
              </ns3:TPX>
            </Extensions>
          </Trackpoint>
          <Trackpoint>
            <Time>2026-01-16T09:35:40.000Z</Time>
            <Position>
              <LatitudeDegrees>38.92444144003093</LatitudeDegrees>
              <LongitudeDegrees>-6.3658039178699255</LongitudeDegrees>
            </Position>
            <AltitudeMeters>212.39999389648438</AltitudeMeters>
            <DistanceMeters>329.3900146484375</DistanceMeters>
            <HeartRateBpm>
              <Value>148</Value>
            </HeartRateBpm>
            <Extensions>
              <ns3:TPX>
                <ns3:Speed>3.694999933242798</ns3:Speed>
                <ns3:RunCadence>86</ns3:RunCadence>
              </ns3:TPX>
            </Extensions>
          </Trackpoint>
          <Trackpoint>
            <Time>2026-01-16T09:35:46.000Z</Time>
            <Position>
              <LatitudeDegrees>38.924555853009224</LatitudeDegrees>
              <LongitudeDegrees>-6.365988990291953</LongitudeDegrees>
            </Position>
            <AltitudeMeters>212.0</AltitudeMeters>
            <DistanceMeters>349.8399963378906</DistanceMeters>
            <HeartRateBpm>
              <Value>150</Value>
            </HeartRateBpm>
            <Extensions>
              <ns3:TPX>
                <ns3:Speed>3.6670000553131104</ns3:Speed>
                <ns3:RunCadence>87</ns3:RunCadence>
              </ns3:TPX>
            </Extensions>
          </Trackpoint>
          <Trackpoint>
            <Time>2026-01-16T09:35:48.000Z</Time>
            <Position>
              <LatitudeDegrees>38.924590637907386</LatitudeDegrees>
              <LongitudeDegrees>-6.366054369136691</LongitudeDegrees>
            </Position>
            <AltitudeMeters>211.8000030517578</AltitudeMeters>
            <DistanceMeters>356.6600036621094</DistanceMeters>
            <HeartRateBpm>
              <Value>152</Value>
            </HeartRateBpm>
            <Extensions>
              <ns3:TPX>
                <ns3:Speed>3.6480000019073486</ns3:Speed>
                <ns3:RunCadence>89</ns3:RunCadence>
              </ns3:TPX>
            </Extensions>
          </Trackpoint>
          <Trackpoint>
            <Time>2026-01-16T09:35:54.000Z</Time>
            <Position>
              <LatitudeDegrees>38.924600863829255</LatitudeDegrees>
              <LongitudeDegrees>-6.366289146244526</LongitudeDegrees>
            </Position>
            <AltitudeMeters>212.60000610351562</AltitudeMeters>
            <DistanceMeters>377.2799987792969</DistanceMeters>
            <HeartRateBpm>
              <Value>149</Value>
            </HeartRateBpm>
            <Extensions>
              <ns3:TPX>
                <ns3:Speed>3.6110000610351562</ns3:Speed>
                <ns3:RunCadence>88</ns3:RunCadence>
              </ns3:TPX>
            </Extensions>
          </Trackpoint>
          <Trackpoint>
            <Time>2026-01-16T09:35:59.000Z</Time>
            <Position>
              <LatitudeDegrees>38.924649730324745</LatitudeDegrees>
              <LongitudeDegrees>-6.3664977718144655</LongitudeDegrees>
            </Position>
            <AltitudeMeters>213.8000030517578</AltitudeMeters>
            <DistanceMeters>396.75</DistanceMeters>
            <HeartRateBpm>
              <Value>147</Value>
            </HeartRateBpm>
            <Extensions>
              <ns3:TPX>
                <ns3:Speed>3.6019999980926514</ns3:Speed>
                <ns3:RunCadence>86</ns3:RunCadence>
              </ns3:TPX>
            </Extensions>
          </Trackpoint>
          <Trackpoint>
            <Time>2026-01-16T09:36:00.000Z</Time>
            <Position>
              <LatitudeDegrees>38.92467152327299</LatitudeDegrees>
              <LongitudeDegrees>-6.366532472893596</LongitudeDegrees>
            </Position>
            <AltitudeMeters>214.0</AltitudeMeters>
            <DistanceMeters>400.6099853515625</DistanceMeters>
            <HeartRateBpm>
              <Value>150</Value>
            </HeartRateBpm>
            <Extensions>
              <ns3:TPX>
                <ns3:Speed>3.6019999980926514</ns3:Speed>
                <ns3:RunCadence>85</ns3:RunCadence>
              </ns3:TPX>
            </Extensions>
          </Trackpoint>
          <Trackpoint>
            <Time>2026-01-16T09:36:04.000Z</Time>
            <Position>
              <LatitudeDegrees>38.924787947908044</LatitudeDegrees>
              <LongitudeDegrees>-6.366621907800436</LongitudeDegrees>
            </Position>
            <AltitudeMeters>214.1999969482422</AltitudeMeters>
            <DistanceMeters>415.8800048828125</DistanceMeters>
            <HeartRateBpm>
              <Value>151</Value>
            </HeartRateBpm>
            <Extensions>
              <ns3:TPX>
                <ns3:Speed>3.6019999980926514</ns3:Speed>
                <ns3:RunCadence>87</ns3:RunCadence>
              </ns3:TPX>
            </Extensions>
          </Trackpoint>
          <Trackpoint>
            <Time>2026-01-16T09:36:09.000Z</Time>
            <Position>
              <LatitudeDegrees>38.92495625652373</LatitudeDegrees>
              <LongitudeDegrees>-6.3667133543640375</LongitudeDegrees>
            </Position>
            <AltitudeMeters>213.8000030517578</AltitudeMeters>
            <DistanceMeters>436.1600036621094</DistanceMeters>
            <HeartRateBpm>
              <Value>149</Value>
            </HeartRateBpm>
            <Extensions>
              <ns3:TPX>
                <ns3:Speed>3.619999885559082</ns3:Speed>
                <ns3:RunCadence>88</ns3:RunCadence>
              </ns3:TPX>
            </Extensions>
          </Trackpoint>
          <Trackpoint>
            <Time>2026-01-16T09:36:10.000Z</Time>
            <Position>
              <LatitudeDegrees>38.924983413890004</LatitudeDegrees>
              <LongitudeDegrees>-6.366742607206106</LongitudeDegrees>
            </Position>
            <AltitudeMeters>213.8000030517578</AltitudeMeters>
            <DistanceMeters>440.07000732421875</DistanceMeters>
            <HeartRateBpm>
              <Value>150</Value>
            </HeartRateBpm>
            <Extensions>
              <ns3:TPX>
                <ns3:Speed>3.630000114440918</ns3:Speed>
                <ns3:RunCadence>86</ns3:RunCadence>
              </ns3:TPX>
            </Extensions>
          </Trackpoint>
          <Trackpoint>
            <Time>2026-01-16T09:36:16.000Z</Time>
            <Position>
              <LatitudeDegrees>38.925114925950766</LatitudeDegrees>
              <LongitudeDegrees>-6.366955004632473</LongitudeDegrees>
            </Position>
            <AltitudeMeters>213.1999969482422</AltitudeMeters>
            <DistanceMeters>463.5799865722656</DistanceMeters>
            <HeartRateBpm>
              <Value>151</Value>
            </HeartRateBpm>
            <Extensions>
              <ns3:TPX>
                <ns3:Speed>3.6579999923706055</ns3:Speed>
                <ns3:RunCadence>88</ns3:RunCadence>
              </ns3:TPX>
            </Extensions>
          </Trackpoint>
          <Trackpoint>
            <Time>2026-01-16T09:36:17.000Z</Time>
            <Position>
              <LatitudeDegrees>38.92513671889901</LatitudeDegrees>
              <LongitudeDegrees>-6.366991465911269</LongitudeDegrees>
            </Position>
            <AltitudeMeters>213.1999969482422</AltitudeMeters>
            <DistanceMeters>467.55999755859375</DistanceMeters>
            <HeartRateBpm>
              <Value>151</Value>
            </HeartRateBpm>
            <Extensions>
              <ns3:TPX>
                <ns3:Speed>3.6670000553131104</ns3:Speed>
                <ns3:RunCadence>88</ns3:RunCadence>
              </ns3:TPX>
            </Extensions>
          </Trackpoint>
          <Trackpoint>
            <Time>2026-01-16T09:36:23.000Z</Time>
            <Position>
              <LatitudeDegrees>38.92526965588331</LatitudeDegrees>
              <LongitudeDegrees>-6.367200426757336</LongitudeDegrees>
            </Position>
            <AltitudeMeters>211.1999969482422</AltitudeMeters>
            <DistanceMeters>490.95001220703125</DistanceMeters>
            <HeartRateBpm>
              <Value>149</Value>
            </HeartRateBpm>
            <Extensions>
              <ns3:TPX>
                <ns3:Speed>3.7230000495910645</ns3:Speed>
                <ns3:RunCadence>85</ns3:RunCadence>
              </ns3:TPX>
            </Extensions>
          </Trackpoint>
          <Trackpoint>
            <Time>2026-01-16T09:36:24.000Z</Time>
            <Position>
              <LatitudeDegrees>38.92529044300318</LatitudeDegrees>
              <LongitudeDegrees>-6.367232780903578</LongitudeDegrees>
            </Position>
            <AltitudeMeters>210.8000030517578</AltitudeMeters>
            <DistanceMeters>494.5799865722656</DistanceMeters>
            <HeartRateBpm>
              <Value>146</Value>
            </HeartRateBpm>
            <Extensions>
              <ns3:TPX>
                <ns3:Speed>3.7320001125335693</ns3:Speed>
                <ns3:RunCadence>85</ns3:RunCadence>
              </ns3:TPX>
            </Extensions>
          </Trackpoint>
          <Trackpoint>
            <Time>2026-01-16T09:36:25.000Z</Time>
            <Position>
              <LatitudeDegrees>38.92531139776111</LatitudeDegrees>
              <LongitudeDegrees>-6.367268990725279</LongitudeDegrees>
            </Position>
            <AltitudeMeters>210.60000610351562</AltitudeMeters>
            <DistanceMeters>498.4800109863281</DistanceMeters>
            <HeartRateBpm>
              <Value>149</Value>
            </HeartRateBpm>
            <Extensions>
              <ns3:TPX>
                <ns3:Speed>3.7320001125335693</ns3:Speed>
                <ns3:RunCadence>86</ns3:RunCadence>
              </ns3:TPX>
            </Extensions>
          </Trackpoint>
          <Trackpoint>
            <Time>2026-01-16T09:36:26.000Z</Time>
            <Position>
              <LatitudeDegrees>38.925331346690655</LatitudeDegrees>
              <LongitudeDegrees>-6.367304949089885</LongitudeDegrees>
            </Position>
            <AltitudeMeters>210.60000610351562</AltitudeMeters>
            <DistanceMeters>502.30999755859375</DistanceMeters>
            <HeartRateBpm>
              <Value>149</Value>
            </HeartRateBpm>
            <Extensions>
              <ns3:TPX>
                <ns3:Speed>3.742000102996826</ns3:Speed>
                <ns3:RunCadence>86</ns3:RunCadence>
              </ns3:TPX>
            </Extensions>
          </Trackpoint>
          <Trackpoint>
            <Time>2026-01-16T09:36:32.000Z</Time>
            <Position>
              <LatitudeDegrees>38.925428073853254</LatitudeDegrees>
              <LongitudeDegrees>-6.367524890229106</LongitudeDegrees>
            </Position>
            <AltitudeMeters>210.60000610351562</AltitudeMeters>
            <DistanceMeters>524.2000122070312</DistanceMeters>
            <HeartRateBpm>
              <Value>149</Value>
            </HeartRateBpm>
            <Extensions>
              <ns3:TPX>
                <ns3:Speed>3.759999990463257</ns3:Speed>
                <ns3:RunCadence>86</ns3:RunCadence>
              </ns3:TPX>
            </Extensions>
          </Trackpoint>
          <Trackpoint>
            <Time>2026-01-16T09:36:34.000Z</Time>
            <Position>
              <LatitudeDegrees>38.92546788789332</LatitudeDegrees>
              <LongitudeDegrees>-6.367597980424762</LongitudeDegrees>
            </Position>
            <AltitudeMeters>210.1999969482422</AltitudeMeters>
            <DistanceMeters>531.9199829101562</DistanceMeters>
            <HeartRateBpm>
              <Value>148</Value>
            </HeartRateBpm>
            <Extensions>
              <ns3:TPX>
                <ns3:Speed>3.759999990463257</ns3:Speed>
                <ns3:RunCadence>86</ns3:RunCadence>
              </ns3:TPX>
            </Extensions>
          </Trackpoint>
          <Trackpoint>
            <Time>2026-01-16T09:36:40.000Z</Time>
            <Position>
              <LatitudeDegrees>38.92558330669999</LatitudeDegrees>
              <LongitudeDegrees>-6.367810880765319</LongitudeDegrees>
            </Position>
            <AltitudeMeters>210.0</AltitudeMeters>
            <DistanceMeters>554.4000244140625</DistanceMeters>
            <HeartRateBpm>
              <Value>146</Value>
            </HeartRateBpm>
            <Extensions>
              <ns3:TPX>
                <ns3:Speed>3.7790000438690186</ns3:Speed>
                <ns3:RunCadence>87</ns3:RunCadence>
              </ns3:TPX>
            </Extensions>
          </Trackpoint>
          <Trackpoint>
            <Time>2026-01-16T09:36:46.000Z</Time>
            <Position>
              <LatitudeDegrees>38.92570970579982</LatitudeDegrees>
              <LongitudeDegrees>-6.368020260706544</LongitudeDegrees>
            </Position>
            <AltitudeMeters>209.8000030517578</AltitudeMeters>
            <DistanceMeters>577.3599853515625</DistanceMeters>
            <HeartRateBpm>
              <Value>146</Value>
            </HeartRateBpm>
            <Extensions>
              <ns3:TPX>
                <ns3:Speed>3.7880001068115234</ns3:Speed>
                <ns3:RunCadence>86</ns3:RunCadence>
              </ns3:TPX>
            </Extensions>
          </Trackpoint>
          <Trackpoint>
            <Time>2026-01-16T09:36:52.000Z</Time>
            <Position>
              <LatitudeDegrees>38.92583107575774</LatitudeDegrees>
              <LongitudeDegrees>-6.368221426382661</LongitudeDegrees>
            </Position>
            <AltitudeMeters>209.8000030517578</AltitudeMeters>
            <DistanceMeters>599.4099731445312</DistanceMeters>
            <HeartRateBpm>
              <Value>145</Value>
            </HeartRateBpm>
            <Extensions>
              <ns3:TPX>
                <ns3:Speed>3.7980000972747803</ns3:Speed>
                <ns3:RunCadence>87</ns3:RunCadence>
              </ns3:TPX>
            </Extensions>
          </Trackpoint>
          <Trackpoint>
            <Time>2026-01-16T09:36:54.000Z</Time>
            <Position>
              <LatitudeDegrees>38.92586728557944</LatitudeDegrees>
              <LongitudeDegrees>-6.3682889845222235</LongitudeDegrees>
            </Position>
            <AltitudeMeters>209.60000610351562</AltitudeMeters>
            <DistanceMeters>606.52001953125</DistanceMeters>
            <HeartRateBpm>
              <Value>144</Value>
            </HeartRateBpm>
            <Extensions>
              <ns3:TPX>
                <ns3:Speed>3.7980000972747803</ns3:Speed>
                <ns3:RunCadence>86</ns3:RunCadence>
              </ns3:TPX>
            </Extensions>
          </Trackpoint>
          <Trackpoint>
            <Time>2026-01-16T09:37:00.000Z</Time>
            <Position>
              <LatitudeDegrees>38.92597599886358</LatitudeDegrees>
              <LongitudeDegrees>-6.3684948440641165</LongitudeDegrees>
            </Position>
            <AltitudeMeters>208.8000030517578</AltitudeMeters>
            <DistanceMeters>628.0800170898438</DistanceMeters>
            <HeartRateBpm>
              <Value>144</Value>
            </HeartRateBpm>
            <Extensions>
              <ns3:TPX>
                <ns3:Speed>3.7880001068115234</ns3:Speed>
                <ns3:RunCadence>87</ns3:RunCadence>
              </ns3:TPX>
            </Extensions>
          </Trackpoint>
          <Trackpoint>
            <Time>2026-01-16T09:37:03.000Z</Time>
            <Position>
              <LatitudeDegrees>38.92602696083486</LatitudeDegrees>
              <LongitudeDegrees>-6.368606323376298</LongitudeDegrees>
            </Position>
            <AltitudeMeters>208.60000610351562</AltitudeMeters>
            <DistanceMeters>639.280029296875</DistanceMeters>
            <HeartRateBpm>
              <Value>143</Value>
            </HeartRateBpm>
            <Extensions>
              <ns3:TPX>
                <ns3:Speed>3.7880001068115234</ns3:Speed>
                <ns3:RunCadence>88</ns3:RunCadence>
              </ns3:TPX>
            </Extensions>
          </Trackpoint>
          <Trackpoint>
            <Time>2026-01-16T09:37:09.000Z</Time>
            <Position>
              <LatitudeDegrees>38.926132740452886</LatitudeDegrees>
              <LongitudeDegrees>-6.368827354162931</LongitudeDegrees>
            </Position>
            <AltitudeMeters>209.60000610351562</AltitudeMeters>
            <DistanceMeters>661.760009765625</DistanceMeters>
            <HeartRateBpm>
              <Value>140</Value>
            </HeartRateBpm>
            <Extensions>
              <ns3:TPX>
                <ns3:Speed>3.7790000438690186</ns3:Speed>
                <ns3:RunCadence>88</ns3:RunCadence>
              </ns3:TPX>
            </Extensions>
          </Trackpoint>
          <Trackpoint>
            <Time>2026-01-16T09:37:10.000Z</Time>
            <Position>
              <LatitudeDegrees>38.92615000717342</LatitudeDegrees>
              <LongitudeDegrees>-6.36886440217495</LongitudeDegrees>
            </Position>
            <AltitudeMeters>209.8000030517578</AltitudeMeters>
            <DistanceMeters>665.5</DistanceMeters>
            <HeartRateBpm>
              <Value>143</Value>
            </HeartRateBpm>
            <Extensions>
              <ns3:TPX>
                <ns3:Speed>3.7790000438690186</ns3:Speed>
                <ns3:RunCadence>87</ns3:RunCadence>
              </ns3:TPX>
            </Extensions>
          </Trackpoint>
          <Trackpoint>
            <Time>2026-01-16T09:37:12.000Z</Time>
            <Position>
              <LatitudeDegrees>38.92618529498577</LatitudeDegrees>
              <LongitudeDegrees>-6.368942437693477</LongitudeDegrees>
            </Position>
            <AltitudeMeters>210.1999969482422</AltitudeMeters>
            <DistanceMeters>673.3200073242188</DistanceMeters>
            <HeartRateBpm>
              <Value>142</Value>
            </HeartRateBpm>
            <Extensions>
              <ns3:TPX>
                <ns3:Speed>3.7790000438690186</ns3:Speed>
                <ns3:RunCadence>87</ns3:RunCadence>
              </ns3:TPX>
            </Extensions>
          </Trackpoint>
          <Trackpoint>
            <Time>2026-01-16T09:37:15.000Z</Time>
            <Position>
              <LatitudeDegrees>38.92622980289161</LatitudeDegrees>
              <LongitudeDegrees>-6.369049306958914</LongitudeDegrees>
            </Position>
            <AltitudeMeters>210.39999389648438</AltitudeMeters>
            <DistanceMeters>683.8400268554688</DistanceMeters>
            <HeartRateBpm>
              <Value>147</Value>
            </HeartRateBpm>
            <Extensions>
              <ns3:TPX>
                <ns3:Speed>3.7790000438690186</ns3:Speed>
                <ns3:RunCadence>87</ns3:RunCadence>
              </ns3:TPX>
            </Extensions>
          </Trackpoint>
          <Trackpoint>
            <Time>2026-01-16T09:37:17.000Z</Time>
            <Position>
              <LatitudeDegrees>38.9262596424669</LatitudeDegrees>
              <LongitudeDegrees>-6.36912533082068</LongitudeDegrees>
            </Position>
            <AltitudeMeters>210.8000030517578</AltitudeMeters>
            <DistanceMeters>691.219970703125</DistanceMeters>
            <HeartRateBpm>
              <Value>150</Value>
            </HeartRateBpm>
            <Extensions>
              <ns3:TPX>
                <ns3:Speed>3.7790000438690186</ns3:Speed>
                <ns3:RunCadence>87</ns3:RunCadence>
              </ns3:TPX>
            </Extensions>
          </Trackpoint>
          <Trackpoint>
            <Time>2026-01-16T09:37:18.000Z</Time>
            <Position>
              <LatitudeDegrees>38.92627431079745</LatitudeDegrees>
              <LongitudeDegrees>-6.36916246265173</LongitudeDegrees>
            </Position>
            <AltitudeMeters>211.0</AltitudeMeters>
            <DistanceMeters>694.8300170898438</DistanceMeters>
            <HeartRateBpm>
              <Value>151</Value>
            </HeartRateBpm>
            <Extensions>
              <ns3:TPX>
                <ns3:Speed>3.7790000438690186</ns3:Speed>
                <ns3:RunCadence>87</ns3:RunCadence>
              </ns3:TPX>
            </Extensions>
          </Trackpoint>
          <Trackpoint>
            <Time>2026-01-16T09:37:22.000Z</Time>
            <Position>
              <LatitudeDegrees>38.926336001604795</LatitudeDegrees>
              <LongitudeDegrees>-6.369307804852724</LongitudeDegrees>
            </Position>
            <AltitudeMeters>211.39999389648438</AltitudeMeters>
            <DistanceMeters>709.2100219726562</DistanceMeters>
            <HeartRateBpm>
              <Value>154</Value>
            </HeartRateBpm>
            <Extensions>
              <ns3:TPX>
                <ns3:Speed>3.7790000438690186</ns3:Speed>
                <ns3:RunCadence>87</ns3:RunCadence>
              </ns3:TPX>
            </Extensions>
          </Trackpoint>
          <Trackpoint>
            <Time>2026-01-16T09:37:25.000Z</Time>
            <Position>
              <LatitudeDegrees>38.92637187615037</LatitudeDegrees>
              <LongitudeDegrees>-6.369414171203971</LongitudeDegrees>
            </Position>
            <AltitudeMeters>211.39999389648438</AltitudeMeters>
            <DistanceMeters>719.260009765625</DistanceMeters>
            <HeartRateBpm>
              <Value>155</Value>
            </HeartRateBpm>
            <Extensions>
              <ns3:TPX>
                <ns3:Speed>3.7699999809265137</ns3:Speed>
                <ns3:RunCadence>87</ns3:RunCadence>
              </ns3:TPX>
            </Extensions>
          </Trackpoint>
          <Trackpoint>
            <Time>2026-01-16T09:37:30.000Z</Time>
            <Position>
              <LatitudeDegrees>38.92644362524152</LatitudeDegrees>
              <LongitudeDegrees>-6.36955632828176</LongitudeDegrees>
            </Position>
            <AltitudeMeters>211.0</AltitudeMeters>
            <DistanceMeters>733.9000244140625</DistanceMeters>
            <HeartRateBpm>
              <Value>155</Value>
            </HeartRateBpm>
            <Extensions>
              <ns3:TPX>
                <ns3:Speed>3.7320001125335693</ns3:Speed>
                <ns3:RunCadence>85</ns3:RunCadence>
              </ns3:TPX>
            </Extensions>
          </Trackpoint>
          <Trackpoint>
            <Time>2026-01-16T09:37:34.000Z</Time>
            <Position>
              <LatitudeDegrees>38.92647824250162</LatitudeDegrees>
              <LongitudeDegrees>-6.3696872536093</LongitudeDegrees>
            </Position>
            <AltitudeMeters>210.39999389648438</AltitudeMeters>
            <DistanceMeters>745.8699951171875</DistanceMeters>
            <HeartRateBpm>
              <Value>155</Value>
            </HeartRateBpm>
            <Extensions>
              <ns3:TPX>
                <ns3:Speed>3.4709999561309814</ns3:Speed>
                <ns3:RunCadence>85</ns3:RunCadence>
              </ns3:TPX>
            </Extensions>
          </Trackpoint>
          <Trackpoint>
            <Time>2026-01-16T09:37:40.000Z</Time>
            <Position>
              <LatitudeDegrees>38.92655334435403</LatitudeDegrees>
              <LongitudeDegrees>-6.369926054030657</LongitudeDegrees>
            </Position>
            <AltitudeMeters>208.8000030517578</AltitudeMeters>
            <DistanceMeters>768.219970703125</DistanceMeters>
            <HeartRateBpm>
              <Value>154</Value>
            </HeartRateBpm>
            <Extensions>
              <ns3:TPX>
                <ns3:Speed>3.4059998989105225</ns3:Speed>
                <ns3:RunCadence>87</ns3:RunCadence>
              </ns3:TPX>
            </Extensions>
          </Trackpoint>
          <Trackpoint>
            <Time>2026-01-16T09:37:41.000Z</Time>
            <Position>
              <LatitudeDegrees>38.926574466750026</LatitudeDegrees>
              <LongitudeDegrees>-6.370006939396262</LongitudeDegrees>
            </Position>
            <AltitudeMeters>208.60000610351562</AltitudeMeters>
            <DistanceMeters>775.5999755859375</DistanceMeters>
            <HeartRateBpm>
              <Value>154</Value>
            </HeartRateBpm>
            <Extensions>
              <ns3:TPX>
                <ns3:Speed>3.4800000190734863</ns3:Speed>
                <ns3:RunCadence>87</ns3:RunCadence>
              </ns3:TPX>
            </Extensions>
          </Trackpoint>
          <Trackpoint>
            <Time>2026-01-16T09:37:48.000Z</Time>
            <Position>
              <LatitudeDegrees>38.92665124498308</LatitudeDegrees>
              <LongitudeDegrees>-6.370223695412278</LongitudeDegrees>
            </Position>
            <AltitudeMeters>208.39999389648438</AltitudeMeters>
            <DistanceMeters>796.3499755859375</DistanceMeters>
            <HeartRateBpm>
              <Value>154</Value>
            </HeartRateBpm>
            <Extensions>
              <ns3:TPX>
                <ns3:Speed>3.5739998817443848</ns3:Speed>
                <ns3:RunCadence>87</ns3:RunCadence>
              </ns3:TPX>
            </Extensions>
          </Trackpoint>
          <Trackpoint>
            <Time>2026-01-16T09:37:49.000Z</Time>
            <Position>
              <LatitudeDegrees>38.9266655780375</LatitudeDegrees>
              <LongitudeDegrees>-6.370249930769205</LongitudeDegrees>
            </Position>
            <AltitudeMeters>208.39999389648438</AltitudeMeters>
            <DistanceMeters>799.1300048828125</DistanceMeters>
            <HeartRateBpm>
              <Value>154</Value>
            </HeartRateBpm>
            <Extensions>
              <ns3:TPX>
                <ns3:Speed>3.5739998817443848</ns3:Speed>
                <ns3:RunCadence>87</ns3:RunCadence>
              </ns3:TPX>
            </Extensions>
          </Trackpoint>
          <Trackpoint>
            <Time>2026-01-16T09:37:54.000Z</Time>
            <Position>
              <LatitudeDegrees>38.92672123387456</LatitudeDegrees>
              <LongitudeDegrees>-6.3704324048012495</LongitudeDegrees>
            </Position>
            <AltitudeMeters>208.1999969482422</AltitudeMeters>
            <DistanceMeters>816.280029296875</DistanceMeters>
            <HeartRateBpm>
              <Value>154</Value>
            </HeartRateBpm>
            <Extensions>
              <ns3:TPX>
                <ns3:Speed>3.490000009536743</ns3:Speed>
                <ns3:RunCadence>87</ns3:RunCadence>
              </ns3:TPX>
            </Extensions>
          </Trackpoint>
          <Trackpoint>
            <Time>2026-01-16T09:38:00.000Z</Time>
            <Position>
              <LatitudeDegrees>38.926785020157695</LatitudeDegrees>
              <LongitudeDegrees>-6.370659805834293</LongitudeDegrees>
            </Position>
            <AltitudeMeters>207.39999389648438</AltitudeMeters>
            <DistanceMeters>837.22998046875</DistanceMeters>
            <HeartRateBpm>
              <Value>154</Value>
            </HeartRateBpm>
            <Extensions>
              <ns3:TPX>
                <ns3:Speed>3.4800000190734863</ns3:Speed>
                <ns3:RunCadence>86</ns3:RunCadence>
              </ns3:TPX>
            </Extensions>
          </Trackpoint>
          <Trackpoint>
            <Time>2026-01-16T09:38:01.000Z</Time>
            <Position>
              <LatitudeDegrees>38.92679264768958</LatitudeDegrees>
              <LongitudeDegrees>-6.370695596560836</LongitudeDegrees>
            </Position>
            <AltitudeMeters>207.39999389648438</AltitudeMeters>
            <DistanceMeters>840.4500122070312</DistanceMeters>
            <HeartRateBpm>
              <Value>154</Value>
            </HeartRateBpm>
            <Extensions>
              <ns3:TPX>
                <ns3:Speed>3.4240000247955322</ns3:Speed>
                <ns3:RunCadence>86</ns3:RunCadence>
              </ns3:TPX>
            </Extensions>
          </Trackpoint>
          <Trackpoint>
            <Time>2026-01-16T09:41:05.000Z</Time>
            <Position>
              <LatitudeDegrees>38.92730084247887</LatitudeDegrees>
              <LongitudeDegrees>-6.373770497739315</LongitudeDegrees>
            </Position>
            <AltitudeMeters>208.1999969482422</AltitudeMeters>
            <DistanceMeters>840.4500122070312</DistanceMeters>
            <HeartRateBpm>
              <Value>112</Value>
            </HeartRateBpm>
            <Extensions>
              <ns3:TPX>
                <ns3:Speed>1.8009999990463257</ns3:Speed>
                <ns3:RunCadence>83</ns3:RunCadence>
              </ns3:TPX>
            </Extensions>
          </Trackpoint>
          <Trackpoint>
            <Time>2026-01-16T09:41:06.000Z</Time>
            <Position>
              <LatitudeDegrees>38.927314756438136</LatitudeDegrees>
              <LongitudeDegrees>-6.373782819136977</LongitudeDegrees>
            </Position>
            <AltitudeMeters>208.1999969482422</AltitudeMeters>
            <DistanceMeters>842.3099975585938</DistanceMeters>
            <HeartRateBpm>
              <Value>112</Value>
            </HeartRateBpm>
            <Extensions>
              <ns3:TPX>
                <ns3:Speed>2.3329999446868896</ns3:Speed>
                <ns3:RunCadence>83</ns3:RunCadence>
              </ns3:TPX>
            </Extensions>
          </Trackpoint>
          <Trackpoint>
            <Time>2026-01-16T09:41:09.000Z</Time>
            <Position>
              <LatitudeDegrees>38.92734736204147</LatitudeDegrees>
              <LongitudeDegrees>-6.373876193538308</LongitudeDegrees>
            </Position>
            <AltitudeMeters>208.0</AltitudeMeters>
            <DistanceMeters>851.219970703125</DistanceMeters>
            <HeartRateBpm>
              <Value>113</Value>
            </HeartRateBpm>
            <Extensions>
              <ns3:TPX>
                <ns3:Speed>2.1089999675750732</ns3:Speed>
                <ns3:RunCadence>80</ns3:RunCadence>
              </ns3:TPX>
            </Extensions>
          </Trackpoint>
          <Trackpoint>
            <Time>2026-01-16T09:41:13.000Z</Time>
            <Position>
              <LatitudeDegrees>38.92743134871125</LatitudeDegrees>
              <LongitudeDegrees>-6.374005191028118</LongitudeDegrees>
            </Position>
            <AltitudeMeters>207.8000030517578</AltitudeMeters>
            <DistanceMeters>865.9000244140625</DistanceMeters>
            <HeartRateBpm>
              <Value>117</Value>
            </HeartRateBpm>
            <Extensions>
              <ns3:TPX>
                <ns3:Speed>3.25600004196167</ns3:Speed>
                <ns3:RunCadence>87</ns3:RunCadence>
              </ns3:TPX>
            </Extensions>
          </Trackpoint>
          <Trackpoint>
            <Time>2026-01-16T09:41:14.000Z</Time>
            <Position>
              <LatitudeDegrees>38.927455907687545</LatitudeDegrees>
              <LongitudeDegrees>-6.374032096937299</LongitudeDegrees>
            </Position>
            <AltitudeMeters>207.8000030517578</AltitudeMeters>
            <DistanceMeters>869.47998046875</DistanceMeters>
            <HeartRateBpm>
              <Value>119</Value>
            </HeartRateBpm>
            <Extensions>
              <ns3:TPX>
                <ns3:Speed>3.25600004196167</ns3:Speed>
                <ns3:RunCadence>87</ns3:RunCadence>
              </ns3:TPX>
            </Extensions>
          </Trackpoint>
          <Trackpoint>
            <Time>2026-01-16T09:41:16.000Z</Time>
            <Position>
              <LatitudeDegrees>38.927498487755656</LatitudeDegrees>
              <LongitudeDegrees>-6.374093368649483</LongitudeDegrees>
            </Position>
            <AltitudeMeters>207.1999969482422</AltitudeMeters>
            <DistanceMeters>876.6099853515625</DistanceMeters>
            <HeartRateBpm>
              <Value>123</Value>
            </HeartRateBpm>
            <Extensions>
              <ns3:TPX>
                <ns3:Speed>3.2750000953674316</ns3:Speed>
                <ns3:RunCadence>86</ns3:RunCadence>
              </ns3:TPX>
            </Extensions>
          </Trackpoint>
          <Trackpoint>
            <Time>2026-01-16T09:41:18.000Z</Time>
            <Position>
              <LatitudeDegrees>38.92752656713128</LatitudeDegrees>
              <LongitudeDegrees>-6.374164447188377</LongitudeDegrees>
            </Position>
            <AltitudeMeters>207.1999969482422</AltitudeMeters>
            <DistanceMeters>883.52001953125</DistanceMeters>
            <HeartRateBpm>
              <Value>126</Value>
            </HeartRateBpm>
            <Extensions>
              <ns3:TPX>
                <ns3:Speed>3.1540000438690186</ns3:Speed>
                <ns3:RunCadence>87</ns3:RunCadence>
              </ns3:TPX>
            </Extensions>
          </Trackpoint>
          <Trackpoint>
            <Time>2026-01-16T09:41:19.000Z</Time>
            <Position>
              <LatitudeDegrees>38.92753285355866</LatitudeDegrees>
              <LongitudeDegrees>-6.374202249571681</LongitudeDegrees>
            </Position>
            <AltitudeMeters>207.1999969482422</AltitudeMeters>
            <DistanceMeters>886.8699951171875</DistanceMeters>
            <HeartRateBpm>
              <Value>127</Value>
            </HeartRateBpm>
            <Extensions>
              <ns3:TPX>
                <ns3:Speed>3.1540000438690186</ns3:Speed>
                <ns3:RunCadence>87</ns3:RunCadence>
              </ns3:TPX>
            </Extensions>
          </Trackpoint>
          <Trackpoint>
            <Time>2026-01-16T09:41:23.000Z</Time>
            <Position>
              <LatitudeDegrees>38.92751441337168</LatitudeDegrees>
              <LongitudeDegrees>-6.374363768845797</LongitudeDegrees>
            </Position>
            <AltitudeMeters>207.60000610351562</AltitudeMeters>
            <DistanceMeters>901.1900024414062</DistanceMeters>
            <HeartRateBpm>
              <Value>130</Value>
            </HeartRateBpm>
            <Extensions>
              <ns3:TPX>
                <ns3:Speed>3.368000030517578</ns3:Speed>
                <ns3:RunCadence>88</ns3:RunCadence>
              </ns3:TPX>
            </Extensions>
          </Trackpoint>
          <Trackpoint>
            <Time>2026-01-16T09:41:24.000Z</Time>
            <Position>
              <LatitudeDegrees>38.9274962246418</LatitudeDegrees>
              <LongitudeDegrees>-6.374402828514576</LongitudeDegrees>
            </Position>
            <AltitudeMeters>207.8000030517578</AltitudeMeters>
            <DistanceMeters>905.1300048828125</DistanceMeters>
            <HeartRateBpm>
              <Value>130</Value>
            </HeartRateBpm>
            <Extensions>
              <ns3:TPX>
                <ns3:Speed>3.4240000247955322</ns3:Speed>
                <ns3:RunCadence>88</ns3:RunCadence>
              </ns3:TPX>
            </Extensions>
          </Trackpoint>
          <Trackpoint>
            <Time>2026-01-16T09:41:28.000Z</Time>
            <Position>
              <LatitudeDegrees>38.92743017524481</LatitudeDegrees>
              <LongitudeDegrees>-6.374547500163317</LongitudeDegrees>
            </Position>
            <AltitudeMeters>208.8000030517578</AltitudeMeters>
            <DistanceMeters>919.75</DistanceMeters>
            <HeartRateBpm>
              <Value>133</Value>
            </HeartRateBpm>
            <Extensions>
              <ns3:TPX>
                <ns3:Speed>3.563999891281128</ns3:Speed>
                <ns3:RunCadence>86</ns3:RunCadence>
              </ns3:TPX>
            </Extensions>
          </Trackpoint>
          <Trackpoint>
            <Time>2026-01-16T09:41:30.000Z</Time>
            <Position>
              <LatitudeDegrees>38.92742673866451</LatitudeDegrees>
              <LongitudeDegrees>-6.374635174870491</LongitudeDegrees>
            </Position>
            <AltitudeMeters>208.8000030517578</AltitudeMeters>
            <DistanceMeters>927.4299926757812</DistanceMeters>
            <HeartRateBpm>
              <Value>134</Value>
            </HeartRateBpm>
            <Extensions>
              <ns3:TPX>
                <ns3:Speed>3.5920000076293945</ns3:Speed>
                <ns3:RunCadence>86</ns3:RunCadence>
              </ns3:TPX>
            </Extensions>
          </Trackpoint>
          <Trackpoint>
            <Time>2026-01-16T09:41:36.000Z</Time>
            <Position>
              <LatitudeDegrees>38.927454985678196</LatitudeDegrees>
              <LongitudeDegrees>-6.374902557581663</LongitudeDegrees>
            </Position>
            <AltitudeMeters>208.8000030517578</AltitudeMeters>
            <DistanceMeters>950.8200073242188</DistanceMeters>
            <HeartRateBpm>
              <Value>135</Value>
            </HeartRateBpm>
            <Extensions>
              <ns3:TPX>
                <ns3:Speed>3.6670000553131104</ns3:Speed>
                <ns3:RunCadence>87</ns3:RunCadence>
              </ns3:TPX>
            </Extensions>
          </Trackpoint>
          <Trackpoint>
            <Time>2026-01-16T09:41:39.000Z</Time>
            <Position>
              <LatitudeDegrees>38.92747133038938</LatitudeDegrees>
              <LongitudeDegrees>-6.375039936974645</LongitudeDegrees>
            </Position>
            <AltitudeMeters>208.8000030517578</AltitudeMeters>
            <DistanceMeters>962.8800048828125</DistanceMeters>
            <HeartRateBpm>
              <Value>133</Value>
            </HeartRateBpm>
            <Extensions>
              <ns3:TPX>
                <ns3:Speed>3.750999927520752</ns3:Speed>
                <ns3:RunCadence>86</ns3:RunCadence>
              </ns3:TPX>
            </Extensions>
          </Trackpoint>
          <Trackpoint>
            <Time>2026-01-16T09:41:40.000Z</Time>
            <Position>
              <LatitudeDegrees>38.92747711390257</LatitudeDegrees>
              <LongitudeDegrees>-6.37508662417531</LongitudeDegrees>
            </Position>
            <AltitudeMeters>209.0</AltitudeMeters>
            <DistanceMeters>966.969970703125</DistanceMeters>
            <HeartRateBpm>
              <Value>137</Value>
            </HeartRateBpm>
            <Extensions>
              <ns3:TPX>
                <ns3:Speed>3.7790000438690186</ns3:Speed>
                <ns3:RunCadence>86</ns3:RunCadence>
              </ns3:TPX>
            </Extensions>
          </Trackpoint>
          <Trackpoint>
            <Time>2026-01-16T09:41:46.000Z</Time>
            <Position>
              <LatitudeDegrees>38.92750116996467</LatitudeDegrees>
              <LongitudeDegrees>-6.375350905582309</LongitudeDegrees>
            </Position>
            <AltitudeMeters>209.1999969482422</AltitudeMeters>
            <DistanceMeters>990.0399780273438</DistanceMeters>
            <HeartRateBpm>
              <Value>138</Value>
            </HeartRateBpm>
            <Extensions>
              <ns3:TPX>
                <ns3:Speed>3.8350000381469727</ns3:Speed>
                <ns3:RunCadence>88</ns3:RunCadence>
              </ns3:TPX>
            </Extensions>
          </Trackpoint>
          <Trackpoint>
            <Time>2026-01-16T09:41:49.000Z</Time>
            <Position>
              <LatitudeDegrees>38.9275170955807</LatitudeDegrees>
              <LongitudeDegrees>-6.375504210591316</LongitudeDegrees>
            </Position>
            <AltitudeMeters>209.0</AltitudeMeters>
            <DistanceMeters>1003.4500122070312</DistanceMeters>
            <HeartRateBpm>
              <Value>139</Value>
            </HeartRateBpm>
            <Extensions>
              <ns3:TPX>
                <ns3:Speed>3.86299991607666</ns3:Speed>
                <ns3:RunCadence>88</ns3:RunCadence>
              </ns3:TPX>
            </Extensions>
          </Trackpoint>
          <Trackpoint>
            <Time>2026-01-16T09:41:50.000Z</Time>
            <Position>
              <LatitudeDegrees>38.92752262763679</LatitudeDegrees>
              <LongitudeDegrees>-6.375553328543901</LongitudeDegrees>
            </Position>
            <AltitudeMeters>209.1999969482422</AltitudeMeters>
            <DistanceMeters>1007.760009765625</DistanceMeters>
            <HeartRateBpm>
              <Value>143</Value>
            </HeartRateBpm>
            <Extensions>
              <ns3:TPX>
                <ns3:Speed>3.871999979019165</ns3:Speed>
                <ns3:RunCadence>88</ns3:RunCadence>
              </ns3:TPX>
            </Extensions>
          </Trackpoint>
        </Track>
        <Extensions>
          <ns3:LX>
            <ns3:AvgSpeed>3.572999954223633</ns3:AvgSpeed>
            <ns3:AvgRunCadence>84</ns3:AvgRunCadence>
            <ns3:MaxRunCadence>90</ns3:MaxRunCadence>
          </ns3:LX>
        </Extensions>
      </Lap>
      <Lap StartTime="2026-01-16T09:41:50.000Z">
        <TotalTimeSeconds>270.586</TotalTimeSeconds>
        <DistanceMeters>1000.0</DistanceMeters>
        <MaximumSpeed>3.99399995803833</MaximumSpeed>
        <Calories>75</Calories>
        <AverageHeartRateBpm>
          <Value>148</Value>
        </AverageHeartRateBpm>
        <MaximumHeartRateBpm>
          <Value>162</Value>
        </MaximumHeartRateBpm>
        <Intensity>Active</Intensity>
        <TriggerMethod>Manual</TriggerMethod>
        <Track>
          <Trackpoint>
            <Time>2026-01-16T09:41:50.000Z</Time>
            <Position>
              <LatitudeDegrees>38.92752262763679</LatitudeDegrees>
              <LongitudeDegrees>-6.375553328543901</LongitudeDegrees>
            </Position>
            <AltitudeMeters>209.1999969482422</AltitudeMeters>
            <DistanceMeters>1007.760009765625</DistanceMeters>
            <HeartRateBpm>
              <Value>143</Value>
            </HeartRateBpm>
            <Extensions>
              <ns3:TPX>
                <ns3:Speed>3.871999979019165</ns3:Speed>
                <ns3:RunCadence>88</ns3:RunCadence>
              </ns3:TPX>
            </Extensions>
          </Trackpoint>
          <Trackpoint>
            <Time>2026-01-16T09:41:55.000Z</Time>
            <Position>
              <LatitudeDegrees>38.92754416912794</LatitudeDegrees>
              <LongitudeDegrees>-6.375790284946561</LongitudeDegrees>
            </Position>
            <AltitudeMeters>209.0</AltitudeMeters>
            <DistanceMeters>1028.43994140625</DistanceMeters>
            <HeartRateBpm>
              <Value>145</Value>
            </HeartRateBpm>
            <Extensions>
              <ns3:TPX>
                <ns3:Speed>3.9189999103546143</ns3:Speed>
                <ns3:RunCadence>88</ns3:RunCadence>
              </ns3:TPX>
            </Extensions>
          </Trackpoint>
          <Trackpoint>
            <Time>2026-01-16T09:41:58.000Z</Time>
            <Position>
              <LatitudeDegrees>38.92756504006684</LatitudeDegrees>
              <LongitudeDegrees>-6.375920874997973</LongitudeDegrees>
            </Position>
            <AltitudeMeters>209.1999969482422</AltitudeMeters>
            <DistanceMeters>1039.989990234375</DistanceMeters>
            <HeartRateBpm>
              <Value>145</Value>
            </HeartRateBpm>
            <Extensions>
              <ns3:TPX>
                <ns3:Speed>3.9560000896453857</ns3:Speed>
                <ns3:RunCadence>88</ns3:RunCadence>
              </ns3:TPX>
            </Extensions>
          </Trackpoint>
          <Trackpoint>
            <Time>2026-01-16T09:42:02.000Z</Time>
            <Position>
              <LatitudeDegrees>38.927585827186704</LatitudeDegrees>
              <LongitudeDegrees>-6.376093626022339</LongitudeDegrees>
            </Position>
            <AltitudeMeters>209.39999389648438</AltitudeMeters>
            <DistanceMeters>1055.1400146484375</DistanceMeters>
            <HeartRateBpm>
              <Value>141</Value>
            </HeartRateBpm>
            <Extensions>
              <ns3:TPX>
                <ns3:Speed>3.99399995803833</ns3:Speed>
                <ns3:RunCadence>87</ns3:RunCadence>
              </ns3:TPX>
            </Extensions>
          </Trackpoint>
          <Trackpoint>
            <Time>2026-01-16T09:42:05.000Z</Time>
            <Position>
              <LatitudeDegrees>38.92760183662176</LatitudeDegrees>
              <LongitudeDegrees>-6.3762259762734175</LongitudeDegrees>
            </Position>
            <AltitudeMeters>209.8000030517578</AltitudeMeters>
            <DistanceMeters>1066.75</DistanceMeters>
            <HeartRateBpm>
              <Value>144</Value>
            </HeartRateBpm>
            <Extensions>
              <ns3:TPX>
                <ns3:Speed>3.99399995803833</ns3:Speed>
                <ns3:RunCadence>87</ns3:RunCadence>
              </ns3:TPX>
            </Extensions>
          </Trackpoint>
          <Trackpoint>
            <Time>2026-01-16T09:42:08.000Z</Time>
            <Position>
              <LatitudeDegrees>38.92761826515198</LatitudeDegrees>
              <LongitudeDegrees>-6.376359835267067</LongitudeDegrees>
            </Position>
            <AltitudeMeters>210.0</AltitudeMeters>
            <DistanceMeters>1078.5</DistanceMeters>
            <HeartRateBpm>
              <Value>144</Value>
            </HeartRateBpm>
            <Extensions>
              <ns3:TPX>
                <ns3:Speed>3.99399995803833</ns3:Speed>
                <ns3:RunCadence>87</ns3:RunCadence>
              </ns3:TPX>
            </Extensions>
          </Trackpoint>
          <Trackpoint>
            <Time>2026-01-16T09:42:14.000Z</Time>
            <Position>
              <LatitudeDegrees>38.927650367841125</LatitudeDegrees>
              <LongitudeDegrees>-6.376609364524484</LongitudeDegrees>
            </Position>
            <AltitudeMeters>209.60000610351562</AltitudeMeters>
            <DistanceMeters>1100.4300537109375</DistanceMeters>
            <HeartRateBpm>
              <Value>145</Value>
            </HeartRateBpm>
            <Extensions>
              <ns3:TPX>
                <ns3:Speed>3.99399995803833</ns3:Speed>
                <ns3:RunCadence>88</ns3:RunCadence>
              </ns3:TPX>
            </Extensions>
          </Trackpoint>
          <Trackpoint>
            <Time>2026-01-16T09:42:16.000Z</Time>
            <Position>
              <LatitudeDegrees>38.92765992321074</LatitudeDegrees>
              <LongitudeDegrees>-6.376698045060039</LongitudeDegrees>
            </Position>
            <AltitudeMeters>209.1999969482422</AltitudeMeters>
            <DistanceMeters>1108.18994140625</DistanceMeters>
            <HeartRateBpm>
              <Value>146</Value>
            </HeartRateBpm>
            <Extensions>
              <ns3:TPX>
                <ns3:Speed>3.99399995803833</ns3:Speed>
                <ns3:RunCadence>88</ns3:RunCadence>
              </ns3:TPX>
            </Extensions>
          </Trackpoint>
          <Trackpoint>
            <Time>2026-01-16T09:42:22.000Z</Time>
            <Position>
              <LatitudeDegrees>38.92767149023712</LatitudeDegrees>
              <LongitudeDegrees>-6.376966517418623</LongitudeDegrees>
            </Position>
            <AltitudeMeters>208.1999969482422</AltitudeMeters>
            <DistanceMeters>1131.5</DistanceMeters>
            <HeartRateBpm>
              <Value>146</Value>
            </HeartRateBpm>
            <Extensions>
              <ns3:TPX>
                <ns3:Speed>3.99399995803833</ns3:Speed>
                <ns3:RunCadence>87</ns3:RunCadence>
              </ns3:TPX>
            </Extensions>
          </Trackpoint>
          <Trackpoint>
            <Time>2026-01-16T09:42:23.000Z</Time>
            <Position>
              <LatitudeDegrees>38.92767014913261</LatitudeDegrees>
              <LongitudeDegrees>-6.377006750553846</LongitudeDegrees>
            </Position>
            <AltitudeMeters>208.0</AltitudeMeters>
            <DistanceMeters>1134.989990234375</DistanceMeters>
            <HeartRateBpm>
              <Value>147</Value>
            </HeartRateBpm>
            <Extensions>
              <ns3:TPX>
                <ns3:Speed>3.99399995803833</ns3:Speed>
                <ns3:RunCadence>87</ns3:RunCadence>
              </ns3:TPX>
            </Extensions>
          </Trackpoint>
          <Trackpoint>
            <Time>2026-01-16T09:42:29.000Z</Time>
            <Position>
              <LatitudeDegrees>38.927690433338284</LatitudeDegrees>
              <LongitudeDegrees>-6.377266589552164</LongitudeDegrees>
            </Position>
            <AltitudeMeters>207.8000030517578</AltitudeMeters>
            <DistanceMeters>1157.8199462890625</DistanceMeters>
            <HeartRateBpm>
              <Value>148</Value>
            </HeartRateBpm>
            <Extensions>
              <ns3:TPX>
                <ns3:Speed>3.9839999675750732</ns3:Speed>
                <ns3:RunCadence>88</ns3:RunCadence>
              </ns3:TPX>
            </Extensions>
          </Trackpoint>
          <Trackpoint>
            <Time>2026-01-16T09:42:30.000Z</Time>
            <Position>
              <LatitudeDegrees>38.92769764177501</LatitudeDegrees>
              <LongitudeDegrees>-6.3773023802787066</LongitudeDegrees>
            </Position>
            <AltitudeMeters>207.8000030517578</AltitudeMeters>
            <DistanceMeters>1161.0</DistanceMeters>
            <HeartRateBpm>
              <Value>148</Value>
            </HeartRateBpm>
            <Extensions>
              <ns3:TPX>
                <ns3:Speed>3.9749999046325684</ns3:Speed>
                <ns3:RunCadence>88</ns3:RunCadence>
              </ns3:TPX>
            </Extensions>
          </Trackpoint>
          <Trackpoint>
            <Time>2026-01-16T09:42:37.000Z</Time>
            <Position>
              <LatitudeDegrees>38.9277449157089</LatitudeDegrees>
              <LongitudeDegrees>-6.377562889829278</LongitudeDegrees>
            </Position>
            <AltitudeMeters>208.0</AltitudeMeters>
            <DistanceMeters>1184.1700439453125</DistanceMeters>
            <HeartRateBpm>
              <Value>146</Value>
            </HeartRateBpm>
            <Extensions>
              <ns3:TPX>
                <ns3:Speed>3.9100000858306885</ns3:Speed>
                <ns3:RunCadence>87</ns3:RunCadence>
              </ns3:TPX>
            </Extensions>
          </Trackpoint>
          <Trackpoint>
            <Time>2026-01-16T09:42:41.000Z</Time>
            <Position>
              <LatitudeDegrees>38.92777282744646</LatitudeDegrees>
              <LongitudeDegrees>-6.377745782956481</LongitudeDegrees>
            </Position>
            <AltitudeMeters>207.8000030517578</AltitudeMeters>
            <DistanceMeters>1200.300048828125</DistanceMeters>
            <HeartRateBpm>
              <Value>147</Value>
            </HeartRateBpm>
            <Extensions>
              <ns3:TPX>
                <ns3:Speed>3.8540000915527344</ns3:Speed>
                <ns3:RunCadence>88</ns3:RunCadence>
              </ns3:TPX>
            </Extensions>
          </Trackpoint>
          <Trackpoint>
            <Time>2026-01-16T09:42:47.000Z</Time>
            <Position>
              <LatitudeDegrees>38.927802415564656</LatitudeDegrees>
              <LongitudeDegrees>-6.377997407689691</LongitudeDegrees>
            </Position>
            <AltitudeMeters>209.1999969482422</AltitudeMeters>
            <DistanceMeters>1222.3599853515625</DistanceMeters>
            <HeartRateBpm>
              <Value>149</Value>
            </HeartRateBpm>
            <Extensions>
              <ns3:TPX>
                <ns3:Speed>3.9100000858306885</ns3:Speed>
                <ns3:RunCadence>88</ns3:RunCadence>
              </ns3:TPX>
            </Extensions>
          </Trackpoint>
          <Trackpoint>
            <Time>2026-01-16T09:42:49.000Z</Time>
            <Position>
              <LatitudeDegrees>38.92781909555197</LatitudeDegrees>
              <LongitudeDegrees>-6.378074772655964</LongitudeDegrees>
            </Position>
            <AltitudeMeters>209.39999389648438</AltitudeMeters>
            <DistanceMeters>1229.31005859375</DistanceMeters>
            <HeartRateBpm>
              <Value>149</Value>
            </HeartRateBpm>
            <Extensions>
              <ns3:TPX>
                <ns3:Speed>3.8910000324249268</ns3:Speed>
                <ns3:RunCadence>88</ns3:RunCadence>
              </ns3:TPX>
            </Extensions>
          </Trackpoint>
          <Trackpoint>
            <Time>2026-01-16T09:42:55.000Z</Time>
            <Position>
              <LatitudeDegrees>38.927842481061816</LatitudeDegrees>
              <LongitudeDegrees>-6.37830913066864</LongitudeDegrees>
            </Position>
            <AltitudeMeters>209.39999389648438</AltitudeMeters>
            <DistanceMeters>1249.8199462890625</DistanceMeters>
            <HeartRateBpm>
              <Value>151</Value>
            </HeartRateBpm>
            <Extensions>
              <ns3:TPX>
                <ns3:Speed>3.806999921798706</ns3:Speed>
                <ns3:RunCadence>88</ns3:RunCadence>
              </ns3:TPX>
            </Extensions>
          </Trackpoint>
          <Trackpoint>
            <Time>2026-01-16T09:43:01.000Z</Time>
            <Position>
              <LatitudeDegrees>38.92786527983844</LatitudeDegrees>
              <LongitudeDegrees>-6.378556732088327</LongitudeDegrees>
            </Position>
            <AltitudeMeters>209.1999969482422</AltitudeMeters>
            <DistanceMeters>1271.449951171875</DistanceMeters>
            <HeartRateBpm>
              <Value>152</Value>
            </HeartRateBpm>
            <Extensions>
              <ns3:TPX>
                <ns3:Speed>3.7230000495910645</ns3:Speed>
                <ns3:RunCadence>88</ns3:RunCadence>
              </ns3:TPX>
            </Extensions>
          </Trackpoint>
          <Trackpoint>
            <Time>2026-01-16T09:43:03.000Z</Time>
            <Position>
              <LatitudeDegrees>38.92787047661841</LatitudeDegrees>
              <LongitudeDegrees>-6.378639796748757</LongitudeDegrees>
            </Position>
            <AltitudeMeters>208.8000030517578</AltitudeMeters>
            <DistanceMeters>1278.68994140625</DistanceMeters>
            <HeartRateBpm>
              <Value>152</Value>
            </HeartRateBpm>
            <Extensions>
              <ns3:TPX>
                <ns3:Speed>3.6760001182556152</ns3:Speed>
                <ns3:RunCadence>87</ns3:RunCadence>
              </ns3:TPX>
            </Extensions>
          </Trackpoint>
          <Trackpoint>
            <Time>2026-01-16T09:43:09.000Z</Time>
            <Position>
              <LatitudeDegrees>38.9278934430331</LatitudeDegrees>
              <LongitudeDegrees>-6.3788900803774595</LongitudeDegrees>
            </Position>
            <AltitudeMeters>207.8000030517578</AltitudeMeters>
            <DistanceMeters>1300.5400390625</DistanceMeters>
            <HeartRateBpm>
              <Value>153</Value>
            </HeartRateBpm>
            <Extensions>
              <ns3:TPX>
                <ns3:Speed>3.6670000553131104</ns3:Speed>
                <ns3:RunCadence>87</ns3:RunCadence>
              </ns3:TPX>
            </Extensions>
          </Trackpoint>
          <Trackpoint>
            <Time>2026-01-16T09:43:12.000Z</Time>
            <Position>
              <LatitudeDegrees>38.927907859906554</LatitudeDegrees>
              <LongitudeDegrees>-6.379019999876618</LongitudeDegrees>
            </Position>
            <AltitudeMeters>207.39999389648438</AltitudeMeters>
            <DistanceMeters>1311.8900146484375</DistanceMeters>
            <HeartRateBpm>
              <Value>154</Value>
            </HeartRateBpm>
            <Extensions>
              <ns3:TPX>
                <ns3:Speed>3.6670000553131104</ns3:Speed>
                <ns3:RunCadence>86</ns3:RunCadence>
              </ns3:TPX>
            </Extensions>
          </Trackpoint>
          <Trackpoint>
            <Time>2026-01-16T09:43:18.000Z</Time>
            <Position>
              <LatitudeDegrees>38.92793023958802</LatitudeDegrees>
              <LongitudeDegrees>-6.379271792247891</LongitudeDegrees>
            </Position>
            <AltitudeMeters>206.8000030517578</AltitudeMeters>
            <DistanceMeters>1333.8599853515625</DistanceMeters>
            <HeartRateBpm>
              <Value>156</Value>
            </HeartRateBpm>
            <Extensions>
              <ns3:TPX>
                <ns3:Speed>3.694999933242798</ns3:Speed>
                <ns3:RunCadence>88</ns3:RunCadence>
              </ns3:TPX>
            </Extensions>
          </Trackpoint>
          <Trackpoint>
            <Time>2026-01-16T09:43:21.000Z</Time>
            <Position>
              <LatitudeDegrees>38.92794373445213</LatitudeDegrees>
              <LongitudeDegrees>-6.379388300701976</LongitudeDegrees>
            </Position>
            <AltitudeMeters>207.0</AltitudeMeters>
            <DistanceMeters>1344.0699462890625</DistanceMeters>
            <HeartRateBpm>
              <Value>157</Value>
            </HeartRateBpm>
            <Extensions>
              <ns3:TPX>
                <ns3:Speed>3.694999933242798</ns3:Speed>
                <ns3:RunCadence>87</ns3:RunCadence>
              </ns3:TPX>
            </Extensions>
          </Trackpoint>
          <Trackpoint>
            <Time>2026-01-16T09:43:27.000Z</Time>
            <Position>
              <LatitudeDegrees>38.92797768115997</LatitudeDegrees>
              <LongitudeDegrees>-6.379635902121663</LongitudeDegrees>
            </Position>
            <AltitudeMeters>207.8000030517578</AltitudeMeters>
            <DistanceMeters>1365.8599853515625</DistanceMeters>
            <HeartRateBpm>
              <Value>159</Value>
            </HeartRateBpm>
            <Extensions>
              <ns3:TPX>
                <ns3:Speed>3.6670000553131104</ns3:Speed>
                <ns3:RunCadence>87</ns3:RunCadence>
              </ns3:TPX>
            </Extensions>
          </Trackpoint>
          <Trackpoint>
            <Time>2026-01-16T09:43:28.000Z</Time>
            <Position>
              <LatitudeDegrees>38.9279848895967</LatitudeDegrees>
              <LongitudeDegrees>-6.379669094458222</LongitudeDegrees>
            </Position>
            <AltitudeMeters>207.60000610351562</AltitudeMeters>
            <DistanceMeters>1368.8399658203125</DistanceMeters>
            <HeartRateBpm>
              <Value>159</Value>
            </HeartRateBpm>
            <Extensions>
              <ns3:TPX>
                <ns3:Speed>3.6670000553131104</ns3:Speed>
                <ns3:RunCadence>87</ns3:RunCadence>
              </ns3:TPX>
            </Extensions>
          </Trackpoint>
          <Trackpoint>
            <Time>2026-01-16T09:43:34.000Z</Time>
            <Position>
              <LatitudeDegrees>38.92800584435463</LatitudeDegrees>
              <LongitudeDegrees>-6.379905380308628</LongitudeDegrees>
            </Position>
            <AltitudeMeters>207.60000610351562</AltitudeMeters>
            <DistanceMeters>1389.5</DistanceMeters>
            <HeartRateBpm>
              <Value>157</Value>
            </HeartRateBpm>
            <Extensions>
              <ns3:TPX>
                <ns3:Speed>3.6480000019073486</ns3:Speed>
                <ns3:RunCadence>87</ns3:RunCadence>
              </ns3:TPX>
            </Extensions>
          </Trackpoint>
          <Trackpoint>
            <Time>2026-01-16T09:43:36.000Z</Time>
            <Position>
              <LatitudeDegrees>38.92801481299102</LatitudeDegrees>
              <LongitudeDegrees>-6.379990456625819</LongitudeDegrees>
            </Position>
            <AltitudeMeters>207.60000610351562</AltitudeMeters>
            <DistanceMeters>1396.93994140625</DistanceMeters>
            <HeartRateBpm>
              <Value>158</Value>
            </HeartRateBpm>
            <Extensions>
              <ns3:TPX>
                <ns3:Speed>3.630000114440918</ns3:Speed>
                <ns3:RunCadence>88</ns3:RunCadence>
              </ns3:TPX>
            </Extensions>
          </Trackpoint>
          <Trackpoint>
            <Time>2026-01-16T09:43:42.000Z</Time>
            <Position>
              <LatitudeDegrees>38.92804943025112</LatitudeDegrees>
              <LongitudeDegrees>-6.380226071923971</LongitudeDegrees>
            </Position>
            <AltitudeMeters>208.0</AltitudeMeters>
            <DistanceMeters>1417.760009765625</DistanceMeters>
            <HeartRateBpm>
              <Value>157</Value>
            </HeartRateBpm>
            <Extensions>
              <ns3:TPX>
                <ns3:Speed>3.6019999980926514</ns3:Speed>
                <ns3:RunCadence>88</ns3:RunCadence>
              </ns3:TPX>
            </Extensions>
          </Trackpoint>
          <Trackpoint>
            <Time>2026-01-16T09:43:43.000Z</Time>
            <Position>
              <LatitudeDegrees>38.92805429175496</LatitudeDegrees>
              <LongitudeDegrees>-6.380264041945338</LongitudeDegrees>
            </Position>
            <AltitudeMeters>208.0</AltitudeMeters>
            <DistanceMeters>1421.0999755859375</DistanceMeters>
            <HeartRateBpm>
              <Value>157</Value>
            </HeartRateBpm>
            <Extensions>
              <ns3:TPX>
                <ns3:Speed>3.6019999980926514</ns3:Speed>
                <ns3:RunCadence>89</ns3:RunCadence>
              </ns3:TPX>
            </Extensions>
          </Trackpoint>
          <Trackpoint>
            <Time>2026-01-16T09:43:48.000Z</Time>
            <Position>
              <LatitudeDegrees>38.92806024290621</LatitudeDegrees>
              <LongitudeDegrees>-6.380451545119286</LongitudeDegrees>
            </Position>
            <AltitudeMeters>207.60000610351562</AltitudeMeters>
            <DistanceMeters>1437.4100341796875</DistanceMeters>
            <HeartRateBpm>
              <Value>155</Value>
            </HeartRateBpm>
            <Extensions>
              <ns3:TPX>
                <ns3:Speed>3.5829999446868896</ns3:Speed>
                <ns3:RunCadence>88</ns3:RunCadence>
              </ns3:TPX>
            </Extensions>
          </Trackpoint>
          <Trackpoint>
            <Time>2026-01-16T09:43:54.000Z</Time>
            <Position>
              <LatitudeDegrees>38.92809662036598</LatitudeDegrees>
              <LongitudeDegrees>-6.380715407431126</LongitudeDegrees>
            </Position>
            <AltitudeMeters>205.8000030517578</AltitudeMeters>
            <DistanceMeters>1460.489990234375</DistanceMeters>
            <HeartRateBpm>
              <Value>157</Value>
            </HeartRateBpm>
            <Extensions>
              <ns3:TPX>
                <ns3:Speed>3.5739998817443848</ns3:Speed>
                <ns3:RunCadence>88</ns3:RunCadence>
              </ns3:TPX>
            </Extensions>
          </Trackpoint>
          <Trackpoint>
            <Time>2026-01-16T09:43:55.000Z</Time>
            <Position>
              <LatitudeDegrees>38.928101817145944</LatitudeDegrees>
              <LongitudeDegrees>-6.380769805982709</LongitudeDegrees>
            </Position>
            <AltitudeMeters>205.39999389648438</AltitudeMeters>
            <DistanceMeters>1465.18994140625</DistanceMeters>
            <HeartRateBpm>
              <Value>157</Value>
            </HeartRateBpm>
            <Extensions>
              <ns3:TPX>
                <ns3:Speed>3.5739998817443848</ns3:Speed>
                <ns3:RunCadence>88</ns3:RunCadence>
              </ns3:TPX>
            </Extensions>
          </Trackpoint>
          <Trackpoint>
            <Time>2026-01-16T09:44:01.000Z</Time>
            <Position>
              <LatitudeDegrees>38.92815445549786</LatitudeDegrees>
              <LongitudeDegrees>-6.381025118753314</LongitudeDegrees>
            </Position>
            <AltitudeMeters>203.60000610351562</AltitudeMeters>
            <DistanceMeters>1487.949951171875</DistanceMeters>
            <HeartRateBpm>
              <Value>157</Value>
            </HeartRateBpm>
            <Extensions>
              <ns3:TPX>
                <ns3:Speed>3.6019999980926514</ns3:Speed>
                <ns3:RunCadence>86</ns3:RunCadence>
              </ns3:TPX>
            </Extensions>
          </Trackpoint>
          <Trackpoint>
            <Time>2026-01-16T09:44:02.000Z</Time>
            <Position>
              <LatitudeDegrees>38.92816040664911</LatitudeDegrees>
              <LongitudeDegrees>-6.38106744736433</LongitudeDegrees>
            </Position>
            <AltitudeMeters>203.1999969482422</AltitudeMeters>
            <DistanceMeters>1491.68994140625</DistanceMeters>
            <HeartRateBpm>
              <Value>157</Value>
            </HeartRateBpm>
            <Extensions>
              <ns3:TPX>
                <ns3:Speed>3.6019999980926514</ns3:Speed>
                <ns3:RunCadence>86</ns3:RunCadence>
              </ns3:TPX>
            </Extensions>
          </Trackpoint>
          <Trackpoint>
            <Time>2026-01-16T09:44:07.000Z</Time>
            <Position>
              <LatitudeDegrees>38.9281902462244</LatitudeDegrees>
              <LongitudeDegrees>-6.381297362968326</LongitudeDegrees>
            </Position>
            <AltitudeMeters>203.0</AltitudeMeters>
            <DistanceMeters>1511.8900146484375</DistanceMeters>
            <HeartRateBpm>
              <Value>159</Value>
            </HeartRateBpm>
            <Extensions>
              <ns3:TPX>
                <ns3:Speed>3.630000114440918</ns3:Speed>
                <ns3:RunCadence>87</ns3:RunCadence>
              </ns3:TPX>
            </Extensions>
          </Trackpoint>
          <Trackpoint>
            <Time>2026-01-16T09:44:13.000Z</Time>
            <Position>
              <LatitudeDegrees>38.9282232709229</LatitudeDegrees>
              <LongitudeDegrees>-6.381535744294524</LongitudeDegrees>
            </Position>
            <AltitudeMeters>203.60000610351562</AltitudeMeters>
            <DistanceMeters>1532.8800048828125</DistanceMeters>
            <HeartRateBpm>
              <Value>160</Value>
            </HeartRateBpm>
            <Extensions>
              <ns3:TPX>
                <ns3:Speed>3.6480000019073486</ns3:Speed>
                <ns3:RunCadence>87</ns3:RunCadence>
              </ns3:TPX>
            </Extensions>
          </Trackpoint>
          <Trackpoint>
            <Time>2026-01-16T09:44:19.000Z</Time>
            <Position>
              <LatitudeDegrees>38.92826911993325</LatitudeDegrees>
              <LongitudeDegrees>-6.381784854456782</LongitudeDegrees>
            </Position>
            <AltitudeMeters>204.60000610351562</AltitudeMeters>
            <DistanceMeters>1555.0999755859375</DistanceMeters>
            <HeartRateBpm>
              <Value>159</Value>
            </HeartRateBpm>
            <Extensions>
              <ns3:TPX>
                <ns3:Speed>3.6670000553131104</ns3:Speed>
                <ns3:RunCadence>86</ns3:RunCadence>
              </ns3:TPX>
            </Extensions>
          </Trackpoint>
          <Trackpoint>
            <Time>2026-01-16T09:44:20.000Z</Time>
            <Position>
              <LatitudeDegrees>38.92827607691288</LatitudeDegrees>
              <LongitudeDegrees>-6.3818213157355785</LongitudeDegrees>
            </Position>
            <AltitudeMeters>204.60000610351562</AltitudeMeters>
            <DistanceMeters>1558.3599853515625</DistanceMeters>
            <HeartRateBpm>
              <Value>160</Value>
            </HeartRateBpm>
            <Extensions>
              <ns3:TPX>
                <ns3:Speed>3.6670000553131104</ns3:Speed>
                <ns3:RunCadence>86</ns3:RunCadence>
              </ns3:TPX>
            </Extensions>
          </Trackpoint>
          <Trackpoint>
            <Time>2026-01-16T09:44:26.000Z</Time>
            <Position>
              <LatitudeDegrees>38.92833760008216</LatitudeDegrees>
              <LongitudeDegrees>-6.3820604514330626</LongitudeDegrees>
            </Position>
            <AltitudeMeters>204.39999389648438</AltitudeMeters>
            <DistanceMeters>1580.199951171875</DistanceMeters>
            <HeartRateBpm>
              <Value>162</Value>
            </HeartRateBpm>
            <Extensions>
              <ns3:TPX>
                <ns3:Speed>3.6670000553131104</ns3:Speed>
                <ns3:RunCadence>87</ns3:RunCadence>
              </ns3:TPX>
            </Extensions>
          </Trackpoint>
          <Trackpoint>
            <Time>2026-01-16T09:44:27.000Z</Time>
            <Position>
              <LatitudeDegrees>38.928343299776316</LatitudeDegrees>
              <LongitudeDegrees>-6.382103282958269</LongitudeDegrees>
            </Position>
            <AltitudeMeters>204.39999389648438</AltitudeMeters>
            <DistanceMeters>1583.97998046875</DistanceMeters>
            <HeartRateBpm>
              <Value>161</Value>
            </HeartRateBpm>
            <Extensions>
              <ns3:TPX>
                <ns3:Speed>3.6579999923706055</ns3:Speed>
                <ns3:RunCadence>87</ns3:RunCadence>
              </ns3:TPX>
            </Extensions>
          </Trackpoint>
          <Trackpoint>
            <Time>2026-01-16T09:44:33.000Z</Time>
            <Position>
              <LatitudeDegrees>38.92840004526079</LatitudeDegrees>
              <LongitudeDegrees>-6.3823373056948185</LongitudeDegrees>
            </Position>
            <AltitudeMeters>204.1999969482422</AltitudeMeters>
            <DistanceMeters>1605.219970703125</DistanceMeters>
            <HeartRateBpm>
              <Value>160</Value>
            </HeartRateBpm>
            <Extensions>
              <ns3:TPX>
                <ns3:Speed>3.6579999923706055</ns3:Speed>
                <ns3:RunCadence>86</ns3:RunCadence>
              </ns3:TPX>
            </Extensions>
          </Trackpoint>
          <Trackpoint>
            <Time>2026-01-16T09:44:34.000Z</Time>
            <Position>
              <LatitudeDegrees>38.92840934917331</LatitudeDegrees>
              <LongitudeDegrees>-6.382380053400993</LongitudeDegrees>
            </Position>
            <AltitudeMeters>204.1999969482422</AltitudeMeters>
            <DistanceMeters>1609.0699462890625</DistanceMeters>
            <HeartRateBpm>
              <Value>161</Value>
            </HeartRateBpm>
            <Extensions>
              <ns3:TPX>
                <ns3:Speed>3.6579999923706055</ns3:Speed>
                <ns3:RunCadence>86</ns3:RunCadence>
              </ns3:TPX>
            </Extensions>
          </Trackpoint>
          <Trackpoint>
            <Time>2026-01-16T09:47:06.000Z</Time>
            <Position>
              <LatitudeDegrees>38.9283406175673</LatitudeDegrees>
              <LongitudeDegrees>-6.3819226529449224</LongitudeDegrees>
            </Position>
            <AltitudeMeters>204.39999389648438</AltitudeMeters>
            <DistanceMeters>1609.0699462890625</DistanceMeters>
            <HeartRateBpm>
              <Value>112</Value>
            </HeartRateBpm>
            <Extensions>
              <ns3:TPX>
                <ns3:Speed>1.4930000305175781</ns3:Speed>
                <ns3:RunCadence>0</ns3:RunCadence>
              </ns3:TPX>
            </Extensions>
          </Trackpoint>
          <Trackpoint>
            <Time>2026-01-16T09:47:07.000Z</Time>
            <Position>
              <LatitudeDegrees>38.92833910882473</LatitudeDegrees>
              <LongitudeDegrees>-6.381916785612702</LongitudeDegrees>
            </Position>
            <AltitudeMeters>204.39999389648438</AltitudeMeters>
            <DistanceMeters>1609.6099853515625</DistanceMeters>
            <HeartRateBpm>
              <Value>112</Value>
            </HeartRateBpm>
            <Extensions>
              <ns3:TPX>
                <ns3:Speed>0.0</ns3:Speed>
                <ns3:RunCadence>0</ns3:RunCadence>
              </ns3:TPX>
            </Extensions>
          </Trackpoint>
          <Trackpoint>
            <Time>2026-01-16T09:47:11.000Z</Time>
            <Position>
              <LatitudeDegrees>38.928308095782995</LatitudeDegrees>
              <LongitudeDegrees>-6.381798265501857</LongitudeDegrees>
            </Position>
            <AltitudeMeters>204.60000610351562</AltitudeMeters>
            <DistanceMeters>1620.4300537109375</DistanceMeters>
            <HeartRateBpm>
              <Value>114</Value>
            </HeartRateBpm>
            <Extensions>
              <ns3:TPX>
                <ns3:Speed>0.0</ns3:Speed>
                <ns3:RunCadence>86</ns3:RunCadence>
              </ns3:TPX>
            </Extensions>
          </Trackpoint>
          <Trackpoint>
            <Time>2026-01-16T09:47:16.000Z</Time>
            <Position>
              <LatitudeDegrees>38.92828429117799</LatitudeDegrees>
              <LongitudeDegrees>-6.381594920530915</LongitudeDegrees>
            </Position>
            <AltitudeMeters>203.8000030517578</AltitudeMeters>
            <DistanceMeters>1638.2900390625</DistanceMeters>
            <HeartRateBpm>
              <Value>114</Value>
            </HeartRateBpm>
            <Extensions>
              <ns3:TPX>
                <ns3:Speed>3.246999979019165</ns3:Speed>
                <ns3:RunCadence>89</ns3:RunCadence>
              </ns3:TPX>
            </Extensions>
          </Trackpoint>
          <Trackpoint>
            <Time>2026-01-16T09:47:19.000Z</Time>
            <Position>
              <LatitudeDegrees>38.928266102448106</LatitudeDegrees>
              <LongitudeDegrees>-6.381465001031756</LongitudeDegrees>
            </Position>
            <AltitudeMeters>203.39999389648438</AltitudeMeters>
            <DistanceMeters>1649.72998046875</DistanceMeters>
            <HeartRateBpm>
              <Value>117</Value>
            </HeartRateBpm>
            <Extensions>
              <ns3:TPX>
                <ns3:Speed>3.5920000076293945</ns3:Speed>
                <ns3:RunCadence>90</ns3:RunCadence>
              </ns3:TPX>
            </Extensions>
          </Trackpoint>
          <Trackpoint>
            <Time>2026-01-16T09:47:22.000Z</Time>
            <Position>
              <LatitudeDegrees>38.928245482966304</LatitudeDegrees>
              <LongitudeDegrees>-6.381333991885185</LongitudeDegrees>
            </Position>
            <AltitudeMeters>203.0</AltitudeMeters>
            <DistanceMeters>1661.3199462890625</DistanceMeters>
            <HeartRateBpm>
              <Value>120</Value>
            </HeartRateBpm>
            <Extensions>
              <ns3:TPX>
                <ns3:Speed>3.5179998874664307</ns3:Speed>
                <ns3:RunCadence>87</ns3:RunCadence>
              </ns3:TPX>
            </Extensions>
          </Trackpoint>
          <Trackpoint>
            <Time>2026-01-16T09:47:26.000Z</Time>
            <Position>
              <LatitudeDegrees>38.9282058365643</LatitudeDegrees>
              <LongitudeDegrees>-6.381153110414743</LongitudeDegrees>
            </Position>
            <AltitudeMeters>203.0</AltitudeMeters>
            <DistanceMeters>1677.5999755859375</DistanceMeters>
            <HeartRateBpm>
              <Value>125</Value>
            </HeartRateBpm>
            <Extensions>
              <ns3:TPX>
                <ns3:Speed>3.5829999446868896</ns3:Speed>
                <ns3:RunCadence>89</ns3:RunCadence>
              </ns3:TPX>
            </Extensions>
          </Trackpoint>
          <Trackpoint>
            <Time>2026-01-16T09:47:28.000Z</Time>
            <Position>
              <LatitudeDegrees>38.92819435335696</LatitudeDegrees>
              <LongitudeDegrees>-6.381060993298888</LongitudeDegrees>
            </Position>
            <AltitudeMeters>203.1999969482422</AltitudeMeters>
            <DistanceMeters>1685.6800537109375</DistanceMeters>
            <HeartRateBpm>
              <Value>129</Value>
            </HeartRateBpm>
            <Extensions>
              <ns3:TPX>
                <ns3:Speed>3.6480000019073486</ns3:Speed>
                <ns3:RunCadence>88</ns3:RunCadence>
              </ns3:TPX>
            </Extensions>
          </Trackpoint>
          <Trackpoint>
            <Time>2026-01-16T09:47:31.000Z</Time>
            <Position>
              <LatitudeDegrees>38.92818815074861</LatitudeDegrees>
              <LongitudeDegrees>-6.380930822342634</LongitudeDegrees>
            </Position>
            <AltitudeMeters>204.0</AltitudeMeters>
            <DistanceMeters>1697.0</DistanceMeters>
            <HeartRateBpm>
              <Value>132</Value>
            </HeartRateBpm>
            <Extensions>
              <ns3:TPX>
                <ns3:Speed>3.7230000495910645</ns3:Speed>
                <ns3:RunCadence>88</ns3:RunCadence>
              </ns3:TPX>
            </Extensions>
          </Trackpoint>
          <Trackpoint>
            <Time>2026-01-16T09:47:36.000Z</Time>
            <Position>
              <LatitudeDegrees>38.92817725427449</LatitudeDegrees>
              <LongitudeDegrees>-6.380718341097236</LongitudeDegrees>
            </Position>
            <AltitudeMeters>205.60000610351562</AltitudeMeters>
            <DistanceMeters>1715.4599609375</DistanceMeters>
            <HeartRateBpm>
              <Value>135</Value>
            </HeartRateBpm>
            <Extensions>
              <ns3:TPX>
                <ns3:Speed>3.742000102996826</ns3:Speed>
                <ns3:RunCadence>88</ns3:RunCadence>
              </ns3:TPX>
            </Extensions>
          </Trackpoint>
          <Trackpoint>
            <Time>2026-01-16T09:47:38.000Z</Time>
            <Position>
              <LatitudeDegrees>38.92816996201873</LatitudeDegrees>
              <LongitudeDegrees>-6.380630414932966</LongitudeDegrees>
            </Position>
            <AltitudeMeters>206.1999969482422</AltitudeMeters>
            <DistanceMeters>1723.0899658203125</DistanceMeters>
            <HeartRateBpm>
              <Value>139</Value>
            </HeartRateBpm>
            <Extensions>
              <ns3:TPX>
                <ns3:Speed>3.7320001125335693</ns3:Speed>
                <ns3:RunCadence>88</ns3:RunCadence>
              </ns3:TPX>
            </Extensions>
          </Trackpoint>
          <Trackpoint>
            <Time>2026-01-16T09:47:40.000Z</Time>
            <Position>
              <LatitudeDegrees>38.928153198212385</LatitudeDegrees>
              <LongitudeDegrees>-6.380547769367695</LongitudeDegrees>
            </Position>
            <AltitudeMeters>206.8000030517578</AltitudeMeters>
            <DistanceMeters>1730.510009765625</DistanceMeters>
            <HeartRateBpm>
              <Value>142</Value>
            </HeartRateBpm>
            <Extensions>
              <ns3:TPX>
                <ns3:Speed>3.7139999866485596</ns3:Speed>
                <ns3:RunCadence>88</ns3:RunCadence>
              </ns3:TPX>
            </Extensions>
          </Trackpoint>
          <Trackpoint>
            <Time>2026-01-16T09:47:42.000Z</Time>
            <Position>
              <LatitudeDegrees>38.92813568003476</LatitudeDegrees>
              <LongitudeDegrees>-6.380469733849168</LongitudeDegrees>
            </Position>
            <AltitudeMeters>207.39999389648438</AltitudeMeters>
            <DistanceMeters>1737.5400390625</DistanceMeters>
            <HeartRateBpm>
              <Value>144</Value>
            </HeartRateBpm>
            <Extensions>
              <ns3:TPX>
                <ns3:Speed>3.694999933242798</ns3:Speed>
                <ns3:RunCadence>89</ns3:RunCadence>
              </ns3:TPX>
            </Extensions>
          </Trackpoint>
          <Trackpoint>
            <Time>2026-01-16T09:47:48.000Z</Time>
            <Position>
              <LatitudeDegrees>38.9281299803406</LatitudeDegrees>
              <LongitudeDegrees>-6.38023529201746</LongitudeDegrees>
            </Position>
            <AltitudeMeters>208.0</AltitudeMeters>
            <DistanceMeters>1758.030029296875</DistanceMeters>
            <HeartRateBpm>
              <Value>143</Value>
            </HeartRateBpm>
            <Extensions>
              <ns3:TPX>
                <ns3:Speed>3.6579999923706055</ns3:Speed>
                <ns3:RunCadence>87</ns3:RunCadence>
              </ns3:TPX>
            </Extensions>
          </Trackpoint>
          <Trackpoint>
            <Time>2026-01-16T09:47:53.000Z</Time>
            <Position>
              <LatitudeDegrees>38.928101398050785</LatitudeDegrees>
              <LongitudeDegrees>-6.380002023652196</LongitudeDegrees>
            </Position>
            <AltitudeMeters>207.1999969482422</AltitudeMeters>
            <DistanceMeters>1778.52001953125</DistanceMeters>
            <HeartRateBpm>
              <Value>143</Value>
            </HeartRateBpm>
            <Extensions>
              <ns3:TPX>
                <ns3:Speed>3.6389999389648438</ns3:Speed>
                <ns3:RunCadence>87</ns3:RunCadence>
              </ns3:TPX>
            </Extensions>
          </Trackpoint>
          <Trackpoint>
            <Time>2026-01-16T09:47:55.000Z</Time>
            <Position>
              <LatitudeDegrees>38.92809125594795</LatitudeDegrees>
              <LongitudeDegrees>-6.379910744726658</LongitudeDegrees>
            </Position>
            <AltitudeMeters>207.1999969482422</AltitudeMeters>
            <DistanceMeters>1786.5</DistanceMeters>
            <HeartRateBpm>
              <Value>144</Value>
            </HeartRateBpm>
            <Extensions>
              <ns3:TPX>
                <ns3:Speed>3.6480000019073486</ns3:Speed>
                <ns3:RunCadence>88</ns3:RunCadence>
              </ns3:TPX>
            </Extensions>
          </Trackpoint>
          <Trackpoint>
            <Time>2026-01-16T09:48:01.000Z</Time>
            <Position>
              <LatitudeDegrees>38.92805563285947</LatitudeDegrees>
              <LongitudeDegrees>-6.3796391710639</LongitudeDegrees>
            </Position>
            <AltitudeMeters>207.39999389648438</AltitudeMeters>
            <DistanceMeters>1810.4000244140625</DistanceMeters>
            <HeartRateBpm>
              <Value>145</Value>
            </HeartRateBpm>
            <Extensions>
              <ns3:TPX>
                <ns3:Speed>3.686000108718872</ns3:Speed>
                <ns3:RunCadence>88</ns3:RunCadence>
              </ns3:TPX>
            </Extensions>
          </Trackpoint>
          <Trackpoint>
            <Time>2026-01-16T09:48:03.000Z</Time>
            <Position>
              <LatitudeDegrees>38.9280454069376</LatitudeDegrees>
              <LongitudeDegrees>-6.379554681479931</LongitudeDegrees>
            </Position>
            <AltitudeMeters>207.39999389648438</AltitudeMeters>
            <DistanceMeters>1817.800048828125</DistanceMeters>
            <HeartRateBpm>
              <Value>150</Value>
            </HeartRateBpm>
            <Extensions>
              <ns3:TPX>
                <ns3:Speed>3.7039999961853027</ns3:Speed>
                <ns3:RunCadence>88</ns3:RunCadence>
              </ns3:TPX>
            </Extensions>
          </Trackpoint>
          <Trackpoint>
            <Time>2026-01-16T09:48:04.000Z</Time>
            <Position>
              <LatitudeDegrees>38.92803920432925</LatitudeDegrees>
              <LongitudeDegrees>-6.3795162085443735</LongitudeDegrees>
            </Position>
            <AltitudeMeters>207.39999389648438</AltitudeMeters>
            <DistanceMeters>1821.199951171875</DistanceMeters>
            <HeartRateBpm>
              <Value>147</Value>
            </HeartRateBpm>
            <Extensions>
              <ns3:TPX>
                <ns3:Speed>3.7139999866485596</ns3:Speed>
                <ns3:RunCadence>88</ns3:RunCadence>
              </ns3:TPX>
            </Extensions>
          </Trackpoint>
          <Trackpoint>
            <Time>2026-01-16T09:48:09.000Z</Time>
            <Position>
              <LatitudeDegrees>38.92802696675062</LatitudeDegrees>
              <LongitudeDegrees>-6.379313617944717</LongitudeDegrees>
            </Position>
            <AltitudeMeters>206.60000610351562</AltitudeMeters>
            <DistanceMeters>1838.8199462890625</DistanceMeters>
            <HeartRateBpm>
              <Value>150</Value>
            </HeartRateBpm>
            <Extensions>
              <ns3:TPX>
                <ns3:Speed>3.7039999961853027</ns3:Speed>
                <ns3:RunCadence>88</ns3:RunCadence>
              </ns3:TPX>
            </Extensions>
          </Trackpoint>
          <Trackpoint>
            <Time>2026-01-16T09:48:10.000Z</Time>
            <Position>
              <LatitudeDegrees>38.92802428454161</LatitudeDegrees>
              <LongitudeDegrees>-6.37926877476275</LongitudeDegrees>
            </Position>
            <AltitudeMeters>206.60000610351562</AltitudeMeters>
            <DistanceMeters>1842.7099609375</DistanceMeters>
            <HeartRateBpm>
              <Value>150</Value>
            </HeartRateBpm>
            <Extensions>
              <ns3:TPX>
                <ns3:Speed>3.694999933242798</ns3:Speed>
                <ns3:RunCadence>88</ns3:RunCadence>
              </ns3:TPX>
            </Extensions>
          </Trackpoint>
          <Trackpoint>
            <Time>2026-01-16T09:48:15.000Z</Time>
            <Position>
              <LatitudeDegrees>38.92800785601139</LatitudeDegrees>
              <LongitudeDegrees>-6.379037853330374</LongitudeDegrees>
            </Position>
            <AltitudeMeters>206.60000610351562</AltitudeMeters>
            <DistanceMeters>1862.780029296875</DistanceMeters>
            <HeartRateBpm>
              <Value>152</Value>
            </HeartRateBpm>
            <Extensions>
              <ns3:TPX>
                <ns3:Speed>3.6760001182556152</ns3:Speed>
                <ns3:RunCadence>87</ns3:RunCadence>
              </ns3:TPX>
            </Extensions>
          </Trackpoint>
          <Trackpoint>
            <Time>2026-01-16T09:48:19.000Z</Time>
            <Position>
              <LatitudeDegrees>38.92799419350922</LatitudeDegrees>
              <LongitudeDegrees>-6.378855798393488</LongitudeDegrees>
            </Position>
            <AltitudeMeters>207.1999969482422</AltitudeMeters>
            <DistanceMeters>1878.6099853515625</DistanceMeters>
            <HeartRateBpm>
              <Value>150</Value>
            </HeartRateBpm>
            <Extensions>
              <ns3:TPX>
                <ns3:Speed>3.686000108718872</ns3:Speed>
                <ns3:RunCadence>87</ns3:RunCadence>
              </ns3:TPX>
            </Extensions>
          </Trackpoint>
          <Trackpoint>
            <Time>2026-01-16T09:48:20.000Z</Time>
            <Position>
              <LatitudeDegrees>38.92798664979637</LatitudeDegrees>
              <LongitudeDegrees>-6.378811793401837</LongitudeDegrees>
            </Position>
            <AltitudeMeters>207.39999389648438</AltitudeMeters>
            <DistanceMeters>1882.5</DistanceMeters>
            <HeartRateBpm>
              <Value>153</Value>
            </HeartRateBpm>
            <Extensions>
              <ns3:TPX>
                <ns3:Speed>3.694999933242798</ns3:Speed>
                <ns3:RunCadence>87</ns3:RunCadence>
              </ns3:TPX>
            </Extensions>
          </Trackpoint>
          <Trackpoint>
            <Time>2026-01-16T09:48:25.000Z</Time>
            <Position>
              <LatitudeDegrees>38.92797717824578</LatitudeDegrees>
              <LongitudeDegrees>-6.378605933859944</LongitudeDegrees>
            </Position>
            <AltitudeMeters>208.0</AltitudeMeters>
            <DistanceMeters>1900.3499755859375</DistanceMeters>
            <HeartRateBpm>
              <Value>154</Value>
            </HeartRateBpm>
            <Extensions>
              <ns3:TPX>
                <ns3:Speed>3.7039999961853027</ns3:Speed>
                <ns3:RunCadence>87</ns3:RunCadence>
              </ns3:TPX>
            </Extensions>
          </Trackpoint>
          <Trackpoint>
            <Time>2026-01-16T09:48:31.000Z</Time>
            <Position>
              <LatitudeDegrees>38.92792512662709</LatitudeDegrees>
              <LongitudeDegrees>-6.378343664109707</LongitudeDegrees>
            </Position>
            <AltitudeMeters>208.8000030517578</AltitudeMeters>
            <DistanceMeters>1923.75</DistanceMeters>
            <HeartRateBpm>
              <Value>155</Value>
            </HeartRateBpm>
            <Extensions>
              <ns3:TPX>
                <ns3:Speed>3.7039999961853027</ns3:Speed>
                <ns3:RunCadence>87</ns3:RunCadence>
              </ns3:TPX>
            </Extensions>
          </Trackpoint>
          <Trackpoint>
            <Time>2026-01-16T09:48:34.000Z</Time>
            <Position>
              <LatitudeDegrees>38.92791347578168</LatitudeDegrees>
              <LongitudeDegrees>-6.378214918076992</LongitudeDegrees>
            </Position>
            <AltitudeMeters>208.8000030517578</AltitudeMeters>
            <DistanceMeters>1935.050048828125</DistanceMeters>
            <HeartRateBpm>
              <Value>156</Value>
            </HeartRateBpm>
            <Extensions>
              <ns3:TPX>
                <ns3:Speed>3.7039999961853027</ns3:Speed>
                <ns3:RunCadence>87</ns3:RunCadence>
              </ns3:TPX>
            </Extensions>
          </Trackpoint>
          <Trackpoint>
            <Time>2026-01-16T09:48:39.000Z</Time>
            <Position>
              <LatitudeDegrees>38.92787190154195</LatitudeDegrees>
              <LongitudeDegrees>-6.377989528700709</LongitudeDegrees>
            </Position>
            <AltitudeMeters>208.8000030517578</AltitudeMeters>
            <DistanceMeters>1954.9100341796875</DistanceMeters>
            <HeartRateBpm>
              <Value>157</Value>
            </HeartRateBpm>
            <Extensions>
              <ns3:TPX>
                <ns3:Speed>3.7139999866485596</ns3:Speed>
                <ns3:RunCadence>88</ns3:RunCadence>
              </ns3:TPX>
            </Extensions>
          </Trackpoint>
          <Trackpoint>
            <Time>2026-01-16T09:48:45.000Z</Time>
            <Position>
              <LatitudeDegrees>38.92785103060305</LatitudeDegrees>
              <LongitudeDegrees>-6.377732791006565</LongitudeDegrees>
            </Position>
            <AltitudeMeters>207.39999389648438</AltitudeMeters>
            <DistanceMeters>1977.3499755859375</DistanceMeters>
            <HeartRateBpm>
              <Value>157</Value>
            </HeartRateBpm>
            <Extensions>
              <ns3:TPX>
                <ns3:Speed>3.742000102996826</ns3:Speed>
                <ns3:RunCadence>89</ns3:RunCadence>
              </ns3:TPX>
            </Extensions>
          </Trackpoint>
          <Trackpoint>
            <Time>2026-01-16T09:48:47.000Z</Time>
            <Position>
              <LatitudeDegrees>38.92785438336432</LatitudeDegrees>
              <LongitudeDegrees>-6.377658527344465</LongitudeDegrees>
            </Position>
            <AltitudeMeters>207.39999389648438</AltitudeMeters>
            <DistanceMeters>1983.8399658203125</DistanceMeters>
            <HeartRateBpm>
              <Value>157</Value>
            </HeartRateBpm>
            <Extensions>
              <ns3:TPX>
                <ns3:Speed>3.742000102996826</ns3:Speed>
                <ns3:RunCadence>88</ns3:RunCadence>
              </ns3:TPX>
            </Extensions>
          </Trackpoint>
          <Trackpoint>
            <Time>2026-01-16T09:48:52.000Z</Time>
            <Position>
              <LatitudeDegrees>38.927814988419414</LatitudeDegrees>
              <LongitudeDegrees>-6.3774461299180984</LongitudeDegrees>
            </Position>
            <AltitudeMeters>207.60000610351562</AltitudeMeters>
            <DistanceMeters>2002.5799560546875</DistanceMeters>
            <HeartRateBpm>
              <Value>158</Value>
            </HeartRateBpm>
            <Extensions>
              <ns3:TPX>
                <ns3:Speed>3.7320001125335693</ns3:Speed>
                <ns3:RunCadence>87</ns3:RunCadence>
              </ns3:TPX>
            </Extensions>
          </Trackpoint>
        </Track>
        <Extensions>
          <ns3:LX>
            <ns3:AvgSpeed>3.696000099182129</ns3:AvgSpeed>
            <ns3:AvgRunCadence>86</ns3:AvgRunCadence>
            <ns3:MaxRunCadence>90</ns3:MaxRunCadence>
          </ns3:LX>
        </Extensions>
      </Lap>
      <Lap StartTime="2026-01-16T09:48:53.000Z">
        <TotalTimeSeconds>284.437</TotalTimeSeconds>
        <DistanceMeters>1000.0</DistanceMeters>
        <MaximumSpeed>3.7320001125335693</MaximumSpeed>
        <Calories>80</Calories>
        <AverageHeartRateBpm>
          <Value>154</Value>
        </AverageHeartRateBpm>
        <MaximumHeartRateBpm>
          <Value>169</Value>
        </MaximumHeartRateBpm>
        <Intensity>Active</Intensity>
        <TriggerMethod>Manual</TriggerMethod>
        <Track>
          <Trackpoint>
            <Time>2026-01-16T09:48:57.000Z</Time>
            <Position>
              <LatitudeDegrees>38.927785735577345</LatitudeDegrees>
              <LongitudeDegrees>-6.377227613702416</LongitudeDegrees>
            </Position>
            <AltitudeMeters>207.0</AltitudeMeters>
            <DistanceMeters>2021.77001953125</DistanceMeters>
            <HeartRateBpm>
              <Value>156</Value>
            </HeartRateBpm>
            <Extensions>
              <ns3:TPX>
                <ns3:Speed>3.7320001125335693</ns3:Speed>
                <ns3:RunCadence>87</ns3:RunCadence>
              </ns3:TPX>
            </Extensions>
          </Trackpoint>
          <Trackpoint>
            <Time>2026-01-16T09:49:02.000Z</Time>
            <Position>
              <LatitudeDegrees>38.92777022905648</LatitudeDegrees>
              <LongitudeDegrees>-6.3770361710339785</LongitudeDegrees>
            </Position>
            <AltitudeMeters>207.0</AltitudeMeters>
            <DistanceMeters>2038.43994140625</DistanceMeters>
            <HeartRateBpm>
              <Value>159</Value>
            </HeartRateBpm>
            <Extensions>
              <ns3:TPX>
                <ns3:Speed>3.7230000495910645</ns3:Speed>
                <ns3:RunCadence>87</ns3:RunCadence>
              </ns3:TPX>
            </Extensions>
          </Trackpoint>
          <Trackpoint>
            <Time>2026-01-16T09:49:06.000Z</Time>
            <Position>
              <LatitudeDegrees>38.92774784937501</LatitudeDegrees>
              <LongitudeDegrees>-6.376877753064036</LongitudeDegrees>
            </Position>
            <AltitudeMeters>207.60000610351562</AltitudeMeters>
            <DistanceMeters>2052.320068359375</DistanceMeters>
            <HeartRateBpm>
              <Value>160</Value>
            </HeartRateBpm>
            <Extensions>
              <ns3:TPX>
                <ns3:Speed>3.7139999866485596</ns3:Speed>
                <ns3:RunCadence>88</ns3:RunCadence>
              </ns3:TPX>
            </Extensions>
          </Trackpoint>
          <Trackpoint>
            <Time>2026-01-16T09:49:12.000Z</Time>
            <Position>
              <LatitudeDegrees>38.927712393924594</LatitudeDegrees>
              <LongitudeDegrees>-6.376630403101444</LongitudeDegrees>
            </Position>
            <AltitudeMeters>208.60000610351562</AltitudeMeters>
            <DistanceMeters>2074.080078125</DistanceMeters>
            <HeartRateBpm>
              <Value>159</Value>
            </HeartRateBpm>
            <Extensions>
              <ns3:TPX>
                <ns3:Speed>3.6760001182556152</ns3:Speed>
                <ns3:RunCadence>87</ns3:RunCadence>
              </ns3:TPX>
            </Extensions>
          </Trackpoint>
          <Trackpoint>
            <Time>2026-01-16T09:49:15.000Z</Time>
            <Position>
              <LatitudeDegrees>38.92771700397134</LatitudeDegrees>
              <LongitudeDegrees>-6.37650609947741</LongitudeDegrees>
            </Position>
            <AltitudeMeters>209.0</AltitudeMeters>
            <DistanceMeters>2084.889892578125</DistanceMeters>
            <HeartRateBpm>
              <Value>158</Value>
            </HeartRateBpm>
            <Extensions>
              <ns3:TPX>
                <ns3:Speed>3.6579999923706055</ns3:Speed>
                <ns3:RunCadence>86</ns3:RunCadence>
              </ns3:TPX>
            </Extensions>
          </Trackpoint>
          <Trackpoint>
            <Time>2026-01-16T09:49:21.000Z</Time>
            <Position>
              <LatitudeDegrees>38.92767559736967</LatitudeDegrees>
              <LongitudeDegrees>-6.376263611018658</LongitudeDegrees>
            </Position>
            <AltitudeMeters>209.1999969482422</AltitudeMeters>
            <DistanceMeters>2106.340087890625</DistanceMeters>
            <HeartRateBpm>
              <Value>157</Value>
            </HeartRateBpm>
            <Extensions>
              <ns3:TPX>
                <ns3:Speed>3.6579999923706055</ns3:Speed>
                <ns3:RunCadence>85</ns3:RunCadence>
              </ns3:TPX>
            </Extensions>
          </Trackpoint>
          <Trackpoint>
            <Time>2026-01-16T09:49:23.000Z</Time>
            <Position>
              <LatitudeDegrees>38.92766679637134</LatitudeDegrees>
              <LongitudeDegrees>-6.376177193596959</LongitudeDegrees>
            </Position>
            <AltitudeMeters>209.0</AltitudeMeters>
            <DistanceMeters>2113.889892578125</DistanceMeters>
            <HeartRateBpm>
              <Value>161</Value>
            </HeartRateBpm>
            <Extensions>
              <ns3:TPX>
                <ns3:Speed>3.6579999923706055</ns3:Speed>
                <ns3:RunCadence>86</ns3:RunCadence>
              </ns3:TPX>
            </Extensions>
          </Trackpoint>
          <Trackpoint>
            <Time>2026-01-16T09:49:29.000Z</Time>
            <Position>
              <LatitudeDegrees>38.92763553187251</LatitudeDegrees>
              <LongitudeDegrees>-6.375935040414333</LongitudeDegrees>
            </Position>
            <AltitudeMeters>208.39999389648438</AltitudeMeters>
            <DistanceMeters>2135.139892578125</DistanceMeters>
            <HeartRateBpm>
              <Value>163</Value>
            </HeartRateBpm>
            <Extensions>
              <ns3:TPX>
                <ns3:Speed>3.6670000553131104</ns3:Speed>
                <ns3:RunCadence>86</ns3:RunCadence>
              </ns3:TPX>
            </Extensions>
          </Trackpoint>
          <Trackpoint>
            <Time>2026-01-16T09:49:32.000Z</Time>
            <Position>
              <LatitudeDegrees>38.92761256545782</LatitudeDegrees>
              <LongitudeDegrees>-6.375814089551568</LongitudeDegrees>
            </Position>
            <AltitudeMeters>208.1999969482422</AltitudeMeters>
            <DistanceMeters>2145.8798828125</DistanceMeters>
            <HeartRateBpm>
              <Value>165</Value>
            </HeartRateBpm>
            <Extensions>
              <ns3:TPX>
                <ns3:Speed>3.6579999923706055</ns3:Speed>
                <ns3:RunCadence>87</ns3:RunCadence>
              </ns3:TPX>
            </Extensions>
          </Trackpoint>
          <Trackpoint>
            <Time>2026-01-16T09:49:35.000Z</Time>
            <Position>
              <LatitudeDegrees>38.927597142755985</LatitudeDegrees>
              <LongitudeDegrees>-6.3756915461272</LongitudeDegrees>
            </Position>
            <AltitudeMeters>208.39999389648438</AltitudeMeters>
            <DistanceMeters>2156.610107421875</DistanceMeters>
            <HeartRateBpm>
              <Value>168</Value>
            </HeartRateBpm>
            <Extensions>
              <ns3:TPX>
                <ns3:Speed>3.6579999923706055</ns3:Speed>
                <ns3:RunCadence>88</ns3:RunCadence>
              </ns3:TPX>
            </Extensions>
          </Trackpoint>
          <Trackpoint>
            <Time>2026-01-16T09:49:41.000Z</Time>
            <Position>
              <LatitudeDegrees>38.92757845111191</LatitudeDegrees>
              <LongitudeDegrees>-6.375451823696494</LongitudeDegrees>
            </Position>
            <AltitudeMeters>208.39999389648438</AltitudeMeters>
            <DistanceMeters>2177.5</DistanceMeters>
            <HeartRateBpm>
              <Value>169</Value>
            </HeartRateBpm>
            <Extensions>
              <ns3:TPX>
                <ns3:Speed>3.6480000019073486</ns3:Speed>
                <ns3:RunCadence>87</ns3:RunCadence>
              </ns3:TPX>
            </Extensions>
          </Trackpoint>
          <Trackpoint>
            <Time>2026-01-16T09:49:43.000Z</Time>
            <Position>
              <LatitudeDegrees>38.92757358960807</LatitudeDegrees>
              <LongitudeDegrees>-6.3753671664744616</LongitudeDegrees>
            </Position>
            <AltitudeMeters>208.39999389648438</AltitudeMeters>
            <DistanceMeters>2184.830078125</DistanceMeters>
            <HeartRateBpm>
              <Value>165</Value>
            </HeartRateBpm>
            <Extensions>
              <ns3:TPX>
                <ns3:Speed>3.6389999389648438</ns3:Speed>
                <ns3:RunCadence>86</ns3:RunCadence>
              </ns3:TPX>
            </Extensions>
          </Trackpoint>
          <Trackpoint>
            <Time>2026-01-16T09:49:45.000Z</Time>
            <Position>
              <LatitudeDegrees>38.92755841836333</LatitudeDegrees>
              <LongitudeDegrees>-6.375285526737571</LongitudeDegrees>
            </Position>
            <AltitudeMeters>208.60000610351562</AltitudeMeters>
            <DistanceMeters>2192.070068359375</DistanceMeters>
            <HeartRateBpm>
              <Value>162</Value>
            </HeartRateBpm>
            <Extensions>
              <ns3:TPX>
                <ns3:Speed>3.6389999389648438</ns3:Speed>
                <ns3:RunCadence>87</ns3:RunCadence>
              </ns3:TPX>
            </Extensions>
          </Trackpoint>
          <Trackpoint>
            <Time>2026-01-16T09:49:49.000Z</Time>
            <Position>
              <LatitudeDegrees>38.92754953354597</LatitudeDegrees>
              <LongitudeDegrees>-6.375115290284157</LongitudeDegrees>
            </Position>
            <AltitudeMeters>208.1999969482422</AltitudeMeters>
            <DistanceMeters>2206.860107421875</DistanceMeters>
            <HeartRateBpm>
              <Value>160</Value>
            </HeartRateBpm>
            <Extensions>
              <ns3:TPX>
                <ns3:Speed>3.6389999389648438</ns3:Speed>
                <ns3:RunCadence>87</ns3:RunCadence>
              </ns3:TPX>
            </Extensions>
          </Trackpoint>
          <Trackpoint>
            <Time>2026-01-16T09:49:55.000Z</Time>
            <Position>
              <LatitudeDegrees>38.92751466482878</LatitudeDegrees>
              <LongitudeDegrees>-6.37487699277699</LongitudeDegrees>
            </Position>
            <AltitudeMeters>208.1999969482422</AltitudeMeters>
            <DistanceMeters>2227.85009765625</DistanceMeters>
            <HeartRateBpm>
              <Value>159</Value>
            </HeartRateBpm>
            <Extensions>
              <ns3:TPX>
                <ns3:Speed>3.6389999389648438</ns3:Speed>
                <ns3:RunCadence>86</ns3:RunCadence>
              </ns3:TPX>
            </Extensions>
          </Trackpoint>
          <Trackpoint>
            <Time>2026-01-16T09:49:56.000Z</Time>
            <Position>
              <LatitudeDegrees>38.92751089297235</LatitudeDegrees>
              <LongitudeDegrees>-6.374836256727576</LongitudeDegrees>
            </Position>
            <AltitudeMeters>208.1999969482422</AltitudeMeters>
            <DistanceMeters>2231.39990234375</DistanceMeters>
            <HeartRateBpm>
              <Value>158</Value>
            </HeartRateBpm>
            <Extensions>
              <ns3:TPX>
                <ns3:Speed>3.630000114440918</ns3:Speed>
                <ns3:RunCadence>86</ns3:RunCadence>
              </ns3:TPX>
            </Extensions>
          </Trackpoint>
          <Trackpoint>
            <Time>2026-01-16T09:50:02.000Z</Time>
            <Position>
              <LatitudeDegrees>38.92748197540641</LatitudeDegrees>
              <LongitudeDegrees>-6.374578680843115</LongitudeDegrees>
            </Position>
            <AltitudeMeters>208.0</AltitudeMeters>
            <DistanceMeters>2253.949951171875</DistanceMeters>
            <HeartRateBpm>
              <Value>160</Value>
            </HeartRateBpm>
            <Extensions>
              <ns3:TPX>
                <ns3:Speed>3.630000114440918</ns3:Speed>
                <ns3:RunCadence>87</ns3:RunCadence>
              </ns3:TPX>
            </Extensions>
          </Trackpoint>
          <Trackpoint>
            <Time>2026-01-16T09:50:04.000Z</Time>
            <Position>
              <LatitudeDegrees>38.92748733982444</LatitudeDegrees>
              <LongitudeDegrees>-6.374500226229429</LongitudeDegrees>
            </Position>
            <AltitudeMeters>207.8000030517578</AltitudeMeters>
            <DistanceMeters>2260.77001953125</DistanceMeters>
            <HeartRateBpm>
              <Value>159</Value>
            </HeartRateBpm>
            <Extensions>
              <ns3:TPX>
                <ns3:Speed>3.630000114440918</ns3:Speed>
                <ns3:RunCadence>87</ns3:RunCadence>
              </ns3:TPX>
            </Extensions>
          </Trackpoint>
          <Trackpoint>
            <Time>2026-01-16T09:50:07.000Z</Time>
            <Position>
              <LatitudeDegrees>38.927518017590046</LatitudeDegrees>
              <LongitudeDegrees>-6.3743900042027235</LongitudeDegrees>
            </Position>
            <AltitudeMeters>207.39999389648438</AltitudeMeters>
            <DistanceMeters>2270.919921875</DistanceMeters>
            <HeartRateBpm>
              <Value>162</Value>
            </HeartRateBpm>
            <Extensions>
              <ns3:TPX>
                <ns3:Speed>3.6389999389648438</ns3:Speed>
                <ns3:RunCadence>86</ns3:RunCadence>
              </ns3:TPX>
            </Extensions>
          </Trackpoint>
          <Trackpoint>
            <Time>2026-01-16T09:50:11.000Z</Time>
            <Position>
              <LatitudeDegrees>38.927565794438124</LatitudeDegrees>
              <LongitudeDegrees>-6.374247511848807</LongitudeDegrees>
            </Position>
            <AltitudeMeters>206.8000030517578</AltitudeMeters>
            <DistanceMeters>2284.39990234375</DistanceMeters>
            <HeartRateBpm>
              <Value>161</Value>
            </HeartRateBpm>
            <Extensions>
              <ns3:TPX>
                <ns3:Speed>3.630000114440918</ns3:Speed>
                <ns3:RunCadence>86</ns3:RunCadence>
              </ns3:TPX>
            </Extensions>
          </Trackpoint>
          <Trackpoint>
            <Time>2026-01-16T09:50:15.000Z</Time>
            <Position>
              <LatitudeDegrees>38.92753545194864</LatitudeDegrees>
              <LongitudeDegrees>-6.37407953850925</LongitudeDegrees>
            </Position>
            <AltitudeMeters>206.8000030517578</AltitudeMeters>
            <DistanceMeters>2299.699951171875</DistanceMeters>
            <HeartRateBpm>
              <Value>163</Value>
            </HeartRateBpm>
            <Extensions>
              <ns3:TPX>
                <ns3:Speed>3.630000114440918</ns3:Speed>
                <ns3:RunCadence>87</ns3:RunCadence>
              </ns3:TPX>
            </Extensions>
          </Trackpoint>
          <Trackpoint>
            <Time>2026-01-16T09:50:21.000Z</Time>
            <Position>
              <LatitudeDegrees>38.92739614471793</LatitudeDegrees>
              <LongitudeDegrees>-6.373881222680211</LongitudeDegrees>
            </Position>
            <AltitudeMeters>207.8000030517578</AltitudeMeters>
            <DistanceMeters>2322.93994140625</DistanceMeters>
            <HeartRateBpm>
              <Value>165</Value>
            </HeartRateBpm>
            <Extensions>
              <ns3:TPX>
                <ns3:Speed>3.6579999923706055</ns3:Speed>
                <ns3:RunCadence>87</ns3:RunCadence>
              </ns3:TPX>
            </Extensions>
          </Trackpoint>
          <Trackpoint>
            <Time>2026-01-16T09:50:24.000Z</Time>
            <Position>
              <LatitudeDegrees>38.927353732287884</LatitudeDegrees>
              <LongitudeDegrees>-6.37377904728055</LongitudeDegrees>
            </Position>
            <AltitudeMeters>208.0</AltitudeMeters>
            <DistanceMeters>2333.030029296875</DistanceMeters>
            <HeartRateBpm>
              <Value>168</Value>
            </HeartRateBpm>
            <Extensions>
              <ns3:TPX>
                <ns3:Speed>3.6760001182556152</ns3:Speed>
                <ns3:RunCadence>87</ns3:RunCadence>
              </ns3:TPX>
            </Extensions>
          </Trackpoint>
          <Trackpoint>
            <Time>2026-01-16T09:50:25.000Z</Time>
            <Position>
              <LatitudeDegrees>38.92735348083079</LatitudeDegrees>
              <LongitudeDegrees>-6.373740239068866</LongitudeDegrees>
            </Position>
            <AltitudeMeters>208.0</AltitudeMeters>
            <DistanceMeters>2336.39990234375</DistanceMeters>
            <HeartRateBpm>
              <Value>166</Value>
            </HeartRateBpm>
            <Extensions>
              <ns3:TPX>
                <ns3:Speed>3.6760001182556152</ns3:Speed>
                <ns3:RunCadence>87</ns3:RunCadence>
              </ns3:TPX>
            </Extensions>
          </Trackpoint>
          <Trackpoint>
            <Time>2026-01-16T09:50:30.000Z</Time>
            <Position>
              <LatitudeDegrees>38.92733780667186</LatitudeDegrees>
              <LongitudeDegrees>-6.373549718409777</LongitudeDegrees>
            </Position>
            <AltitudeMeters>208.1999969482422</AltitudeMeters>
            <DistanceMeters>2353.080078125</DistanceMeters>
            <HeartRateBpm>
              <Value>166</Value>
            </HeartRateBpm>
            <Extensions>
              <ns3:TPX>
                <ns3:Speed>3.6670000553131104</ns3:Speed>
                <ns3:RunCadence>86</ns3:RunCadence>
              </ns3:TPX>
            </Extensions>
          </Trackpoint>
          <Trackpoint>
            <Time>2026-01-16T09:50:36.000Z</Time>
            <Position>
              <LatitudeDegrees>38.92730377614498</LatitudeDegrees>
              <LongitudeDegrees>-6.373316450044513</LongitudeDegrees>
            </Position>
            <AltitudeMeters>209.1999969482422</AltitudeMeters>
            <DistanceMeters>2373.699951171875</DistanceMeters>
            <HeartRateBpm>
              <Value>167</Value>
            </HeartRateBpm>
            <Extensions>
              <ns3:TPX>
                <ns3:Speed>3.6480000019073486</ns3:Speed>
                <ns3:RunCadence>86</ns3:RunCadence>
              </ns3:TPX>
            </Extensions>
          </Trackpoint>
          <Trackpoint>
            <Time>2026-01-16T09:50:37.000Z</Time>
            <Position>
              <LatitudeDegrees>38.92729497514665</LatitudeDegrees>
              <LongitudeDegrees>-6.373275965452194</LongitudeDegrees>
            </Position>
            <AltitudeMeters>209.1999969482422</AltitudeMeters>
            <DistanceMeters>2377.340087890625</DistanceMeters>
            <HeartRateBpm>
              <Value>168</Value>
            </HeartRateBpm>
            <Extensions>
              <ns3:TPX>
                <ns3:Speed>3.6480000019073486</ns3:Speed>
                <ns3:RunCadence>86</ns3:RunCadence>
              </ns3:TPX>
            </Extensions>
          </Trackpoint>
          <Trackpoint>
            <Time>2026-01-16T09:50:43.000Z</Time>
            <Position>
              <LatitudeDegrees>38.9272649679333</LatitudeDegrees>
              <LongitudeDegrees>-6.3730338960886</LongitudeDegrees>
            </Position>
            <AltitudeMeters>209.1999969482422</AltitudeMeters>
            <DistanceMeters>2398.60009765625</DistanceMeters>
            <HeartRateBpm>
              <Value>168</Value>
            </HeartRateBpm>
            <Extensions>
              <ns3:TPX>
                <ns3:Speed>3.6389999389648438</ns3:Speed>
                <ns3:RunCadence>88</ns3:RunCadence>
              </ns3:TPX>
            </Extensions>
          </Trackpoint>
          <Trackpoint>
            <Time>2026-01-16T09:50:44.000Z</Time>
            <Position>
              <LatitudeDegrees>38.9272612798959</LatitudeDegrees>
              <LongitudeDegrees>-6.372992321848869</LongitudeDegrees>
            </Position>
            <AltitudeMeters>209.0</AltitudeMeters>
            <DistanceMeters>2402.219970703125</DistanceMeters>
            <HeartRateBpm>
              <Value>168</Value>
            </HeartRateBpm>
            <Extensions>
              <ns3:TPX>
                <ns3:Speed>3.6389999389648438</ns3:Speed>
                <ns3:RunCadence>88</ns3:RunCadence>
              </ns3:TPX>
            </Extensions>
          </Trackpoint>
          <Trackpoint>
            <Time>2026-01-16T09:52:53.000Z</Time>
            <Position>
              <LatitudeDegrees>38.92696330323815</LatitudeDegrees>
              <LongitudeDegrees>-6.370806824415922</LongitudeDegrees>
            </Position>
            <AltitudeMeters>206.39999389648438</AltitudeMeters>
            <DistanceMeters>2402.219970703125</DistanceMeters>
            <HeartRateBpm>
              <Value>109</Value>
            </HeartRateBpm>
            <Extensions>
              <ns3:TPX>
                <ns3:Speed>1.4179999828338623</ns3:Speed>
                <ns3:RunCadence>57</ns3:RunCadence>
              </ns3:TPX>
            </Extensions>
          </Trackpoint>
          <Trackpoint>
            <Time>2026-01-16T09:52:54.000Z</Time>
            <Position>
              <LatitudeDegrees>38.92695961520076</LatitudeDegrees>
              <LongitudeDegrees>-6.370788719505072</LongitudeDegrees>
            </Position>
            <AltitudeMeters>206.39999389648438</AltitudeMeters>
            <DistanceMeters>2403.840087890625</DistanceMeters>
            <HeartRateBpm>
              <Value>110</Value>
            </HeartRateBpm>
            <Extensions>
              <ns3:TPX>
                <ns3:Speed>1.315999984741211</ns3:Speed>
                <ns3:RunCadence>57</ns3:RunCadence>
              </ns3:TPX>
            </Extensions>
          </Trackpoint>
          <Trackpoint>
            <Time>2026-01-16T09:52:55.000Z</Time>
            <Position>
              <LatitudeDegrees>38.92695886082947</LatitudeDegrees>
              <LongitudeDegrees>-6.370766758918762</LongitudeDegrees>
            </Position>
            <AltitudeMeters>206.39999389648438</AltitudeMeters>
            <DistanceMeters>2405.75</DistanceMeters>
            <HeartRateBpm>
              <Value>110</Value>
            </HeartRateBpm>
            <Extensions>
              <ns3:TPX>
                <ns3:Speed>1.4559999704360962</ns3:Speed>
                <ns3:RunCadence>118</ns3:RunCadence>
              </ns3:TPX>
            </Extensions>
          </Trackpoint>
          <Trackpoint>
            <Time>2026-01-16T09:53:00.000Z</Time>
            <Position>
              <LatitudeDegrees>38.92691820859909</LatitudeDegrees>
              <LongitudeDegrees>-6.370591996237636</LongitudeDegrees>
            </Position>
            <AltitudeMeters>206.8000030517578</AltitudeMeters>
            <DistanceMeters>2421.590087890625</DistanceMeters>
            <HeartRateBpm>
              <Value>113</Value>
            </HeartRateBpm>
            <Extensions>
              <ns3:TPX>
                <ns3:Speed>3.2190001010894775</ns3:Speed>
                <ns3:RunCadence>86</ns3:RunCadence>
              </ns3:TPX>
            </Extensions>
          </Trackpoint>
          <Trackpoint>
            <Time>2026-01-16T09:53:01.000Z</Time>
            <Position>
              <LatitudeDegrees>38.92690756358206</LatitudeDegrees>
              <LongitudeDegrees>-6.370550673455</LongitudeDegrees>
            </Position>
            <AltitudeMeters>207.0</AltitudeMeters>
            <DistanceMeters>2425.360107421875</DistanceMeters>
            <HeartRateBpm>
              <Value>116</Value>
            </HeartRateBpm>
            <Extensions>
              <ns3:TPX>
                <ns3:Speed>3.2839999198913574</ns3:Speed>
                <ns3:RunCadence>86</ns3:RunCadence>
              </ns3:TPX>
            </Extensions>
          </Trackpoint>
          <Trackpoint>
            <Time>2026-01-16T09:53:03.000Z</Time>
            <Position>
              <LatitudeDegrees>38.92688686028123</LatitudeDegrees>
              <LongitudeDegrees>-6.370463753119111</LongitudeDegrees>
            </Position>
            <AltitudeMeters>207.1999969482422</AltitudeMeters>
            <DistanceMeters>2433.22998046875</DistanceMeters>
            <HeartRateBpm>
              <Value>121</Value>
            </HeartRateBpm>
            <Extensions>
              <ns3:TPX>
                <ns3:Speed>3.507999897003174</ns3:Speed>
                <ns3:RunCadence>86</ns3:RunCadence>
              </ns3:TPX>
            </Extensions>
          </Trackpoint>
          <Trackpoint>
            <Time>2026-01-16T09:53:05.000Z</Time>
            <Position>
              <LatitudeDegrees>38.92686992883682</LatitudeDegrees>
              <LongitudeDegrees>-6.370383873581886</LongitudeDegrees>
            </Position>
            <AltitudeMeters>207.39999389648438</AltitudeMeters>
            <DistanceMeters>2440.409912109375</DistanceMeters>
            <HeartRateBpm>
              <Value>124</Value>
            </HeartRateBpm>
            <Extensions>
              <ns3:TPX>
                <ns3:Speed>3.490000009536743</ns3:Speed>
                <ns3:RunCadence>87</ns3:RunCadence>
              </ns3:TPX>
            </Extensions>
          </Trackpoint>
          <Trackpoint>
            <Time>2026-01-16T09:53:07.000Z</Time>
            <Position>
              <LatitudeDegrees>38.92685115337372</LatitudeDegrees>
              <LongitudeDegrees>-6.370304077863693</LongitudeDegrees>
            </Position>
            <AltitudeMeters>207.60000610351562</AltitudeMeters>
            <DistanceMeters>2447.639892578125</DistanceMeters>
            <HeartRateBpm>
              <Value>126</Value>
            </HeartRateBpm>
            <Extensions>
              <ns3:TPX>
                <ns3:Speed>3.490000009536743</ns3:Speed>
                <ns3:RunCadence>87</ns3:RunCadence>
              </ns3:TPX>
            </Extensions>
          </Trackpoint>
          <Trackpoint>
            <Time>2026-01-16T09:53:12.000Z</Time>
            <Position>
              <LatitudeDegrees>38.92679717391729</LatitudeDegrees>
              <LongitudeDegrees>-6.37009721249342</LongitudeDegrees>
            </Position>
            <AltitudeMeters>207.39999389648438</AltitudeMeters>
            <DistanceMeters>2466.56005859375</DistanceMeters>
            <HeartRateBpm>
              <Value>129</Value>
            </HeartRateBpm>
            <Extensions>
              <ns3:TPX>
                <ns3:Speed>3.6019999980926514</ns3:Speed>
                <ns3:RunCadence>87</ns3:RunCadence>
              </ns3:TPX>
            </Extensions>
          </Trackpoint>
          <Trackpoint>
            <Time>2026-01-16T09:53:18.000Z</Time>
            <Position>
              <LatitudeDegrees>38.92672190442681</LatitudeDegrees>
              <LongitudeDegrees>-6.369847264140844</LongitudeDegrees>
            </Position>
            <AltitudeMeters>207.8000030517578</AltitudeMeters>
            <DistanceMeters>2489.7900390625</DistanceMeters>
            <HeartRateBpm>
              <Value>131</Value>
            </HeartRateBpm>
            <Extensions>
              <ns3:TPX>
                <ns3:Speed>3.6579999923706055</ns3:Speed>
                <ns3:RunCadence>86</ns3:RunCadence>
              </ns3:TPX>
            </Extensions>
          </Trackpoint>
          <Trackpoint>
            <Time>2026-01-16T09:53:23.000Z</Time>
            <Position>
              <LatitudeDegrees>38.926649149507284</LatitudeDegrees>
              <LongitudeDegrees>-6.369675435125828</LongitudeDegrees>
            </Position>
            <AltitudeMeters>209.0</AltitudeMeters>
            <DistanceMeters>2506.860107421875</DistanceMeters>
            <HeartRateBpm>
              <Value>134</Value>
            </HeartRateBpm>
            <Extensions>
              <ns3:TPX>
                <ns3:Speed>3.6670000553131104</ns3:Speed>
                <ns3:RunCadence>87</ns3:RunCadence>
              </ns3:TPX>
            </Extensions>
          </Trackpoint>
          <Trackpoint>
            <Time>2026-01-16T09:53:26.000Z</Time>
            <Position>
              <LatitudeDegrees>38.92660900019109</LatitudeDegrees>
              <LongitudeDegrees>-6.369559010490775</LongitudeDegrees>
            </Position>
            <AltitudeMeters>209.0</AltitudeMeters>
            <DistanceMeters>2517.909912109375</DistanceMeters>
            <HeartRateBpm>
              <Value>137</Value>
            </HeartRateBpm>
            <Extensions>
              <ns3:TPX>
                <ns3:Speed>3.6480000019073486</ns3:Speed>
                <ns3:RunCadence>88</ns3:RunCadence>
              </ns3:TPX>
            </Extensions>
          </Trackpoint>
          <Trackpoint>
            <Time>2026-01-16T09:53:30.000Z</Time>
            <Position>
              <LatitudeDegrees>38.926562732085586</LatitudeDegrees>
              <LongitudeDegrees>-6.369385756552219</LongitudeDegrees>
            </Position>
            <AltitudeMeters>209.39999389648438</AltitudeMeters>
            <DistanceMeters>2533.780029296875</DistanceMeters>
            <HeartRateBpm>
              <Value>137</Value>
            </HeartRateBpm>
            <Extensions>
              <ns3:TPX>
                <ns3:Speed>3.6480000019073486</ns3:Speed>
                <ns3:RunCadence>87</ns3:RunCadence>
              </ns3:TPX>
            </Extensions>
          </Trackpoint>
          <Trackpoint>
            <Time>2026-01-16T09:53:34.000Z</Time>
            <Position>
              <LatitudeDegrees>38.92650581896305</LatitudeDegrees>
              <LongitudeDegrees>-6.369224656373262</LongitudeDegrees>
            </Position>
            <AltitudeMeters>209.39999389648438</AltitudeMeters>
            <DistanceMeters>2549.1201171875</DistanceMeters>
            <HeartRateBpm>
              <Value>140</Value>
            </HeartRateBpm>
            <Extensions>
              <ns3:TPX>
                <ns3:Speed>3.6760001182556152</ns3:Speed>
                <ns3:RunCadence>86</ns3:RunCadence>
              </ns3:TPX>
            </Extensions>
          </Trackpoint>
          <Trackpoint>
            <Time>2026-01-16T09:53:38.000Z</Time>
            <Position>
              <LatitudeDegrees>38.92645116895437</LatitudeDegrees>
              <LongitudeDegrees>-6.369086103513837</LongitudeDegrees>
            </Position>
            <AltitudeMeters>209.0</AltitudeMeters>
            <DistanceMeters>2562.570068359375</DistanceMeters>
            <HeartRateBpm>
              <Value>143</Value>
            </HeartRateBpm>
            <Extensions>
              <ns3:TPX>
                <ns3:Speed>3.686000108718872</ns3:Speed>
                <ns3:RunCadence>87</ns3:RunCadence>
              </ns3:TPX>
            </Extensions>
          </Trackpoint>
          <Trackpoint>
            <Time>2026-01-16T09:53:39.000Z</Time>
            <Position>
              <LatitudeDegrees>38.92643683589995</LatitudeDegrees>
              <LongitudeDegrees>-6.369048887863755</LongitudeDegrees>
            </Position>
            <AltitudeMeters>209.0</AltitudeMeters>
            <DistanceMeters>2566.169921875</DistanceMeters>
            <HeartRateBpm>
              <Value>143</Value>
            </HeartRateBpm>
            <Extensions>
              <ns3:TPX>
                <ns3:Speed>3.686000108718872</ns3:Speed>
                <ns3:RunCadence>88</ns3:RunCadence>
              </ns3:TPX>
            </Extensions>
          </Trackpoint>
          <Trackpoint>
            <Time>2026-01-16T09:53:44.000Z</Time>
            <Position>
              <LatitudeDegrees>38.9263685233891</LatitudeDegrees>
              <LongitudeDegrees>-6.368863061070442</LongitudeDegrees>
            </Position>
            <AltitudeMeters>208.0</AltitudeMeters>
            <DistanceMeters>2583.989990234375</DistanceMeters>
            <HeartRateBpm>
              <Value>146</Value>
            </HeartRateBpm>
            <Extensions>
              <ns3:TPX>
                <ns3:Speed>3.6670000553131104</ns3:Speed>
                <ns3:RunCadence>88</ns3:RunCadence>
              </ns3:TPX>
            </Extensions>
          </Trackpoint>
          <Trackpoint>
            <Time>2026-01-16T09:53:49.000Z</Time>
            <Position>
              <LatitudeDegrees>38.92629325389862</LatitudeDegrees>
              <LongitudeDegrees>-6.3686921540647745</LongitudeDegrees>
            </Position>
            <AltitudeMeters>207.39999389648438</AltitudeMeters>
            <DistanceMeters>2600.989990234375</DistanceMeters>
            <HeartRateBpm>
              <Value>148</Value>
            </HeartRateBpm>
            <Extensions>
              <ns3:TPX>
                <ns3:Speed>3.6480000019073486</ns3:Speed>
                <ns3:RunCadence>86</ns3:RunCadence>
              </ns3:TPX>
            </Extensions>
          </Trackpoint>
          <Trackpoint>
            <Time>2026-01-16T09:53:55.000Z</Time>
            <Position>
              <LatitudeDegrees>38.92619443126023</LatitudeDegrees>
              <LongitudeDegrees>-6.368475230410695</LongitudeDegrees>
            </Position>
            <AltitudeMeters>206.8000030517578</AltitudeMeters>
            <DistanceMeters>2622.77001953125</DistanceMeters>
            <HeartRateBpm>
              <Value>150</Value>
            </HeartRateBpm>
            <Extensions>
              <ns3:TPX>
                <ns3:Speed>3.619999885559082</ns3:Speed>
                <ns3:RunCadence>88</ns3:RunCadence>
              </ns3:TPX>
            </Extensions>
          </Trackpoint>
          <Trackpoint>
            <Time>2026-01-16T09:54:00.000Z</Time>
            <Position>
              <LatitudeDegrees>38.92611245624721</LatitudeDegrees>
              <LongitudeDegrees>-6.368313040584326</LongitudeDegrees>
            </Position>
            <AltitudeMeters>207.1999969482422</AltitudeMeters>
            <DistanceMeters>2639.530029296875</DistanceMeters>
            <HeartRateBpm>
              <Value>152</Value>
            </HeartRateBpm>
            <Extensions>
              <ns3:TPX>
                <ns3:Speed>3.6110000610351562</ns3:Speed>
                <ns3:RunCadence>88</ns3:RunCadence>
              </ns3:TPX>
            </Extensions>
          </Trackpoint>
          <Trackpoint>
            <Time>2026-01-16T09:54:06.000Z</Time>
            <Position>
              <LatitudeDegrees>38.92600625753403</LatitudeDegrees>
              <LongitudeDegrees>-6.368123441934586</LongitudeDegrees>
            </Position>
            <AltitudeMeters>208.60000610351562</AltitudeMeters>
            <DistanceMeters>2659.75</DistanceMeters>
            <HeartRateBpm>
              <Value>153</Value>
            </HeartRateBpm>
            <Extensions>
              <ns3:TPX>
                <ns3:Speed>3.5829999446868896</ns3:Speed>
                <ns3:RunCadence>87</ns3:RunCadence>
              </ns3:TPX>
            </Extensions>
          </Trackpoint>
          <Trackpoint>
            <Time>2026-01-16T09:54:08.000Z</Time>
            <Position>
              <LatitudeDegrees>38.9259713049978</LatitudeDegrees>
              <LongitudeDegrees>-6.36806158348918</LongitudeDegrees>
            </Position>
            <AltitudeMeters>208.8000030517578</AltitudeMeters>
            <DistanceMeters>2666.3701171875</DistanceMeters>
            <HeartRateBpm>
              <Value>154</Value>
            </HeartRateBpm>
            <Extensions>
              <ns3:TPX>
                <ns3:Speed>3.5739998817443848</ns3:Speed>
                <ns3:RunCadence>86</ns3:RunCadence>
              </ns3:TPX>
            </Extensions>
          </Trackpoint>
          <Trackpoint>
            <Time>2026-01-16T09:54:14.000Z</Time>
            <Position>
              <LatitudeDegrees>38.925864519551396</LatitudeDegrees>
              <LongitudeDegrees>-6.367873577401042</LongitudeDegrees>
            </Position>
            <AltitudeMeters>208.8000030517578</AltitudeMeters>
            <DistanceMeters>2686.550048828125</DistanceMeters>
            <HeartRateBpm>
              <Value>155</Value>
            </HeartRateBpm>
            <Extensions>
              <ns3:TPX>
                <ns3:Speed>3.5360000133514404</ns3:Speed>
                <ns3:RunCadence>87</ns3:RunCadence>
              </ns3:TPX>
            </Extensions>
          </Trackpoint>
          <Trackpoint>
            <Time>2026-01-16T09:54:18.000Z</Time>
            <Position>
              <LatitudeDegrees>38.92579092644155</LatitudeDegrees>
              <LongitudeDegrees>-6.367744663730264</LongitudeDegrees>
            </Position>
            <AltitudeMeters>208.60000610351562</AltitudeMeters>
            <DistanceMeters>2700.389892578125</DistanceMeters>
            <HeartRateBpm>
              <Value>155</Value>
            </HeartRateBpm>
            <Extensions>
              <ns3:TPX>
                <ns3:Speed>3.5179998874664307</ns3:Speed>
                <ns3:RunCadence>87</ns3:RunCadence>
              </ns3:TPX>
            </Extensions>
          </Trackpoint>
          <Trackpoint>
            <Time>2026-01-16T09:54:24.000Z</Time>
            <Position>
              <LatitudeDegrees>38.92568288370967</LatitudeDegrees>
              <LongitudeDegrees>-6.367554729804397</LongitudeDegrees>
            </Position>
            <AltitudeMeters>208.1999969482422</AltitudeMeters>
            <DistanceMeters>2720.760009765625</DistanceMeters>
            <HeartRateBpm>
              <Value>155</Value>
            </HeartRateBpm>
            <Extensions>
              <ns3:TPX>
                <ns3:Speed>3.499000072479248</ns3:Speed>
                <ns3:RunCadence>87</ns3:RunCadence>
              </ns3:TPX>
            </Extensions>
          </Trackpoint>
          <Trackpoint>
            <Time>2026-01-16T09:54:27.000Z</Time>
            <Position>
              <LatitudeDegrees>38.925626976415515</LatitudeDegrees>
              <LongitudeDegrees>-6.36745666153729</LongitudeDegrees>
            </Position>
            <AltitudeMeters>208.39999389648438</AltitudeMeters>
            <DistanceMeters>2731.280029296875</DistanceMeters>
            <HeartRateBpm>
              <Value>154</Value>
            </HeartRateBpm>
            <Extensions>
              <ns3:TPX>
                <ns3:Speed>3.490000009536743</ns3:Speed>
                <ns3:RunCadence>86</ns3:RunCadence>
              </ns3:TPX>
            </Extensions>
          </Trackpoint>
          <Trackpoint>
            <Time>2026-01-16T09:54:33.000Z</Time>
            <Position>
              <LatitudeDegrees>38.92552119679749</LatitudeDegrees>
              <LongitudeDegrees>-6.367264715954661</LongitudeDegrees>
            </Position>
            <AltitudeMeters>208.60000610351562</AltitudeMeters>
            <DistanceMeters>2751.64990234375</DistanceMeters>
            <HeartRateBpm>
              <Value>155</Value>
            </HeartRateBpm>
            <Extensions>
              <ns3:TPX>
                <ns3:Speed>3.4709999561309814</ns3:Speed>
                <ns3:RunCadence>87</ns3:RunCadence>
              </ns3:TPX>
            </Extensions>
          </Trackpoint>
          <Trackpoint>
            <Time>2026-01-16T09:54:36.000Z</Time>
            <Position>
              <LatitudeDegrees>38.92546587623656</LatitudeDegrees>
              <LongitudeDegrees>-6.367169329896569</LongitudeDegrees>
            </Position>
            <AltitudeMeters>208.39999389648438</AltitudeMeters>
            <DistanceMeters>2761.93994140625</DistanceMeters>
            <HeartRateBpm>
              <Value>154</Value>
            </HeartRateBpm>
            <Extensions>
              <ns3:TPX>
                <ns3:Speed>3.4709999561309814</ns3:Speed>
                <ns3:RunCadence>87</ns3:RunCadence>
              </ns3:TPX>
            </Extensions>
          </Trackpoint>
          <Trackpoint>
            <Time>2026-01-16T09:54:42.000Z</Time>
            <Position>
              <LatitudeDegrees>38.92536076717079</LatitudeDegrees>
              <LongitudeDegrees>-6.366980401799083</LongitudeDegrees>
            </Position>
            <AltitudeMeters>210.39999389648438</AltitudeMeters>
            <DistanceMeters>2782.06005859375</DistanceMeters>
            <HeartRateBpm>
              <Value>156</Value>
            </HeartRateBpm>
            <Extensions>
              <ns3:TPX>
                <ns3:Speed>3.4619998931884766</ns3:Speed>
                <ns3:RunCadence>87</ns3:RunCadence>
              </ns3:TPX>
            </Extensions>
          </Trackpoint>
          <Trackpoint>
            <Time>2026-01-16T09:54:44.000Z</Time>
            <Position>
              <LatitudeDegrees>38.925326904281974</LatitudeDegrees>
              <LongitudeDegrees>-6.366914184764028</LongitudeDegrees>
            </Position>
            <AltitudeMeters>210.8000030517578</AltitudeMeters>
            <DistanceMeters>2788.919921875</DistanceMeters>
            <HeartRateBpm>
              <Value>160</Value>
            </HeartRateBpm>
            <Extensions>
              <ns3:TPX>
                <ns3:Speed>3.4619998931884766</ns3:Speed>
                <ns3:RunCadence>87</ns3:RunCadence>
              </ns3:TPX>
            </Extensions>
          </Trackpoint>
          <Trackpoint>
            <Time>2026-01-16T09:54:45.000Z</Time>
            <Position>
              <LatitudeDegrees>38.92530963756144</LatitudeDegrees>
              <LongitudeDegrees>-6.366879986599088</LongitudeDegrees>
            </Position>
            <AltitudeMeters>211.0</AltitudeMeters>
            <DistanceMeters>2792.449951171875</DistanceMeters>
            <HeartRateBpm>
              <Value>158</Value>
            </HeartRateBpm>
            <Extensions>
              <ns3:TPX>
                <ns3:Speed>3.4619998931884766</ns3:Speed>
                <ns3:RunCadence>87</ns3:RunCadence>
              </ns3:TPX>
            </Extensions>
          </Trackpoint>
          <Trackpoint>
            <Time>2026-01-16T09:54:52.000Z</Time>
            <Position>
              <LatitudeDegrees>38.925192123278975</LatitudeDegrees>
              <LongitudeDegrees>-6.366662560030818</LongitudeDegrees>
            </Position>
            <AltitudeMeters>211.60000610351562</AltitudeMeters>
            <DistanceMeters>2815.3798828125</DistanceMeters>
            <HeartRateBpm>
              <Value>158</Value>
            </HeartRateBpm>
            <Extensions>
              <ns3:TPX>
                <ns3:Speed>3.4519999027252197</ns3:Speed>
                <ns3:RunCadence>86</ns3:RunCadence>
              </ns3:TPX>
            </Extensions>
          </Trackpoint>
          <Trackpoint>
            <Time>2026-01-16T09:54:54.000Z</Time>
            <Position>
              <LatitudeDegrees>38.92515926621854</LatitudeDegrees>
              <LongitudeDegrees>-6.366597935557365</LongitudeDegrees>
            </Position>
            <AltitudeMeters>211.8000030517578</AltitudeMeters>
            <DistanceMeters>2822.070068359375</DistanceMeters>
            <HeartRateBpm>
              <Value>158</Value>
            </HeartRateBpm>
            <Extensions>
              <ns3:TPX>
                <ns3:Speed>3.443000078201294</ns3:Speed>
                <ns3:RunCadence>86</ns3:RunCadence>
              </ns3:TPX>
            </Extensions>
          </Trackpoint>
          <Trackpoint>
            <Time>2026-01-16T09:55:00.000Z</Time>
            <Position>
              <LatitudeDegrees>38.925094809383154</LatitudeDegrees>
              <LongitudeDegrees>-6.366392495110631</LongitudeDegrees>
            </Position>
            <AltitudeMeters>211.39999389648438</AltitudeMeters>
            <DistanceMeters>2841.719970703125</DistanceMeters>
            <HeartRateBpm>
              <Value>159</Value>
            </HeartRateBpm>
            <Extensions>
              <ns3:TPX>
                <ns3:Speed>3.4240000247955322</ns3:Speed>
                <ns3:RunCadence>87</ns3:RunCadence>
              </ns3:TPX>
            </Extensions>
          </Trackpoint>
          <Trackpoint>
            <Time>2026-01-16T09:55:06.000Z</Time>
            <Position>
              <LatitudeDegrees>38.925097323954105</LatitudeDegrees>
              <LongitudeDegrees>-6.366159310564399</LongitudeDegrees>
            </Position>
            <AltitudeMeters>210.39999389648438</AltitudeMeters>
            <DistanceMeters>2862.090087890625</DistanceMeters>
            <HeartRateBpm>
              <Value>160</Value>
            </HeartRateBpm>
            <Extensions>
              <ns3:TPX>
                <ns3:Speed>3.4149999618530273</ns3:Speed>
                <ns3:RunCadence>87</ns3:RunCadence>
              </ns3:TPX>
            </Extensions>
          </Trackpoint>
          <Trackpoint>
            <Time>2026-01-16T09:55:07.000Z</Time>
            <Position>
              <LatitudeDegrees>38.92508734948933</LatitudeDegrees>
              <LongitudeDegrees>-6.366123268380761</LongitudeDegrees>
            </Position>
            <AltitudeMeters>210.1999969482422</AltitudeMeters>
            <DistanceMeters>2865.39990234375</DistanceMeters>
            <HeartRateBpm>
              <Value>159</Value>
            </HeartRateBpm>
            <Extensions>
              <ns3:TPX>
                <ns3:Speed>3.4149999618530273</ns3:Speed>
                <ns3:RunCadence>87</ns3:RunCadence>
              </ns3:TPX>
            </Extensions>
          </Trackpoint>
          <Trackpoint>
            <Time>2026-01-16T09:55:13.000Z</Time>
            <Position>
              <LatitudeDegrees>38.9249506406486</LatitudeDegrees>
              <LongitudeDegrees>-6.365960659459233</LongitudeDegrees>
            </Position>
            <AltitudeMeters>209.8000030517578</AltitudeMeters>
            <DistanceMeters>2886.679931640625</DistanceMeters>
            <HeartRateBpm>
              <Value>159</Value>
            </HeartRateBpm>
            <Extensions>
              <ns3:TPX>
                <ns3:Speed>3.4059998989105225</ns3:Speed>
                <ns3:RunCadence>87</ns3:RunCadence>
              </ns3:TPX>
            </Extensions>
          </Trackpoint>
          <Trackpoint>
            <Time>2026-01-16T09:55:19.000Z</Time>
            <Position>
              <LatitudeDegrees>38.924776213243604</LatitudeDegrees>
              <LongitudeDegrees>-6.365870386362076</LongitudeDegrees>
            </Position>
            <AltitudeMeters>210.39999389648438</AltitudeMeters>
            <DistanceMeters>2907.8798828125</DistanceMeters>
            <HeartRateBpm>
              <Value>159</Value>
            </HeartRateBpm>
            <Extensions>
              <ns3:TPX>
                <ns3:Speed>3.4059998989105225</ns3:Speed>
                <ns3:RunCadence>86</ns3:RunCadence>
              </ns3:TPX>
            </Extensions>
          </Trackpoint>
          <Trackpoint>
            <Time>2026-01-16T09:55:25.000Z</Time>
            <Position>
              <LatitudeDegrees>38.92466163262725</LatitudeDegrees>
              <LongitudeDegrees>-6.365675590932369</LongitudeDegrees>
            </Position>
            <AltitudeMeters>210.8000030517578</AltitudeMeters>
            <DistanceMeters>2929.070068359375</DistanceMeters>
            <HeartRateBpm>
              <Value>158</Value>
            </HeartRateBpm>
            <Extensions>
              <ns3:TPX>
                <ns3:Speed>3.4059998989105225</ns3:Speed>
                <ns3:RunCadence>85</ns3:RunCadence>
              </ns3:TPX>
            </Extensions>
          </Trackpoint>
          <Trackpoint>
            <Time>2026-01-16T09:55:27.000Z</Time>
            <Position>
              <LatitudeDegrees>38.92462248913944</LatitudeDegrees>
              <LongitudeDegrees>-6.3656089548021555</LongitudeDegrees>
            </Position>
            <AltitudeMeters>210.39999389648438</AltitudeMeters>
            <DistanceMeters>2936.300048828125</DistanceMeters>
            <HeartRateBpm>
              <Value>156</Value>
            </HeartRateBpm>
            <Extensions>
              <ns3:TPX>
                <ns3:Speed>3.4059998989105225</ns3:Speed>
                <ns3:RunCadence>85</ns3:RunCadence>
              </ns3:TPX>
            </Extensions>
          </Trackpoint>
          <Trackpoint>
            <Time>2026-01-16T09:55:31.000Z</Time>
            <Position>
              <LatitudeDegrees>38.924549566581845</LatitudeDegrees>
              <LongitudeDegrees>-6.365477358922362</LongitudeDegrees>
            </Position>
            <AltitudeMeters>209.8000030517578</AltitudeMeters>
            <DistanceMeters>2950.280029296875</DistanceMeters>
            <HeartRateBpm>
              <Value>159</Value>
            </HeartRateBpm>
            <Extensions>
              <ns3:TPX>
                <ns3:Speed>3.4149999618530273</ns3:Speed>
                <ns3:RunCadence>85</ns3:RunCadence>
              </ns3:TPX>
            </Extensions>
          </Trackpoint>
          <Trackpoint>
            <Time>2026-01-16T09:55:37.000Z</Time>
            <Position>
              <LatitudeDegrees>38.92443682998419</LatitudeDegrees>
              <LongitudeDegrees>-6.365260519087315</LongitudeDegrees>
            </Position>
            <AltitudeMeters>209.1999969482422</AltitudeMeters>
            <DistanceMeters>2972.8701171875</DistanceMeters>
            <HeartRateBpm>
              <Value>161</Value>
            </HeartRateBpm>
            <Extensions>
              <ns3:TPX>
                <ns3:Speed>3.434000015258789</ns3:Speed>
                <ns3:RunCadence>86</ns3:RunCadence>
              </ns3:TPX>
            </Extensions>
          </Trackpoint>
          <Trackpoint>
            <Time>2026-01-16T09:55:38.000Z</Time>
            <Position>
              <LatitudeDegrees>38.924418138340116</LatitudeDegrees>
              <LongitudeDegrees>-6.365225063636899</LongitudeDegrees>
            </Position>
            <AltitudeMeters>208.8000030517578</AltitudeMeters>
            <DistanceMeters>2976.580078125</DistanceMeters>
            <HeartRateBpm>
              <Value>161</Value>
            </HeartRateBpm>
            <Extensions>
              <ns3:TPX>
                <ns3:Speed>3.434000015258789</ns3:Speed>
                <ns3:RunCadence>86</ns3:RunCadence>
              </ns3:TPX>
            </Extensions>
          </Trackpoint>
          <Trackpoint>
            <Time>2026-01-16T09:55:44.000Z</Time>
            <Position>
              <LatitudeDegrees>38.924307161942124</LatitudeDegrees>
              <LongitudeDegrees>-6.365034291520715</LongitudeDegrees>
            </Position>
            <AltitudeMeters>208.1999969482422</AltitudeMeters>
            <DistanceMeters>2997.199951171875</DistanceMeters>
            <HeartRateBpm>
              <Value>159</Value>
            </HeartRateBpm>
            <Extensions>
              <ns3:TPX>
                <ns3:Speed>3.4619998931884766</ns3:Speed>
                <ns3:RunCadence>87</ns3:RunCadence>
              </ns3:TPX>
            </Extensions>
          </Trackpoint>
          <Trackpoint>
            <Time>2026-01-16T09:55:45.000Z</Time>
            <Position>
              <LatitudeDegrees>38.92428738065064</LatitudeDegrees>
              <LongitudeDegrees>-6.365005038678646</LongitudeDegrees>
            </Position>
            <AltitudeMeters>208.1999969482422</AltitudeMeters>
            <DistanceMeters>3000.550048828125</DistanceMeters>
            <HeartRateBpm>
              <Value>159</Value>
            </HeartRateBpm>
            <Extensions>
              <ns3:TPX>
                <ns3:Speed>3.4619998931884766</ns3:Speed>
                <ns3:RunCadence>87</ns3:RunCadence>
              </ns3:TPX>
            </Extensions>
          </Trackpoint>
        </Track>
        <Extensions>
          <ns3:LX>
            <ns3:AvgSpeed>3.5160000324249268</ns3:AvgSpeed>
            <ns3:AvgRunCadence>86</ns3:AvgRunCadence>
            <ns3:MaxRunCadence>118</ns3:MaxRunCadence>
          </ns3:LX>
        </Extensions>
      </Lap>
      <Lap StartTime="2026-01-16T09:55:46.000Z">
        <TotalTimeSeconds>286.164</TotalTimeSeconds>
        <DistanceMeters>1002.29</DistanceMeters>
        <MaximumSpeed>3.7790000438690186</MaximumSpeed>
        <Calories>72</Calories>
        <AverageHeartRateBpm>
          <Value>153</Value>
        </AverageHeartRateBpm>
        <MaximumHeartRateBpm>
          <Value>167</Value>
        </MaximumHeartRateBpm>
        <Intensity>Active</Intensity>
        <TriggerMethod>Manual</TriggerMethod>
        <Track>
          <Trackpoint>
            <Time>2026-01-16T09:55:47.000Z</Time>
            <Position>
              <LatitudeDegrees>38.924249578267336</LatitudeDegrees>
              <LongitudeDegrees>-6.364943850785494</LongitudeDegrees>
            </Position>
            <AltitudeMeters>208.0</AltitudeMeters>
            <DistanceMeters>3007.320068359375</DistanceMeters>
            <HeartRateBpm>
              <Value>160</Value>
            </HeartRateBpm>
            <Extensions>
              <ns3:TPX>
                <ns3:Speed>3.4709999561309814</ns3:Speed>
                <ns3:RunCadence>86</ns3:RunCadence>
              </ns3:TPX>
            </Extensions>
          </Trackpoint>
          <Trackpoint>
            <Time>2026-01-16T09:55:53.000Z</Time>
            <Position>
              <LatitudeDegrees>38.92414237372577</LatitudeDegrees>
              <LongitudeDegrees>-6.364752575755119</LongitudeDegrees>
            </Position>
            <AltitudeMeters>207.60000610351562</AltitudeMeters>
            <DistanceMeters>3027.739990234375</DistanceMeters>
            <HeartRateBpm>
              <Value>160</Value>
            </HeartRateBpm>
            <Extensions>
              <ns3:TPX>
                <ns3:Speed>3.4619998931884766</ns3:Speed>
                <ns3:RunCadence>86</ns3:RunCadence>
              </ns3:TPX>
            </Extensions>
          </Trackpoint>
          <Trackpoint>
            <Time>2026-01-16T09:55:57.000Z</Time>
            <Position>
              <LatitudeDegrees>38.92406811006367</LatitudeDegrees>
              <LongitudeDegrees>-6.364619638770819</LongitudeDegrees>
            </Position>
            <AltitudeMeters>207.39999389648438</AltitudeMeters>
            <DistanceMeters>3041.909912109375</DistanceMeters>
            <HeartRateBpm>
              <Value>159</Value>
            </HeartRateBpm>
            <Extensions>
              <ns3:TPX>
                <ns3:Speed>3.4619998931884766</ns3:Speed>
                <ns3:RunCadence>87</ns3:RunCadence>
              </ns3:TPX>
            </Extensions>
          </Trackpoint>
          <Trackpoint>
            <Time>2026-01-16T09:56:04.000Z</Time>
            <Position>
              <LatitudeDegrees>38.923945063725114</LatitudeDegrees>
              <LongitudeDegrees>-6.364404559135437</LongitudeDegrees>
            </Position>
            <AltitudeMeters>207.39999389648438</AltitudeMeters>
            <DistanceMeters>3065.06005859375</DistanceMeters>
            <HeartRateBpm>
              <Value>159</Value>
            </HeartRateBpm>
            <Extensions>
              <ns3:TPX>
                <ns3:Speed>3.4619998931884766</ns3:Speed>
                <ns3:RunCadence>86</ns3:RunCadence>
              </ns3:TPX>
            </Extensions>
          </Trackpoint>
          <Trackpoint>
            <Time>2026-01-16T09:56:10.000Z</Time>
            <Position>
              <LatitudeDegrees>38.92383685335517</LatitudeDegrees>
              <LongitudeDegrees>-6.364202639088035</LongitudeDegrees>
            </Position>
            <AltitudeMeters>206.8000030517578</AltitudeMeters>
            <DistanceMeters>3086.2900390625</DistanceMeters>
            <HeartRateBpm>
              <Value>157</Value>
            </HeartRateBpm>
            <Extensions>
              <ns3:TPX>
                <ns3:Speed>3.443000078201294</ns3:Speed>
                <ns3:RunCadence>85</ns3:RunCadence>
              </ns3:TPX>
            </Extensions>
          </Trackpoint>
          <Trackpoint>
            <Time>2026-01-16T09:56:14.000Z</Time>
            <Position>
              <LatitudeDegrees>38.92376074567437</LatitudeDegrees>
              <LongitudeDegrees>-6.3640751503407955</LongitudeDegrees>
            </Position>
            <AltitudeMeters>207.1999969482422</AltitudeMeters>
            <DistanceMeters>3100.199951171875</DistanceMeters>
            <HeartRateBpm>
              <Value>159</Value>
            </HeartRateBpm>
            <Extensions>
              <ns3:TPX>
                <ns3:Speed>3.4519999027252197</ns3:Speed>
                <ns3:RunCadence>85</ns3:RunCadence>
              </ns3:TPX>
            </Extensions>
          </Trackpoint>
          <Trackpoint>
            <Time>2026-01-16T09:56:20.000Z</Time>
            <Position>
              <LatitudeDegrees>38.92365010455251</LatitudeDegrees>
              <LongitudeDegrees>-6.363873900845647</LongitudeDegrees>
            </Position>
            <AltitudeMeters>207.0</AltitudeMeters>
            <DistanceMeters>3121.550048828125</DistanceMeters>
            <HeartRateBpm>
              <Value>160</Value>
            </HeartRateBpm>
            <Extensions>
              <ns3:TPX>
                <ns3:Speed>3.4619998931884766</ns3:Speed>
                <ns3:RunCadence>86</ns3:RunCadence>
              </ns3:TPX>
            </Extensions>
          </Trackpoint>
          <Trackpoint>
            <Time>2026-01-16T09:56:26.000Z</Time>
            <Position>
              <LatitudeDegrees>38.92354130744934</LatitudeDegrees>
              <LongitudeDegrees>-6.363672986626625</LongitudeDegrees>
            </Position>
            <AltitudeMeters>206.39999389648438</AltitudeMeters>
            <DistanceMeters>3142.75</DistanceMeters>
            <HeartRateBpm>
              <Value>162</Value>
            </HeartRateBpm>
            <Extensions>
              <ns3:TPX>
                <ns3:Speed>3.4800000190734863</ns3:Speed>
                <ns3:RunCadence>86</ns3:RunCadence>
              </ns3:TPX>
            </Extensions>
          </Trackpoint>
          <Trackpoint>
            <Time>2026-01-16T09:56:32.000Z</Time>
            <Position>
              <LatitudeDegrees>38.923429409042</LatitudeDegrees>
              <LongitudeDegrees>-6.363468635827303</LongitudeDegrees>
            </Position>
            <AltitudeMeters>206.0</AltitudeMeters>
            <DistanceMeters>3164.389892578125</DistanceMeters>
            <HeartRateBpm>
              <Value>163</Value>
            </HeartRateBpm>
            <Extensions>
              <ns3:TPX>
                <ns3:Speed>3.490000009536743</ns3:Speed>
                <ns3:RunCadence>86</ns3:RunCadence>
              </ns3:TPX>
            </Extensions>
          </Trackpoint>
          <Trackpoint>
            <Time>2026-01-16T09:56:38.000Z</Time>
            <Position>
              <LatitudeDegrees>38.923312313854694</LatitudeDegrees>
              <LongitudeDegrees>-6.363269230350852</LongitudeDegrees>
            </Position>
            <AltitudeMeters>205.1999969482422</AltitudeMeters>
            <DistanceMeters>3186.0400390625</DistanceMeters>
            <HeartRateBpm>
              <Value>162</Value>
            </HeartRateBpm>
            <Extensions>
              <ns3:TPX>
                <ns3:Speed>3.499000072479248</ns3:Speed>
                <ns3:RunCadence>88</ns3:RunCadence>
              </ns3:TPX>
            </Extensions>
          </Trackpoint>
          <Trackpoint>
            <Time>2026-01-16T09:56:42.000Z</Time>
            <Position>
              <LatitudeDegrees>38.92323545180261</LatitudeDegrees>
              <LongitudeDegrees>-6.3631427474319935</LongitudeDegrees>
            </Position>
            <AltitudeMeters>205.0</AltitudeMeters>
            <DistanceMeters>3199.929931640625</DistanceMeters>
            <HeartRateBpm>
              <Value>159</Value>
            </HeartRateBpm>
            <Extensions>
              <ns3:TPX>
                <ns3:Speed>3.507999897003174</ns3:Speed>
                <ns3:RunCadence>86</ns3:RunCadence>
              </ns3:TPX>
            </Extensions>
          </Trackpoint>
          <Trackpoint>
            <Time>2026-01-16T09:56:44.000Z</Time>
            <Position>
              <LatitudeDegrees>38.92319639213383</LatitudeDegrees>
              <LongitudeDegrees>-6.363078458234668</LongitudeDegrees>
            </Position>
            <AltitudeMeters>205.1999969482422</AltitudeMeters>
            <DistanceMeters>3206.989990234375</DistanceMeters>
            <HeartRateBpm>
              <Value>162</Value>
            </HeartRateBpm>
            <Extensions>
              <ns3:TPX>
                <ns3:Speed>3.507999897003174</ns3:Speed>
                <ns3:RunCadence>86</ns3:RunCadence>
              </ns3:TPX>
            </Extensions>
          </Trackpoint>
          <Trackpoint>
            <Time>2026-01-16T09:56:46.000Z</Time>
            <Position>
              <LatitudeDegrees>38.923156410455704</LatitudeDegrees>
              <LongitudeDegrees>-6.3630155101418495</LongitudeDegrees>
            </Position>
            <AltitudeMeters>205.1999969482422</AltitudeMeters>
            <DistanceMeters>3214.030029296875</DistanceMeters>
            <HeartRateBpm>
              <Value>162</Value>
            </HeartRateBpm>
            <Extensions>
              <ns3:TPX>
                <ns3:Speed>3.5179998874664307</ns3:Speed>
                <ns3:RunCadence>86</ns3:RunCadence>
              </ns3:TPX>
            </Extensions>
          </Trackpoint>
          <Trackpoint>
            <Time>2026-01-16T09:56:47.000Z</Time>
            <Position>
              <LatitudeDegrees>38.923133024945855</LatitudeDegrees>
              <LongitudeDegrees>-6.362982736900449</LongitudeDegrees>
            </Position>
            <AltitudeMeters>205.0</AltitudeMeters>
            <DistanceMeters>3217.8701171875</DistanceMeters>
            <HeartRateBpm>
              <Value>162</Value>
            </HeartRateBpm>
            <Extensions>
              <ns3:TPX>
                <ns3:Speed>3.5179998874664307</ns3:Speed>
                <ns3:RunCadence>86</ns3:RunCadence>
              </ns3:TPX>
            </Extensions>
          </Trackpoint>
          <Trackpoint>
            <Time>2026-01-16T09:58:48.000Z</Time>
            <Position>
              <LatitudeDegrees>38.9224864449352</LatitudeDegrees>
              <LongitudeDegrees>-6.361951343715191</LongitudeDegrees>
            </Position>
            <AltitudeMeters>205.39999389648438</AltitudeMeters>
            <DistanceMeters>3219.409912109375</DistanceMeters>
            <HeartRateBpm>
              <Value>115</Value>
            </HeartRateBpm>
            <Extensions>
              <ns3:TPX>
                <ns3:Speed>1.194000005722046</ns3:Speed>
                <ns3:RunCadence>0</ns3:RunCadence>
              </ns3:TPX>
            </Extensions>
          </Trackpoint>
          <Trackpoint>
            <Time>2026-01-16T09:58:49.000Z</Time>
            <Position>
              <LatitudeDegrees>38.92250195145607</LatitudeDegrees>
              <LongitudeDegrees>-6.361948493868113</LongitudeDegrees>
            </Position>
            <AltitudeMeters>205.39999389648438</AltitudeMeters>
            <DistanceMeters>3221.14990234375</DistanceMeters>
            <HeartRateBpm>
              <Value>115</Value>
            </HeartRateBpm>
            <Extensions>
              <ns3:TPX>
                <ns3:Speed>0.0</ns3:Speed>
                <ns3:RunCadence>0</ns3:RunCadence>
              </ns3:TPX>
            </Extensions>
          </Trackpoint>
          <Trackpoint>
            <Time>2026-01-16T09:58:54.000Z</Time>
            <Position>
              <LatitudeDegrees>38.92264645546675</LatitudeDegrees>
              <LongitudeDegrees>-6.361962743103504</LongitudeDegrees>
            </Position>
            <AltitudeMeters>204.8000030517578</AltitudeMeters>
            <DistanceMeters>3237.35009765625</DistanceMeters>
            <HeartRateBpm>
              <Value>114</Value>
            </HeartRateBpm>
            <Extensions>
              <ns3:TPX>
                <ns3:Speed>0.0</ns3:Speed>
                <ns3:RunCadence>87</ns3:RunCadence>
              </ns3:TPX>
            </Extensions>
          </Trackpoint>
          <Trackpoint>
            <Time>2026-01-16T09:59:00.000Z</Time>
            <Position>
              <LatitudeDegrees>38.92280378378928</LatitudeDegrees>
              <LongitudeDegrees>-6.362108085304499</LongitudeDegrees>
            </Position>
            <AltitudeMeters>204.1999969482422</AltitudeMeters>
            <DistanceMeters>3259.2900390625</DistanceMeters>
            <HeartRateBpm>
              <Value>117</Value>
            </HeartRateBpm>
            <Extensions>
              <ns3:TPX>
                <ns3:Speed>3.5269999504089355</ns3:Speed>
                <ns3:RunCadence>90</ns3:RunCadence>
              </ns3:TPX>
            </Extensions>
          </Trackpoint>
          <Trackpoint>
            <Time>2026-01-16T09:59:02.000Z</Time>
            <Position>
              <LatitudeDegrees>38.92283613793552</LatitudeDegrees>
              <LongitudeDegrees>-6.362188886851072</LongitudeDegrees>
            </Position>
            <AltitudeMeters>204.39999389648438</AltitudeMeters>
            <DistanceMeters>3267.10009765625</DistanceMeters>
            <HeartRateBpm>
              <Value>120</Value>
            </HeartRateBpm>
            <Extensions>
              <ns3:TPX>
                <ns3:Speed>3.6019999980926514</ns3:Speed>
                <ns3:RunCadence>90</ns3:RunCadence>
              </ns3:TPX>
            </Extensions>
          </Trackpoint>
          <Trackpoint>
            <Time>2026-01-16T09:59:05.000Z</Time>
            <Position>
              <LatitudeDegrees>38.922861367464066</LatitudeDegrees>
              <LongitudeDegrees>-6.362318554893136</LongitudeDegrees>
            </Position>
            <AltitudeMeters>204.8000030517578</AltitudeMeters>
            <DistanceMeters>3278.719970703125</DistanceMeters>
            <HeartRateBpm>
              <Value>124</Value>
            </HeartRateBpm>
            <Extensions>
              <ns3:TPX>
                <ns3:Speed>3.6480000019073486</ns3:Speed>
                <ns3:RunCadence>89</ns3:RunCadence>
              </ns3:TPX>
            </Extensions>
          </Trackpoint>
          <Trackpoint>
            <Time>2026-01-16T09:59:08.000Z</Time>
            <Position>
              <LatitudeDegrees>38.9228580147028</LatitudeDegrees>
              <LongitudeDegrees>-6.3624535873532295</LongitudeDegrees>
            </Position>
            <AltitudeMeters>205.1999969482422</AltitudeMeters>
            <DistanceMeters>3290.43994140625</DistanceMeters>
            <HeartRateBpm>
              <Value>129</Value>
            </HeartRateBpm>
            <Extensions>
              <ns3:TPX>
                <ns3:Speed>3.6579999923706055</ns3:Speed>
                <ns3:RunCadence>88</ns3:RunCadence>
              </ns3:TPX>
            </Extensions>
          </Trackpoint>
          <Trackpoint>
            <Time>2026-01-16T09:59:11.000Z</Time>
            <Position>
              <LatitudeDegrees>38.92287343740463</LatitudeDegrees>
              <LongitudeDegrees>-6.362584261223674</LongitudeDegrees>
            </Position>
            <AltitudeMeters>205.1999969482422</AltitudeMeters>
            <DistanceMeters>3301.949951171875</DistanceMeters>
            <HeartRateBpm>
              <Value>129</Value>
            </HeartRateBpm>
            <Extensions>
              <ns3:TPX>
                <ns3:Speed>3.694999933242798</ns3:Speed>
                <ns3:RunCadence>87</ns3:RunCadence>
              </ns3:TPX>
            </Extensions>
          </Trackpoint>
          <Trackpoint>
            <Time>2026-01-16T09:59:14.000Z</Time>
            <Position>
              <LatitudeDegrees>38.92291861586273</LatitudeDegrees>
              <LongitudeDegrees>-6.36270429007709</LongitudeDegrees>
            </Position>
            <AltitudeMeters>204.8000030517578</AltitudeMeters>
            <DistanceMeters>3313.52001953125</DistanceMeters>
            <HeartRateBpm>
              <Value>133</Value>
            </HeartRateBpm>
            <Extensions>
              <ns3:TPX>
                <ns3:Speed>3.7230000495910645</ns3:Speed>
                <ns3:RunCadence>87</ns3:RunCadence>
              </ns3:TPX>
            </Extensions>
          </Trackpoint>
          <Trackpoint>
            <Time>2026-01-16T09:59:17.000Z</Time>
            <Position>
              <LatitudeDegrees>38.92298391088843</LatitudeDegrees>
              <LongitudeDegrees>-6.362805962562561</LongitudeDegrees>
            </Position>
            <AltitudeMeters>204.8000030517578</AltitudeMeters>
            <DistanceMeters>3324.93994140625</DistanceMeters>
            <HeartRateBpm>
              <Value>134</Value>
            </HeartRateBpm>
            <Extensions>
              <ns3:TPX>
                <ns3:Speed>3.7320001125335693</ns3:Speed>
                <ns3:RunCadence>88</ns3:RunCadence>
              </ns3:TPX>
            </Extensions>
          </Trackpoint>
          <Trackpoint>
            <Time>2026-01-16T09:59:19.000Z</Time>
            <Position>
              <LatitudeDegrees>38.92303118482232</LatitudeDegrees>
              <LongitudeDegrees>-6.362867904826999</LongitudeDegrees>
            </Position>
            <AltitudeMeters>205.0</AltitudeMeters>
            <DistanceMeters>3332.449951171875</DistanceMeters>
            <HeartRateBpm>
              <Value>137</Value>
            </HeartRateBpm>
            <Extensions>
              <ns3:TPX>
                <ns3:Speed>3.7320001125335693</ns3:Speed>
                <ns3:RunCadence>88</ns3:RunCadence>
              </ns3:TPX>
            </Extensions>
          </Trackpoint>
          <Trackpoint>
            <Time>2026-01-16T09:59:23.000Z</Time>
            <Position>
              <LatitudeDegrees>38.92312095500529</LatitudeDegrees>
              <LongitudeDegrees>-6.362997991964221</LongitudeDegrees>
            </Position>
            <AltitudeMeters>205.1999969482422</AltitudeMeters>
            <DistanceMeters>3347.5</DistanceMeters>
            <HeartRateBpm>
              <Value>141</Value>
            </HeartRateBpm>
            <Extensions>
              <ns3:TPX>
                <ns3:Speed>3.759999990463257</ns3:Speed>
                <ns3:RunCadence>88</ns3:RunCadence>
              </ns3:TPX>
            </Extensions>
          </Trackpoint>
          <Trackpoint>
            <Time>2026-01-16T09:59:25.000Z</Time>
            <Position>
              <LatitudeDegrees>38.923165295273066</LatitudeDegrees>
              <LongitudeDegrees>-6.363066053017974</LongitudeDegrees>
            </Position>
            <AltitudeMeters>205.39999389648438</AltitudeMeters>
            <DistanceMeters>3355.18994140625</DistanceMeters>
            <HeartRateBpm>
              <Value>140</Value>
            </HeartRateBpm>
            <Extensions>
              <ns3:TPX>
                <ns3:Speed>3.7699999809265137</ns3:Speed>
                <ns3:RunCadence>88</ns3:RunCadence>
              </ns3:TPX>
            </Extensions>
          </Trackpoint>
          <Trackpoint>
            <Time>2026-01-16T09:59:27.000Z</Time>
            <Position>
              <LatitudeDegrees>38.92320519313216</LatitudeDegrees>
              <LongitudeDegrees>-6.363129839301109</LongitudeDegrees>
            </Position>
            <AltitudeMeters>205.39999389648438</AltitudeMeters>
            <DistanceMeters>3362.280029296875</DistanceMeters>
            <HeartRateBpm>
              <Value>143</Value>
            </HeartRateBpm>
            <Extensions>
              <ns3:TPX>
                <ns3:Speed>3.7790000438690186</ns3:Speed>
                <ns3:RunCadence>89</ns3:RunCadence>
              </ns3:TPX>
            </Extensions>
          </Trackpoint>
          <Trackpoint>
            <Time>2026-01-16T09:59:33.000Z</Time>
            <Position>
              <LatitudeDegrees>38.92332128249109</LatitudeDegrees>
              <LongitudeDegrees>-6.363323125988245</LongitudeDegrees>
            </Position>
            <AltitudeMeters>205.60000610351562</AltitudeMeters>
            <DistanceMeters>3383.429931640625</DistanceMeters>
            <HeartRateBpm>
              <Value>144</Value>
            </HeartRateBpm>
            <Extensions>
              <ns3:TPX>
                <ns3:Speed>3.7699999809265137</ns3:Speed>
                <ns3:RunCadence>87</ns3:RunCadence>
              </ns3:TPX>
            </Extensions>
          </Trackpoint>
          <Trackpoint>
            <Time>2026-01-16T09:59:34.000Z</Time>
            <Position>
              <LatitudeDegrees>38.92334206961095</LatitudeDegrees>
              <LongitudeDegrees>-6.3633559830486774</LongitudeDegrees>
            </Position>
            <AltitudeMeters>205.60000610351562</AltitudeMeters>
            <DistanceMeters>3387.10009765625</DistanceMeters>
            <HeartRateBpm>
              <Value>144</Value>
            </HeartRateBpm>
            <Extensions>
              <ns3:TPX>
                <ns3:Speed>3.759999990463257</ns3:Speed>
                <ns3:RunCadence>87</ns3:RunCadence>
              </ns3:TPX>
            </Extensions>
          </Trackpoint>
          <Trackpoint>
            <Time>2026-01-16T09:59:39.000Z</Time>
            <Position>
              <LatitudeDegrees>38.92344458028674</LatitudeDegrees>
              <LongitudeDegrees>-6.36352127417922</LongitudeDegrees>
            </Position>
            <AltitudeMeters>206.39999389648438</AltitudeMeters>
            <DistanceMeters>3405.39990234375</DistanceMeters>
            <HeartRateBpm>
              <Value>147</Value>
            </HeartRateBpm>
            <Extensions>
              <ns3:TPX>
                <ns3:Speed>3.742000102996826</ns3:Speed>
                <ns3:RunCadence>88</ns3:RunCadence>
              </ns3:TPX>
            </Extensions>
          </Trackpoint>
          <Trackpoint>
            <Time>2026-01-16T09:59:41.000Z</Time>
            <Position>
              <LatitudeDegrees>38.92348355613649</LatitudeDegrees>
              <LongitudeDegrees>-6.363589335232973</LongitudeDegrees>
            </Position>
            <AltitudeMeters>206.60000610351562</AltitudeMeters>
            <DistanceMeters>3412.719970703125</DistanceMeters>
            <HeartRateBpm>
              <Value>144</Value>
            </HeartRateBpm>
            <Extensions>
              <ns3:TPX>
                <ns3:Speed>3.7320001125335693</ns3:Speed>
                <ns3:RunCadence>88</ns3:RunCadence>
              </ns3:TPX>
            </Extensions>
          </Trackpoint>
          <Trackpoint>
            <Time>2026-01-16T09:59:44.000Z</Time>
            <Position>
              <LatitudeDegrees>38.92354549840093</LatitudeDegrees>
              <LongitudeDegrees>-6.363691510632634</LongitudeDegrees>
            </Position>
            <AltitudeMeters>206.39999389648438</AltitudeMeters>
            <DistanceMeters>3423.929931640625</DistanceMeters>
            <HeartRateBpm>
              <Value>146</Value>
            </HeartRateBpm>
            <Extensions>
              <ns3:TPX>
                <ns3:Speed>3.7230000495910645</ns3:Speed>
                <ns3:RunCadence>88</ns3:RunCadence>
              </ns3:TPX>
            </Extensions>
          </Trackpoint>
          <Trackpoint>
            <Time>2026-01-16T09:59:50.000Z</Time>
            <Position>
              <LatitudeDegrees>38.92364884726703</LatitudeDegrees>
              <LongitudeDegrees>-6.363894268870354</LongitudeDegrees>
            </Position>
            <AltitudeMeters>207.1999969482422</AltitudeMeters>
            <DistanceMeters>3444.93994140625</DistanceMeters>
            <HeartRateBpm>
              <Value>148</Value>
            </HeartRateBpm>
            <Extensions>
              <ns3:TPX>
                <ns3:Speed>3.7139999866485596</ns3:Speed>
                <ns3:RunCadence>87</ns3:RunCadence>
              </ns3:TPX>
            </Extensions>
          </Trackpoint>
          <Trackpoint>
            <Time>2026-01-16T09:59:52.000Z</Time>
            <Position>
              <LatitudeDegrees>38.923684721812606</LatitudeDegrees>
              <LongitudeDegrees>-6.363954786211252</LongitudeDegrees>
            </Position>
            <AltitudeMeters>207.1999969482422</AltitudeMeters>
            <DistanceMeters>3451.530029296875</DistanceMeters>
            <HeartRateBpm>
              <Value>150</Value>
            </HeartRateBpm>
            <Extensions>
              <ns3:TPX>
                <ns3:Speed>3.694999933242798</ns3:Speed>
                <ns3:RunCadence>87</ns3:RunCadence>
              </ns3:TPX>
            </Extensions>
          </Trackpoint>
          <Trackpoint>
            <Time>2026-01-16T09:59:58.000Z</Time>
            <Position>
              <LatitudeDegrees>38.923788741230965</LatitudeDegrees>
              <LongitudeDegrees>-6.364148827269673</LongitudeDegrees>
            </Position>
            <AltitudeMeters>207.1999969482422</AltitudeMeters>
            <DistanceMeters>3471.93994140625</DistanceMeters>
            <HeartRateBpm>
              <Value>151</Value>
            </HeartRateBpm>
            <Extensions>
              <ns3:TPX>
                <ns3:Speed>3.6480000019073486</ns3:Speed>
                <ns3:RunCadence>89</ns3:RunCadence>
              </ns3:TPX>
            </Extensions>
          </Trackpoint>
          <Trackpoint>
            <Time>2026-01-16T10:00:01.000Z</Time>
            <Position>
              <LatitudeDegrees>38.92384188249707</LatitudeDegrees>
              <LongitudeDegrees>-6.364244045689702</LongitudeDegrees>
            </Position>
            <AltitudeMeters>206.8000030517578</AltitudeMeters>
            <DistanceMeters>3482.10009765625</DistanceMeters>
            <HeartRateBpm>
              <Value>151</Value>
            </HeartRateBpm>
            <Extensions>
              <ns3:TPX>
                <ns3:Speed>3.630000114440918</ns3:Speed>
                <ns3:RunCadence>88</ns3:RunCadence>
              </ns3:TPX>
            </Extensions>
          </Trackpoint>
          <Trackpoint>
            <Time>2026-01-16T10:00:03.000Z</Time>
            <Position>
              <LatitudeDegrees>38.92387557774782</LatitudeDegrees>
              <LongitudeDegrees>-6.364310262724757</LongitudeDegrees>
            </Position>
            <AltitudeMeters>207.0</AltitudeMeters>
            <DistanceMeters>3488.949951171875</DistanceMeters>
            <HeartRateBpm>
              <Value>148</Value>
            </HeartRateBpm>
            <Extensions>
              <ns3:TPX>
                <ns3:Speed>3.619999885559082</ns3:Speed>
                <ns3:RunCadence>87</ns3:RunCadence>
              </ns3:TPX>
            </Extensions>
          </Trackpoint>
          <Trackpoint>
            <Time>2026-01-16T10:00:05.000Z</Time>
            <Position>
              <LatitudeDegrees>38.92391061410308</LatitudeDegrees>
              <LongitudeDegrees>-6.3643737975507975</LongitudeDegrees>
            </Position>
            <AltitudeMeters>207.39999389648438</AltitudeMeters>
            <DistanceMeters>3495.68994140625</DistanceMeters>
            <HeartRateBpm>
              <Value>152</Value>
            </HeartRateBpm>
            <Extensions>
              <ns3:TPX>
                <ns3:Speed>3.6110000610351562</ns3:Speed>
                <ns3:RunCadence>87</ns3:RunCadence>
              </ns3:TPX>
            </Extensions>
          </Trackpoint>
          <Trackpoint>
            <Time>2026-01-16T10:00:10.000Z</Time>
            <Position>
              <LatitudeDegrees>38.92399367876351</LatitudeDegrees>
              <LongitudeDegrees>-6.364531964063644</LongitudeDegrees>
            </Position>
            <AltitudeMeters>207.60000610351562</AltitudeMeters>
            <DistanceMeters>3512.219970703125</DistanceMeters>
            <HeartRateBpm>
              <Value>153</Value>
            </HeartRateBpm>
            <Extensions>
              <ns3:TPX>
                <ns3:Speed>3.5829999446868896</ns3:Speed>
                <ns3:RunCadence>87</ns3:RunCadence>
              </ns3:TPX>
            </Extensions>
          </Trackpoint>
          <Trackpoint>
            <Time>2026-01-16T10:00:16.000Z</Time>
            <Position>
              <LatitudeDegrees>38.92410088330507</LatitudeDegrees>
              <LongitudeDegrees>-6.364726675674319</LongitudeDegrees>
            </Position>
            <AltitudeMeters>207.60000610351562</AltitudeMeters>
            <DistanceMeters>3532.8798828125</DistanceMeters>
            <HeartRateBpm>
              <Value>154</Value>
            </HeartRateBpm>
            <Extensions>
              <ns3:TPX>
                <ns3:Speed>3.555000066757202</ns3:Speed>
                <ns3:RunCadence>87</ns3:RunCadence>
              </ns3:TPX>
            </Extensions>
          </Trackpoint>
          <Trackpoint>
            <Time>2026-01-16T10:00:18.000Z</Time>
            <Position>
              <LatitudeDegrees>38.924134243279696</LatitudeDegrees>
              <LongitudeDegrees>-6.364785600453615</LongitudeDegrees>
            </Position>
            <AltitudeMeters>207.60000610351562</AltitudeMeters>
            <DistanceMeters>3539.179931640625</DistanceMeters>
            <HeartRateBpm>
              <Value>155</Value>
            </HeartRateBpm>
            <Extensions>
              <ns3:TPX>
                <ns3:Speed>3.5460000038146973</ns3:Speed>
                <ns3:RunCadence>88</ns3:RunCadence>
              </ns3:TPX>
            </Extensions>
          </Trackpoint>
          <Trackpoint>
            <Time>2026-01-16T10:00:24.000Z</Time>
            <Position>
              <LatitudeDegrees>38.9242359995842</LatitudeDegrees>
              <LongitudeDegrees>-6.364974193274975</LongitudeDegrees>
            </Position>
            <AltitudeMeters>208.0</AltitudeMeters>
            <DistanceMeters>3559.06005859375</DistanceMeters>
            <HeartRateBpm>
              <Value>158</Value>
            </HeartRateBpm>
            <Extensions>
              <ns3:TPX>
                <ns3:Speed>3.5179998874664307</ns3:Speed>
                <ns3:RunCadence>89</ns3:RunCadence>
              </ns3:TPX>
            </Extensions>
          </Trackpoint>
          <Trackpoint>
            <Time>2026-01-16T10:00:26.000Z</Time>
            <Position>
              <LatitudeDegrees>38.92426743172109</LatitudeDegrees>
              <LongitudeDegrees>-6.365035967901349</LongitudeDegrees>
            </Position>
            <AltitudeMeters>208.39999389648438</AltitudeMeters>
            <DistanceMeters>3565.449951171875</DistanceMeters>
            <HeartRateBpm>
              <Value>158</Value>
            </HeartRateBpm>
            <Extensions>
              <ns3:TPX>
                <ns3:Speed>3.499000072479248</ns3:Speed>
                <ns3:RunCadence>89</ns3:RunCadence>
              </ns3:TPX>
            </Extensions>
          </Trackpoint>
          <Trackpoint>
            <Time>2026-01-16T10:00:32.000Z</Time>
            <Position>
              <LatitudeDegrees>38.9243739657104</LatitudeDegrees>
              <LongitudeDegrees>-6.365225482732058</LongitudeDegrees>
            </Position>
            <AltitudeMeters>208.8000030517578</AltitudeMeters>
            <DistanceMeters>3585.68994140625</DistanceMeters>
            <HeartRateBpm>
              <Value>157</Value>
            </HeartRateBpm>
            <Extensions>
              <ns3:TPX>
                <ns3:Speed>3.4709999561309814</ns3:Speed>
                <ns3:RunCadence>87</ns3:RunCadence>
              </ns3:TPX>
            </Extensions>
          </Trackpoint>
          <Trackpoint>
            <Time>2026-01-16T10:00:36.000Z</Time>
            <Position>
              <LatitudeDegrees>38.92444470897317</LatitudeDegrees>
              <LongitudeDegrees>-6.3653365429490805</LongitudeDegrees>
            </Position>
            <AltitudeMeters>209.60000610351562</AltitudeMeters>
            <DistanceMeters>3598.1201171875</DistanceMeters>
            <HeartRateBpm>
              <Value>155</Value>
            </HeartRateBpm>
            <Extensions>
              <ns3:TPX>
                <ns3:Speed>3.4619998931884766</ns3:Speed>
                <ns3:RunCadence>87</ns3:RunCadence>
              </ns3:TPX>
            </Extensions>
          </Trackpoint>
          <Trackpoint>
            <Time>2026-01-16T10:00:39.000Z</Time>
            <Position>
              <LatitudeDegrees>38.92449810169637</LatitudeDegrees>
              <LongitudeDegrees>-6.365432096645236</LongitudeDegrees>
            </Position>
            <AltitudeMeters>210.0</AltitudeMeters>
            <DistanceMeters>3608.31005859375</DistanceMeters>
            <HeartRateBpm>
              <Value>159</Value>
            </HeartRateBpm>
            <Extensions>
              <ns3:TPX>
                <ns3:Speed>3.443000078201294</ns3:Speed>
                <ns3:RunCadence>87</ns3:RunCadence>
              </ns3:TPX>
            </Extensions>
          </Trackpoint>
          <Trackpoint>
            <Time>2026-01-16T10:00:44.000Z</Time>
            <Position>
              <LatitudeDegrees>38.92458887770772</LatitudeDegrees>
              <LongitudeDegrees>-6.3655918557196856</LongitudeDegrees>
            </Position>
            <AltitudeMeters>210.39999389648438</AltitudeMeters>
            <DistanceMeters>3625.47998046875</DistanceMeters>
            <HeartRateBpm>
              <Value>158</Value>
            </HeartRateBpm>
            <Extensions>
              <ns3:TPX>
                <ns3:Speed>3.4240000247955322</ns3:Speed>
                <ns3:RunCadence>87</ns3:RunCadence>
              </ns3:TPX>
            </Extensions>
          </Trackpoint>
          <Trackpoint>
            <Time>2026-01-16T10:00:50.000Z</Time>
            <Position>
              <LatitudeDegrees>38.92468309029937</LatitudeDegrees>
              <LongitudeDegrees>-6.365794949233532</LongitudeDegrees>
            </Position>
            <AltitudeMeters>211.1999969482422</AltitudeMeters>
            <DistanceMeters>3645.9599609375</DistanceMeters>
            <HeartRateBpm>
              <Value>159</Value>
            </HeartRateBpm>
            <Extensions>
              <ns3:TPX>
                <ns3:Speed>3.4149999618530273</ns3:Speed>
                <ns3:RunCadence>88</ns3:RunCadence>
              </ns3:TPX>
            </Extensions>
          </Trackpoint>
          <Trackpoint>
            <Time>2026-01-16T10:00:54.000Z</Time>
            <Position>
              <LatitudeDegrees>38.92472751438618</LatitudeDegrees>
              <LongitudeDegrees>-6.3658934365957975</LongitudeDegrees>
            </Position>
            <AltitudeMeters>210.8000030517578</AltitudeMeters>
            <DistanceMeters>3655.909912109375</DistanceMeters>
            <HeartRateBpm>
              <Value>159</Value>
            </HeartRateBpm>
            <Extensions>
              <ns3:TPX>
                <ns3:Speed>3.3959999084472656</ns3:Speed>
                <ns3:RunCadence>86</ns3:RunCadence>
              </ns3:TPX>
            </Extensions>
          </Trackpoint>
          <Trackpoint>
            <Time>2026-01-16T10:00:55.000Z</Time>
            <Position>
              <LatitudeDegrees>38.92471829429269</LatitudeDegrees>
              <LongitudeDegrees>-6.365907769650221</LongitudeDegrees>
            </Position>
            <AltitudeMeters>210.8000030517578</AltitudeMeters>
            <DistanceMeters>3657.5</DistanceMeters>
            <HeartRateBpm>
              <Value>157</Value>
            </HeartRateBpm>
            <Extensions>
              <ns3:TPX>
                <ns3:Speed>3.378000020980835</ns3:Speed>
                <ns3:RunCadence>86</ns3:RunCadence>
              </ns3:TPX>
            </Extensions>
          </Trackpoint>
          <Trackpoint>
            <Time>2026-01-16T10:00:56.000Z</Time>
            <Position>
              <LatitudeDegrees>38.92469683662057</LatitudeDegrees>
              <LongitudeDegrees>-6.365919839590788</LongitudeDegrees>
            </Position>
            <AltitudeMeters>211.0</AltitudeMeters>
            <DistanceMeters>3660.10009765625</DistanceMeters>
            <HeartRateBpm>
              <Value>160</Value>
            </HeartRateBpm>
            <Extensions>
              <ns3:TPX>
                <ns3:Speed>3.3589999675750732</ns3:Speed>
                <ns3:RunCadence>84</ns3:RunCadence>
              </ns3:TPX>
            </Extensions>
          </Trackpoint>
          <Trackpoint>
            <Time>2026-01-16T10:00:57.000Z</Time>
            <Position>
              <LatitudeDegrees>38.924671187996864</LatitudeDegrees>
              <LongitudeDegrees>-6.365931909531355</LongitudeDegrees>
            </Position>
            <AltitudeMeters>211.1999969482422</AltitudeMeters>
            <DistanceMeters>3663.1298828125</DistanceMeters>
            <HeartRateBpm>
              <Value>159</Value>
            </HeartRateBpm>
            <Extensions>
              <ns3:TPX>
                <ns3:Speed>2.6500000953674316</ns3:Speed>
                <ns3:RunCadence>84</ns3:RunCadence>
              </ns3:TPX>
            </Extensions>
          </Trackpoint>
          <Trackpoint>
            <Time>2026-01-16T10:01:02.000Z</Time>
            <Position>
              <LatitudeDegrees>38.92454889602959</LatitudeDegrees>
              <LongitudeDegrees>-6.365929897874594</LongitudeDegrees>
            </Position>
            <AltitudeMeters>212.0</AltitudeMeters>
            <DistanceMeters>3677.760009765625</DistanceMeters>
            <HeartRateBpm>
              <Value>161</Value>
            </HeartRateBpm>
            <Extensions>
              <ns3:TPX>
                <ns3:Speed>2.546999931335449</ns3:Speed>
                <ns3:RunCadence>87</ns3:RunCadence>
              </ns3:TPX>
            </Extensions>
          </Trackpoint>
          <Trackpoint>
            <Time>2026-01-16T10:01:08.000Z</Time>
            <Position>
              <LatitudeDegrees>38.92443884164095</LatitudeDegrees>
              <LongitudeDegrees>-6.365723283961415</LongitudeDegrees>
            </Position>
            <AltitudeMeters>212.0</AltitudeMeters>
            <DistanceMeters>3699.449951171875</DistanceMeters>
            <HeartRateBpm>
              <Value>162</Value>
            </HeartRateBpm>
            <Extensions>
              <ns3:TPX>
                <ns3:Speed>2.882999897003174</ns3:Speed>
                <ns3:RunCadence>87</ns3:RunCadence>
              </ns3:TPX>
            </Extensions>
          </Trackpoint>
          <Trackpoint>
            <Time>2026-01-16T10:01:14.000Z</Time>
            <Position>
              <LatitudeDegrees>38.92432635650039</LatitudeDegrees>
              <LongitudeDegrees>-6.365500912070274</LongitudeDegrees>
            </Position>
            <AltitudeMeters>210.8000030517578</AltitudeMeters>
            <DistanceMeters>3722.43994140625</DistanceMeters>
            <HeartRateBpm>
              <Value>162</Value>
            </HeartRateBpm>
            <Extensions>
              <ns3:TPX>
                <ns3:Speed>3.115999937057495</ns3:Speed>
                <ns3:RunCadence>86</ns3:RunCadence>
              </ns3:TPX>
            </Extensions>
          </Trackpoint>
          <Trackpoint>
            <Time>2026-01-16T10:01:17.000Z</Time>
            <Position>
              <LatitudeDegrees>38.92426927573979</LatitudeDegrees>
              <LongitudeDegrees>-6.3653898518532515</LongitudeDegrees>
            </Position>
            <AltitudeMeters>210.1999969482422</AltitudeMeters>
            <DistanceMeters>3733.969970703125</DistanceMeters>
            <HeartRateBpm>
              <Value>163</Value>
            </HeartRateBpm>
            <Extensions>
              <ns3:TPX>
                <ns3:Speed>3.181999921798706</ns3:Speed>
                <ns3:RunCadence>86</ns3:RunCadence>
              </ns3:TPX>
            </Extensions>
          </Trackpoint>
          <Trackpoint>
            <Time>2026-01-16T10:01:23.000Z</Time>
            <Position>
              <LatitudeDegrees>38.924157209694386</LatitudeDegrees>
              <LongitudeDegrees>-6.365183908492327</LongitudeDegrees>
            </Position>
            <AltitudeMeters>209.1999969482422</AltitudeMeters>
            <DistanceMeters>3755.739990234375</DistanceMeters>
            <HeartRateBpm>
              <Value>166</Value>
            </HeartRateBpm>
            <Extensions>
              <ns3:TPX>
                <ns3:Speed>3.378000020980835</ns3:Speed>
                <ns3:RunCadence>87</ns3:RunCadence>
              </ns3:TPX>
            </Extensions>
          </Trackpoint>
          <Trackpoint>
            <Time>2026-01-16T10:01:29.000Z</Time>
            <Position>
              <LatitudeDegrees>38.924050172790885</LatitudeDegrees>
              <LongitudeDegrees>-6.36498374864459</LongitudeDegrees>
            </Position>
            <AltitudeMeters>208.1999969482422</AltitudeMeters>
            <DistanceMeters>3776.77001953125</DistanceMeters>
            <HeartRateBpm>
              <Value>163</Value>
            </HeartRateBpm>
            <Extensions>
              <ns3:TPX>
                <ns3:Speed>3.443000078201294</ns3:Speed>
                <ns3:RunCadence>87</ns3:RunCadence>
              </ns3:TPX>
            </Extensions>
          </Trackpoint>
          <Trackpoint>
            <Time>2026-01-16T10:01:35.000Z</Time>
            <Position>
              <LatitudeDegrees>38.92393752001226</LatitudeDegrees>
              <LongitudeDegrees>-6.364768501371145</LongitudeDegrees>
            </Position>
            <AltitudeMeters>209.0</AltitudeMeters>
            <DistanceMeters>3799.239990234375</DistanceMeters>
            <HeartRateBpm>
              <Value>162</Value>
            </HeartRateBpm>
            <Extensions>
              <ns3:TPX>
                <ns3:Speed>3.4800000190734863</ns3:Speed>
                <ns3:RunCadence>88</ns3:RunCadence>
              </ns3:TPX>
            </Extensions>
          </Trackpoint>
          <Trackpoint>
            <Time>2026-01-16T10:01:41.000Z</Time>
            <Position>
              <LatitudeDegrees>38.92382210120559</LatitudeDegrees>
              <LongitudeDegrees>-6.364565659314394</LongitudeDegrees>
            </Position>
            <AltitudeMeters>209.0</AltitudeMeters>
            <DistanceMeters>3820.989990234375</DistanceMeters>
            <HeartRateBpm>
              <Value>161</Value>
            </HeartRateBpm>
            <Extensions>
              <ns3:TPX>
                <ns3:Speed>3.555000066757202</ns3:Speed>
                <ns3:RunCadence>87</ns3:RunCadence>
              </ns3:TPX>
            </Extensions>
          </Trackpoint>
          <Trackpoint>
            <Time>2026-01-16T10:01:43.000Z</Time>
            <Position>
              <LatitudeDegrees>38.923785891383886</LatitudeDegrees>
              <LongitudeDegrees>-6.364497682079673</LongitudeDegrees>
            </Position>
            <AltitudeMeters>209.0</AltitudeMeters>
            <DistanceMeters>3828.1298828125</DistanceMeters>
            <HeartRateBpm>
              <Value>162</Value>
            </HeartRateBpm>
            <Extensions>
              <ns3:TPX>
                <ns3:Speed>3.5920000076293945</ns3:Speed>
                <ns3:RunCadence>87</ns3:RunCadence>
              </ns3:TPX>
            </Extensions>
          </Trackpoint>
          <Trackpoint>
            <Time>2026-01-16T10:01:47.000Z</Time>
            <Position>
              <LatitudeDegrees>38.92370685003698</LatitudeDegrees>
              <LongitudeDegrees>-6.364357117563486</LongitudeDegrees>
            </Position>
            <AltitudeMeters>209.0</AltitudeMeters>
            <DistanceMeters>3843.14990234375</DistanceMeters>
            <HeartRateBpm>
              <Value>159</Value>
            </HeartRateBpm>
            <Extensions>
              <ns3:TPX>
                <ns3:Speed>3.619999885559082</ns3:Speed>
                <ns3:RunCadence>88</ns3:RunCadence>
              </ns3:TPX>
            </Extensions>
          </Trackpoint>
          <Trackpoint>
            <Time>2026-01-16T10:01:53.000Z</Time>
            <Position>
              <LatitudeDegrees>38.92359604127705</LatitudeDegrees>
              <LongitudeDegrees>-6.364147821441293</LongitudeDegrees>
            </Position>
            <AltitudeMeters>209.60000610351562</AltitudeMeters>
            <DistanceMeters>3865.070068359375</DistanceMeters>
            <HeartRateBpm>
              <Value>160</Value>
            </HeartRateBpm>
            <Extensions>
              <ns3:TPX>
                <ns3:Speed>3.6389999389648438</ns3:Speed>
                <ns3:RunCadence>87</ns3:RunCadence>
              </ns3:TPX>
            </Extensions>
          </Trackpoint>
          <Trackpoint>
            <Time>2026-01-16T10:01:59.000Z</Time>
            <Position>
              <LatitudeDegrees>38.92348615452647</LatitudeDegrees>
              <LongitudeDegrees>-6.363947410136461</LongitudeDegrees>
            </Position>
            <AltitudeMeters>209.39999389648438</AltitudeMeters>
            <DistanceMeters>3886.31005859375</DistanceMeters>
            <HeartRateBpm>
              <Value>160</Value>
            </HeartRateBpm>
            <Extensions>
              <ns3:TPX>
                <ns3:Speed>3.6480000019073486</ns3:Speed>
                <ns3:RunCadence>87</ns3:RunCadence>
              </ns3:TPX>
            </Extensions>
          </Trackpoint>
          <Trackpoint>
            <Time>2026-01-16T10:02:03.000Z</Time>
            <Position>
              <LatitudeDegrees>38.92341122031212</LatitudeDegrees>
              <LongitudeDegrees>-6.36381053365767</LongitudeDegrees>
            </Position>
            <AltitudeMeters>209.0</AltitudeMeters>
            <DistanceMeters>3900.7900390625</DistanceMeters>
            <HeartRateBpm>
              <Value>163</Value>
            </HeartRateBpm>
            <Extensions>
              <ns3:TPX>
                <ns3:Speed>3.6480000019073486</ns3:Speed>
                <ns3:RunCadence>88</ns3:RunCadence>
              </ns3:TPX>
            </Extensions>
          </Trackpoint>
          <Trackpoint>
            <Time>2026-01-16T10:02:07.000Z</Time>
            <Position>
              <LatitudeDegrees>38.92333603464067</LatitudeDegrees>
              <LongitudeDegrees>-6.363674579188228</LongitudeDegrees>
            </Position>
            <AltitudeMeters>208.60000610351562</AltitudeMeters>
            <DistanceMeters>3915.239990234375</DistanceMeters>
            <HeartRateBpm>
              <Value>159</Value>
            </HeartRateBpm>
            <Extensions>
              <ns3:TPX>
                <ns3:Speed>3.6480000019073486</ns3:Speed>
                <ns3:RunCadence>87</ns3:RunCadence>
              </ns3:TPX>
            </Extensions>
          </Trackpoint>
          <Trackpoint>
            <Time>2026-01-16T10:02:13.000Z</Time>
            <Position>
              <LatitudeDegrees>38.923222376033664</LatitudeDegrees>
              <LongitudeDegrees>-6.363470898941159</LongitudeDegrees>
            </Position>
            <AltitudeMeters>207.8000030517578</AltitudeMeters>
            <DistanceMeters>3936.93994140625</DistanceMeters>
            <HeartRateBpm>
              <Value>161</Value>
            </HeartRateBpm>
            <Extensions>
              <ns3:TPX>
                <ns3:Speed>3.6480000019073486</ns3:Speed>
                <ns3:RunCadence>87</ns3:RunCadence>
              </ns3:TPX>
            </Extensions>
          </Trackpoint>
          <Trackpoint>
            <Time>2026-01-16T10:02:15.000Z</Time>
            <Position>
              <LatitudeDegrees>38.923182394355536</LatitudeDegrees>
              <LongitudeDegrees>-6.3634066097438335</LongitudeDegrees>
            </Position>
            <AltitudeMeters>207.8000030517578</AltitudeMeters>
            <DistanceMeters>3944.06005859375</DistanceMeters>
            <HeartRateBpm>
              <Value>159</Value>
            </HeartRateBpm>
            <Extensions>
              <ns3:TPX>
                <ns3:Speed>3.6480000019073486</ns3:Speed>
                <ns3:RunCadence>87</ns3:RunCadence>
              </ns3:TPX>
            </Extensions>
          </Trackpoint>
          <Trackpoint>
            <Time>2026-01-16T10:02:21.000Z</Time>
            <Position>
              <LatitudeDegrees>38.92306110821664</LatitudeDegrees>
              <LongitudeDegrees>-6.363215334713459</LongitudeDegrees>
            </Position>
            <AltitudeMeters>207.1999969482422</AltitudeMeters>
            <DistanceMeters>3965.429931640625</DistanceMeters>
            <HeartRateBpm>
              <Value>160</Value>
            </HeartRateBpm>
            <Extensions>
              <ns3:TPX>
                <ns3:Speed>3.6480000019073486</ns3:Speed>
                <ns3:RunCadence>85</ns3:RunCadence>
              </ns3:TPX>
            </Extensions>
          </Trackpoint>
          <Trackpoint>
            <Time>2026-01-16T10:02:23.000Z</Time>
            <Position>
              <LatitudeDegrees>38.92302196472883</LatitudeDegrees>
              <LongitudeDegrees>-6.363155571743846</LongitudeDegrees>
            </Position>
            <AltitudeMeters>207.0</AltitudeMeters>
            <DistanceMeters>3972.18994140625</DistanceMeters>
            <HeartRateBpm>
              <Value>161</Value>
            </HeartRateBpm>
            <Extensions>
              <ns3:TPX>
                <ns3:Speed>3.6480000019073486</ns3:Speed>
                <ns3:RunCadence>87</ns3:RunCadence>
              </ns3:TPX>
            </Extensions>
          </Trackpoint>
          <Trackpoint>
            <Time>2026-01-16T10:02:29.000Z</Time>
            <Position>
              <LatitudeDegrees>38.92290646210313</LatitudeDegrees>
              <LongitudeDegrees>-6.362970918416977</LongitudeDegrees>
            </Position>
            <AltitudeMeters>206.60000610351562</AltitudeMeters>
            <DistanceMeters>3992.72998046875</DistanceMeters>
            <HeartRateBpm>
              <Value>162</Value>
            </HeartRateBpm>
            <Extensions>
              <ns3:TPX>
                <ns3:Speed>3.630000114440918</ns3:Speed>
                <ns3:RunCadence>86</ns3:RunCadence>
              </ns3:TPX>
            </Extensions>
          </Trackpoint>
          <Trackpoint>
            <Time>2026-01-16T10:02:32.000Z</Time>
            <Position>
              <LatitudeDegrees>38.922851057723165</LatitudeDegrees>
              <LongitudeDegrees>-6.362886345013976</LongitudeDegrees>
            </Position>
            <AltitudeMeters>206.0</AltitudeMeters>
            <DistanceMeters>4002.2900390625</DistanceMeters>
            <HeartRateBpm>
              <Value>162</Value>
            </HeartRateBpm>
            <Extensions>
              <ns3:TPX>
                <ns3:Speed>3.6110000610351562</ns3:Speed>
                <ns3:RunCadence>86</ns3:RunCadence>
              </ns3:TPX>
            </Extensions>
          </Trackpoint>
        </Track>
        <Extensions>
          <ns3:LX>
            <ns3:AvgSpeed>3.5030000209808354</ns3:AvgSpeed>
            <ns3:AvgRunCadence>85</ns3:AvgRunCadence>
            <ns3:MaxRunCadence>90</ns3:MaxRunCadence>
          </ns3:LX>
        </Extensions>
      </Lap>
      <Creator xsi:type="Device_t">
        <Name>Forerunner 55</Name>
        <UnitId>3511864987</UnitId>
        <ProductID>3869</ProductID>
        <Version>
          <VersionMajor>11</VersionMajor>
          <VersionMinor>3</VersionMinor>
          <BuildMajor>0</BuildMajor>
          <BuildMinor>0</BuildMinor>
        </Version>
      </Creator>
    </Activity>
  </Activities>
  <Author xsi:type="Application_t">
    <Name>Connect Api</Name>
    <Build>
      <Version>
        <VersionMajor>25</VersionMajor>
        <VersionMinor>24</VersionMinor>
        <BuildMajor>0</BuildMajor>
        <BuildMinor>0</BuildMinor>
      </Version>
    </Build>
    <LangID>en</LangID>
    <PartNumber>006-D2449-00</PartNumber>
  </Author>
</TrainingCenterDatabase>
